date,ruonia_rate_pct,volume_blnrub,deals_count,participants_count,min_rate_pct,p25_rate_pct,p75_rate_pct,max_rate_pct,status,publish_date
2014-01-09,5.51,105.45,,,,,,,—,
2014-01-10,5.84,72.94,,,,,,,—,
2014-01-13,6.31,73.21,,,,,,,—,
2014-01-14,5.69,96.95,,,,,,,—,
2014-01-15,5.6,92.55,,,,,,,—,
2014-01-16,5.68,55.8,,,,,,,—,
2014-01-17,5.94,57.3,,,,,,,—,
2014-01-20,6.03,66.26,,,,,,,—,
2014-01-21,6.18,77.37,,,,,,,—,
2014-01-22,6.32,63.9,,,,,,,—,
2014-01-23,6.19,70.59,,,,,,,—,
2014-01-24,6.1,99.13,,,,,,,—,
2014-01-27,6.29,82.74,,,,,,,—,
2014-01-28,6.23,100.7,,,,,,,—,
2014-01-29,6.27,117.49,,,,,,,—,
2014-01-30,6.33,62.03,,,,,,,—,
2014-01-31,6.29,105.3,,,,,,,—,
2014-02-03,6.27,97.47,,,,,,,—,
2014-02-04,6.22,80.08,,,,,,,—,
2014-02-05,5.83,87.36,,,,,,,—,
2014-02-06,5.56,111.73,,,,,,,—,
2014-02-07,4.87,135.38,,,,,,,—,
2014-02-10,5.5,77.4,,,,,,,—,
2014-02-11,6.07,60.42,,,,,,,—,
2014-02-12,5.87,74.17,,,,,,,—,
2014-02-13,5.56,47.1,,,,,,,—,
2014-02-14,5.83,44.0,,,,,,,—,
2014-02-17,6.14,59.96,,,,,,,—,
2014-02-18,6.07,49.55,,,,,,,—,
2014-02-19,6.0,73.33,,,,,,,—,
2014-02-20,6.02,48.65,,,,,,,—,
2014-02-21,6.25,44.58,,,,,,,—,
2014-02-24,5.99,59.33,,,,,,,—,
2014-02-25,6.38,45.22,,,,,,,—,
2014-02-26,6.29,68.1,,,,,,,—,
2014-02-27,6.23,55.78,,,,,,,—,
2014-02-28,6.32,81.2,,,,,,,—,
2014-03-03,7.44,57.63,,,,,,,—,
2014-03-04,7.7,59.89,,,,,,,—,
2014-03-05,7.7,70.46,,,,,,,—,
2014-03-06,7.68,62.83,,,,,,,—,
2014-03-07,7.64,49.6,,,,,,,—,
2014-03-11,7.94,46.3,,,,,,,—,
2014-03-12,7.95,64.37,,,,,,,—,
2014-03-13,7.93,52.69,,,,,,,—,
2014-03-14,7.53,134.6,,,,,,,—,
2014-03-17,7.6,102.84,,,,,,,—,
2014-03-18,7.77,91.96,,,,,,,—,
2014-03-19,7.84,68.71,,,,,,,—,
2014-03-20,7.94,64.04,,,,,,,—,
2014-03-21,7.92,33.28,,,,,,,—,
2014-03-24,7.84,121.22,,,,,,,—,
2014-03-25,8.03,47.69,,,,,,,—,
2014-03-26,7.97,68.28,,,,,,,—,
2014-03-27,8.0,61.95,,,,,,,—,
2014-03-28,8.04,88.18,,,,,,,—,
2014-03-31,8.15,53.56,,,,,,,—,
2014-04-01,7.95,77.31,,,,,,,—,
2014-04-02,7.75,96.83,,,,,,,—,
2014-04-03,7.76,86.16,,,,,,,—,
2014-04-04,7.66,109.13,,,,,,,—,
2014-04-07,7.67,121.21,,,,,,,—,
2014-04-08,7.64,105.88,,,,,,,—,
2014-04-09,6.5,51.2,,,,,,,—,
2014-04-10,7.34,68.01,,,,,,,—,
2014-04-11,7.58,77.63,,,,,,,—,
2014-04-14,7.76,59.99,,,,,,,—,
2014-04-15,7.78,86.54,,,,,,,—,
2014-04-16,7.76,49.97,,,,,,,—,
2014-04-17,7.8,85.41,,,,,,,—,
2014-04-18,7.84,82.71,,,,,,,—,
2014-04-21,7.9,63.98,,,,,,,—,
2014-04-22,7.85,75.89,,,,,,,—,
2014-04-23,7.88,64.64,,,,,,,—,
2014-04-24,7.84,101.0,,,,,,,—,
2014-04-25,8.09,86.52,,,,,,,—,
2014-04-28,8.48,78.37,,,,,,,—,
2014-04-29,8.55,78.46,,,,,,,—,
2014-04-30,8.69,95.68,,,,,,,—,
2014-05-05,8.47,78.89,,,,,,,—,
2014-05-06,8.46,71.84,,,,,,,—,
2014-05-07,7.98,53.67,,,,,,,—,
2014-05-08,7.03,86.35,,,,,,,—,
2014-05-12,8.32,98.3,,,,,,,—,
2014-05-13,8.24,82.05,,,,,,,—,
2014-05-14,8.2,75.67,,,,,,,—,
2014-05-15,8.27,52.38,,,,,,,—,
2014-05-16,8.36,63.95,,,,,,,—,
2014-05-19,8.42,65.05,,,,,,,—,
2014-05-20,8.46,63.2,,,,,,,—,
2014-05-21,8.3,28.64,,,,,,,—,
2014-05-22,8.25,52.69,,,,,,,—,
2014-05-23,7.55,150.27,,,,,,,—,
2014-05-26,8.11,140.25,,,,,,,—,
2014-05-27,7.94,135.98,,,,,,,—,
2014-05-28,8.08,132.99,,,,,,,—,
2014-05-29,8.27,85.2,,,,,,,—,
2014-05-30,8.19,125.27,,,,,,,—,
2014-06-02,7.68,148.64,,,,,,,—,
2014-06-03,7.35,114.72,,,,,,,—,
2014-06-04,7.56,95.87,,,,,,,—,
2014-06-05,7.82,38.89,,,,,,,—,
2014-06-06,7.96,66.5,,,,,,,—,
2014-06-09,8.41,39.3,,,,,,,—,
2014-06-10,8.35,52.44,,,,,,,—,
2014-06-11,8.35,52.28,,,,,,,—,
2014-06-16,8.4,67.34,,,,,,,—,
2014-06-17,8.38,49.47,,,,,,,—,
2014-06-18,8.34,39.78,,,,,,,—,
2014-06-19,8.21,50.22,,,,,,,—,
2014-06-20,8.29,61.57,,,,,,,—,
2014-06-23,8.21,42.95,,,,,,,—,
2014-06-24,8.2,69.47,,,,,,,—,
2014-06-25,8.47,44.69,,,,,,,—,
2014-06-26,8.45,42.8,,,,,,,—,
2014-06-27,8.4,74.64,,,,,,,—,
2014-06-30,8.63,56.55,,,,,,,—,
2014-07-01,8.17,146.55,,,,,,,—,
2014-07-02,7.96,108.9,,,,,,,—,
2014-07-03,7.36,123.93,,,,,,,—,
2014-07-04,7.24,147.59,,,,,,,—,
2014-07-07,7.73,128.32,,,,,,,—,
2014-07-08,7.47,93.8,,,,,,,—,
2014-07-09,6.87,117.2,,,,,,,—,
2014-07-10,7.94,112.37,,,,,,,—,
2014-07-11,8.35,74.25,,,,,,,—,
2014-07-14,8.36,74.64,,,,,,,—,
2014-07-15,8.5,91.35,,,,,,,—,
2014-07-16,8.2,72.4,,,,,,,—,
2014-07-17,8.12,94.38,,,,,,,—,
2014-07-18,8.41,76.58,,,,,,,—,
2014-07-21,8.6,91.05,,,,,,,—,
2014-07-22,8.41,72.3,,,,,,,—,
2014-07-23,8.23,53.27,,,,,,,—,
2014-07-24,8.05,81.65,,,,,,,—,
2014-07-25,8.39,66.05,,,,,,,—,
2014-07-28,8.96,70.5,,,,,,,—,
2014-07-29,8.77,33.9,,,,,,,—,
2014-07-30,8.64,95.25,,,,,,,—,
2014-07-31,8.1,89.8,,,,,,,—,
2014-08-01,7.46,53.2,,,,,,,—,
2014-08-04,7.26,49.15,,,,,,,—,
2014-08-05,7.24,48.45,,,,,,,—,
2014-08-06,7.39,71.8,,,,,,,—,
2014-08-07,7.33,58.0,,,,,,,—,
2014-08-08,7.46,69.75,,,,,,,—,
2014-08-11,8.24,74.45,,,,,,,—,
2014-08-12,8.12,120.35,,,,,,,—,
2014-08-13,7.82,146.32,,,,,,,—,
2014-08-14,7.48,140.9,,,,,,,—,
2014-08-15,7.43,153.59,,,,,,,—,
2014-08-18,7.89,131.1,,,,,,,—,
2014-08-19,8.36,128.95,,,,,,,—,
2014-08-20,8.2,148.25,,,,,,,—,
2014-08-21,8.01,172.1,,,,,,,—,
2014-08-22,8.09,139.52,,,,,,,—,
2014-08-25,8.38,147.79,,,,,,,—,
2014-08-26,8.36,149.04,,,,,,,—,
2014-08-27,8.18,213.72,,,,,,,—,
2014-08-28,8.08,234.18,,,,,,,—,
2014-08-29,8.11,176.17,,,,,,,—,
2014-09-01,8.13,240.85,,,,,,,—,
2014-09-02,8.02,223.4,,,,,,,—,
2014-09-03,7.78,291.2,,,,,,,—,
2014-09-04,7.56,240.1,,,,,,,—,
2014-09-05,7.41,143.58,,,,,,,—,
2014-09-08,7.26,140.29,,,,,,,—,
2014-09-09,7.25,122.02,,,,,,,—,
2014-09-10,7.73,148.65,,,,,,,—,
2014-09-11,7.98,163.09,,,,,,,—,
2014-09-12,8.1,153.33,,,,,,,—,
2014-09-15,8.19,116.84,,,,,,,—,
2014-09-16,8.57,176.96,,,,,,,—,
2014-09-17,8.84,163.35,,,,,,,—,
2014-09-18,8.16,98.9,,,,,,,—,
2014-09-19,7.91,177.9,,,,,,,—,
2014-09-22,8.12,146.86,,,,,,,—,
2014-09-23,7.96,170.55,,,,,,,—,
2014-09-24,7.83,178.57,,,,,,,—,
2014-09-25,7.95,136.2,,,,,,,—,
2014-09-26,8.03,127.12,,,,,,,—,
2014-09-29,7.91,206.88,,,,,,,—,
2014-09-30,8.08,133.41,,,,,,,—,
2014-10-01,7.9,200.8,,,,,,,—,
2014-10-02,7.71,181.44,,,,,,,—,
2014-10-03,7.3,134.3,,,,,,,—,
2014-10-06,7.23,119.7,,,,,,,—,
2014-10-07,7.25,137.16,,,,,,,—,
2014-10-08,7.41,145.28,,,,,,,—,
2014-10-09,7.5,182.77,,,,,,,—,
2014-10-10,8.04,188.46,,,,,,,—,
2014-10-13,8.15,186.1,,,,,,,—,
2014-10-14,8.45,180.35,,,,,,,—,
2014-10-15,8.53,192.09,,,,,,,—,
2014-10-16,8.59,207.0,,,,,,,—,
2014-10-17,8.42,186.1,,,,,,,—,
2014-10-20,8.64,245.18,,,,,,,—,
2014-10-21,8.62,210.69,,,,,,,—,
2014-10-22,8.44,113.69,,,,,,,—,
2014-10-23,8.63,167.79,,,,,,,—,
2014-10-24,8.55,195.09,,,,,,,—,
2014-10-27,8.64,130.24,,,,,,,—,
2014-10-28,8.73,138.23,,,,,,,—,
2014-10-29,8.77,154.04,,,,,,,—,
2014-10-30,8.73,105.79,,,,,,,—,
2014-10-31,9.06,162.72,,,,,,,—,
2014-11-05,10.39,187.91,,,,,,,—,
2014-11-06,10.22,210.32,,,,,,,—,
2014-11-07,9.82,177.35,,,,,,,—,
2014-11-10,10.02,181.94,,,,,,,—,
2014-11-11,9.86,144.68,,,,,,,—,
2014-11-12,10.18,208.85,,,,,,,—,
2014-11-13,9.9,180.46,,,,,,,—,
2014-11-14,9.69,195.08,,,,,,,—,
2014-11-17,9.94,190.85,,,,,,,—,
2014-11-18,9.89,160.58,,,,,,,—,
2014-11-19,10.03,141.27,,,,,,,—,
2014-11-20,10.22,105.4,,,,,,,—,
2014-11-21,10.6,172.36,,,,,,,—,
2014-11-24,10.66,193.19,,,,,,,—,
2014-11-25,10.93,202.08,,,,,,,—,
2014-11-26,10.57,156.2,,,,,,,—,
2014-11-27,10.46,166.33,,,,,,,—,
2014-11-28,10.69,172.34,,,,,,,—,
2014-12-01,10.33,272.2,,,,,,,—,
2014-12-02,9.88,236.45,,,,,,,—,
2014-12-03,9.42,256.9,,,,,,,—,
2014-12-04,9.41,227.53,,,,,,,—,
2014-12-05,9.73,233.22,,,,,,,—,
2014-12-08,10.18,243.25,,,,,,,—,
2014-12-09,10.33,259.86,,,,,,,—,
2014-12-10,10.64,294.2,,,,,,,—,
2014-12-11,11.5,273.01,,,,,,,—,
2014-12-12,11.62,219.65,,,,,,,—,
2014-12-15,11.84,217.83,,,,,,,—,
2014-12-16,18.69,122.95,,,,,,,—,
2014-12-17,23.62,160.55,,,,,,,—,
2014-12-18,28.65,186.61,,,,,,,—,
2014-12-19,24.3,282.92,,,,,,,—,
2014-12-22,23.36,215.6,,,,,,,—,
2014-12-23,19.93,239.55,,,,,,,—,
2014-12-24,18.37,157.15,,,,,,,—,
2014-12-25,16.75,98.03,,,,,,,—,
2014-12-26,16.97,170.1,,,,,,,—,
2014-12-29,16.96,223.8,,,,,,,—,
2014-12-30,17.39,93.2,,,,,,,—,
2015-01-12,17.55,234.6,,,,,,,—,
2015-01-13,17.19,216.75,,,,,,,—,
2015-01-14,17.07,193.45,,,,,,,—,
2015-01-15,17.1,213.13,,,,,,,—,
2015-01-16,16.93,249.75,,,,,,,—,
2015-01-19,16.96,262.5,,,,,,,—,
2015-01-20,16.97,183.1,,,,,,,—,
2015-01-21,16.91,132.75,,,,,,,—,
2015-01-22,16.85,133.16,,,,,,,—,
2015-01-23,16.81,121.49,,,,,,,—,
2015-01-26,16.86,139.47,,,,,,,—,
2015-01-27,16.97,149.3,,,,,,,—,
2015-01-28,16.8,134.52,,,,,,,—,
2015-01-29,16.74,137.9,,,,,,,—,
2015-01-30,16.63,169.7,,,,,,,—,
2015-02-02,14.95,142.28,,,,,,,—,
2015-02-03,14.85,238.6,,,,,,,—,
2015-02-04,14.82,268.7,,,,,,,—,
2015-02-05,14.59,167.41,,,,,,,—,
2015-02-06,14.58,146.56,,,,,,,—,
2015-02-09,14.85,193.06,,,,,,,—,
2015-02-10,15.47,106.91,,,,,,,—,
2015-02-11,15.34,241.05,,,,,,,—,
2015-02-12,15.24,274.6,,,,,,,—,
2015-02-13,15.23,233.17,,,,,,,—,
2015-02-16,15.15,118.38,,,,,,,—,
2015-02-17,15.42,134.75,,,,,,,—,
2015-02-18,14.98,111.65,,,,,,,—,
2015-02-19,15.0,103.2,,,,,,,—,
2015-02-20,15.01,88.25,,,,,,,—,
2015-02-24,14.99,74.15,,,,,,,—,
2015-02-25,15.47,87.66,,,,,,,—,
2015-02-26,15.54,86.55,,,,,,,—,
2015-02-27,15.49,62.15,,,,,,,—,
2015-03-02,15.7,104.18,,,,,,,—,
2015-03-03,15.5,51.97,,,,,,,—,
2015-03-04,15.59,102.12,,,,,,,—,
2015-03-05,15.49,37.55,,,,,,,—,
2015-03-06,14.56,46.45,,,,,,,—,
2015-03-10,15.5,97.15,,,,,,,—,
2015-03-11,15.18,48.6,,,,,,,—,
2015-03-12,14.71,59.45,,,,,,,—,
2015-03-13,14.33,63.35,,,,,,,—,
2015-03-16,14.05,86.45,,,,,,,—,
2015-03-17,14.34,79.6,,,,,,,—,
2015-03-18,14.76,119.64,,,,,,,—,
2015-03-19,14.75,119.14,,,,,,,—,
2015-03-20,14.51,146.73,,,,,,,—,
2015-03-23,14.45,100.5,,,,,,,—,
2015-03-24,14.5,71.45,,,,,,,—,
2015-03-25,14.7,119.0,,,,,,,—,
2015-03-26,14.69,57.18,,,,,,,—,
2015-03-27,14.73,130.4,,,,,,,—,
2015-03-30,14.63,48.95,,,,,,,—,
2015-03-31,14.66,71.4,,,,,,,—,
2015-04-01,14.27,116.24,,,,,,,—,
2015-04-02,14.26,75.46,,,,,,,—,
2015-04-03,14.16,126.41,,,,,,,—,
2015-04-06,14.01,101.15,,,,,,,—,
2015-04-07,13.75,104.05,,,,,,,—,
2015-04-08,13.73,125.8,,,,,,,—,
2015-04-09,13.55,93.71,,,,,,,—,
2015-04-10,14.24,68.05,,,,,,,—,
2015-04-13,14.71,59.7,,,,,,,—,
2015-04-14,14.74,112.8,,,,,,,—,
2015-04-15,14.77,71.85,,,,,,,—,
2015-04-16,14.85,93.25,,,,,,,—,
2015-04-17,14.78,82.27,,,,,,,—,
2015-04-20,14.99,76.7,,,,,,,—,
2015-04-21,14.97,136.24,,,,,,,—,
2015-04-22,14.47,90.69,,,,,,,—,
2015-04-23,13.51,80.53,,,,,,,—,
2015-04-24,14.0,178.15,,,,,,,—,
2015-04-27,14.6,107.3,,,,,,,—,
2015-04-28,14.57,71.42,,,,,,,—,
2015-04-29,14.8,86.91,,,,,,,—,
2015-04-30,14.45,122.19,,,,,,,—,
2015-05-05,13.11,127.47,,,,,,,—,
2015-05-06,12.81,137.54,,,,,,,—,
2015-05-07,12.21,72.62,,,,,,,—,
2015-05-08,11.74,68.2,,,,,,,—,
2015-05-12,12.79,39.27,,,,,,,—,
2015-05-13,13.08,55.6,,,,,,,—,
2015-05-14,13.15,77.24,,,,,,,—,
2015-05-15,13.23,50.3,,,,,,,—,
2015-05-18,13.27,44.75,,,,,,,—,
2015-05-19,13.19,36.6,,,,,,,—,
2015-05-20,12.43,69.25,,,,,,,—,
2015-05-21,12.01,72.63,,,,,,,—,
2015-05-22,12.26,81.83,,,,,,,—,
2015-05-25,12.78,83.11,,,,,,,—,
2015-05-26,13.03,60.84,,,,,,,—,
2015-05-27,13.03,64.04,,,,,,,—,
2015-05-28,12.99,107.16,,,,,,,—,
2015-05-29,13.19,151.7,,,,,,,—,
2015-06-01,12.8,71.57,,,,,,,—,
2015-06-02,12.52,109.0,,,,,,,—,
2015-06-03,12.74,75.47,,,,,,,—,
2015-06-04,13.25,51.55,,,,,,,—,
2015-06-05,13.06,36.9,,,,,,,—,
2015-06-08,13.1,55.02,,,,,,,—,
2015-06-09,13.12,46.1,,,,,,,—,
2015-06-10,13.03,123.52,,,,,,,—,
2015-06-11,12.69,135.97,,,,,,,—,
2015-06-15,12.75,97.47,,,,,,,—,
2015-06-16,12.06,70.8,,,,,,,—,
2015-06-17,12.17,66.3,,,,,,,—,
2015-06-18,12.18,71.0,,,,,,,—,
2015-06-19,12.03,63.6,,,,,,,—,
2015-06-22,12.05,25.9,,,,,,,—,
2015-06-23,11.99,53.45,,,,,,,—,
2015-06-24,11.86,65.8,,,,,,,—,
2015-06-25,12.12,59.08,,,,,,,—,
2015-06-26,12.26,23.05,,,,,,,—,
2015-06-29,12.3,35.8,,,,,,,—,
2015-06-30,12.4,88.8,,,,,,,—,
2015-07-01,12.13,41.9,,,,,,,—,
2015-07-02,11.84,78.38,,,,,,,—,
2015-07-03,11.39,67.53,,,,,,,—,
2015-07-06,10.91,76.7,,,,,,,—,
2015-07-07,10.65,35.6,,,,,,,—,
2015-07-08,10.59,42.25,,,,,,,—,
2015-07-09,10.73,56.76,,,,,,,—,
2015-07-10,11.54,76.15,,,,,,,—,
2015-07-13,11.93,96.5,,,,,,,—,
2015-07-14,11.92,92.32,,,,,,,—,
2015-07-15,12.04,102.48,,,,,,,—,
2015-07-16,12.14,80.3,,,,,,,—,
2015-07-17,12.25,91.5,,,,,,,—,
2015-07-20,12.14,84.5,,,,,,,—,
2015-07-21,12.17,108.85,,,,,,,—,
2015-07-22,11.53,112.5,,,,,,,—,
2015-07-23,10.95,71.3,,,,,,,—,
2015-07-24,10.97,106.8,,,,,,,—,
2015-07-27,11.55,67.96,,,,,,,—,
2015-07-28,11.56,115.39,,,,,,,—,
2015-07-29,11.22,133.34,,,,,,,—,
2015-07-30,10.97,72.25,,,,,,,—,
2015-07-31,11.19,105.95,,,,,,,—,
2015-08-03,10.45,71.85,,,,,,,—,
2015-08-04,10.17,104.5,,,,,,,—,
2015-08-05,10.16,119.15,,,,,,,—,
2015-08-06,10.21,114.2,,,,,,,—,
2015-08-07,10.3,51.87,,,,,,,—,
2015-08-10,10.45,118.07,,,,,,,—,
2015-08-11,10.59,107.7,,,,,,,—,
2015-08-12,10.59,111.84,,,,,,,—,
2015-08-13,10.88,109.2,,,,,,,—,
2015-08-14,11.17,95.87,,,,,,,—,
2015-08-17,11.1,93.92,,,,,,,—,
2015-08-18,11.18,138.07,,,,,,,—,
2015-08-19,11.08,102.2,,,,,,,—,
2015-08-20,11.01,93.9,,,,,,,—,
2015-08-21,10.99,94.85,,,,,,,—,
2015-08-24,11.0,109.1,,,,,,,—,
2015-08-25,11.11,65.93,,,,,,,—,
2015-08-26,11.21,84.4,,,,,,,—,
2015-08-27,11.21,99.32,,,,,,,—,
2015-08-28,11.06,116.4,,,,,,,—,
2015-08-31,11.04,73.35,,,,,,,—,
2015-09-01,10.91,161.77,,,,,,,—,
2015-09-02,10.58,142.82,,,,,,,—,
2015-09-03,10.64,110.99,,,,,,,—,
2015-09-04,10.6,143.11,,,,,,,—,
2015-09-07,10.4,157.84,,,,,,,—,
2015-09-08,10.4,122.84,,,,,,,—,
2015-09-09,10.39,61.6,,,,,,,—,
2015-09-10,10.5,96.87,,,,,,,—,
2015-09-11,11.03,124.05,,,,,,,—,
2015-09-14,11.57,73.4,,,,,,,—,
2015-09-15,11.68,105.25,,,,,,,—,
2015-09-16,11.62,214.05,,,,,,,—,
2015-09-17,11.42,106.2,,,,,,,—,
2015-09-18,11.4,112.15,,,,,,,—,
2015-09-21,11.54,106.65,,,,,,,—,
2015-09-22,11.61,143.75,,,,,,,—,
2015-09-23,11.13,127.55,,,,,,,—,
2015-09-24,11.01,87.4,,,,,,,—,
2015-09-25,11.45,97.27,,,,,,,—,
2015-09-28,11.43,53.65,,,,,,,—,
2015-09-29,11.38,75.93,,,,,,,—,
2015-09-30,11.45,110.88,,,,,,,—,
2015-10-01,11.26,77.18,,,,,,,—,
2015-10-02,11.41,124.4,,,,,,,—,
2015-10-05,10.8,121.56,,,,,,,—,
2015-10-06,10.3,128.43,,,,,,,—,
2015-10-07,10.3,113.88,,,,,,,—,
2015-10-08,10.48,143.94,,,,,,,—,
2015-10-09,10.46,126.25,,,,,,,—,
2015-10-12,11.01,156.11,,,,,,,—,
2015-10-13,11.38,132.52,,,,,,,—,
2015-10-14,11.39,164.82,,,,,,,—,
2015-10-15,11.33,181.3,,,,,,,—,
2015-10-16,11.47,141.45,,,,,,,—,
2015-10-19,11.34,141.4,,,,,,,—,
2015-10-20,11.35,100.25,,,,,,,—,
2015-10-21,11.38,135.65,,,,,,,—,
2015-10-22,11.36,148.95,,,,,,,—,
2015-10-23,11.4,111.95,,,,,,,—,
2015-10-26,11.5,78.63,,,,,,,—,
2015-10-27,11.35,49.5,,,,,,,—,
2015-10-28,11.42,77.3,,,,,,,—,
2015-10-29,11.42,94.7,,,,,,,—,
2015-10-30,11.46,115.85,,,,,,,—,
2015-11-02,11.33,135.07,,,,,,,—,
2015-11-03,11.32,102.65,,,,,,,—,
2015-11-05,11.25,93.49,,,,,,,—,
2015-11-06,11.39,131.57,,,,,,,—,
2015-11-09,10.88,144.49,,,,,,,—,
2015-11-10,11.43,159.9,,,,,,,—,
2015-11-11,11.32,88.87,,,,,,,—,
2015-11-12,11.6,130.2,,,,,,,—,
2015-11-13,11.55,162.25,,,,,,,—,
2015-11-16,11.62,103.87,,,,,,,—,
2015-11-17,11.68,188.0,,,,,,,—,
2015-11-18,11.68,183.42,,,,,,,—,
2015-11-19,11.67,140.22,,,,,,,—,
2015-11-20,11.64,159.52,,,,,,,—,
2015-11-23,11.5,211.29,,,,,,,—,
2015-11-24,11.61,212.72,,,,,,,—,
2015-11-25,11.19,113.16,,,,,,,—,
2015-11-26,11.48,178.32,,,,,,,—,
2015-11-27,11.45,167.05,,,,,,,—,
2015-11-30,11.32,142.17,,,,,,,—,
2015-12-01,11.19,290.36,,,,,,,—,
2015-12-02,11.11,212.1,,,,,,,—,
2015-12-03,10.92,235.11,,,,,,,—,
2015-12-04,11.0,213.31,,,,,,,—,
2015-12-07,11.56,124.06,,,,,,,—,
2015-12-08,11.78,122.39,,,,,,,—,
2015-12-09,11.3,163.15,,,,,,,—,
2015-12-10,11.64,218.49,,,,,,,—,
2015-12-11,11.54,212.65,,,,,,,—,
2015-12-14,11.54,258.9,,,,,,,—,
2015-12-15,11.46,261.28,,,,,,,—,
2015-12-16,11.17,198.27,,,,,,,—,
2015-12-17,11.34,276.03,,,,,,,—,
2015-12-18,11.29,204.68,,,,,,,—,
2015-12-21,11.2,275.23,,,,,,,—,
2015-12-22,11.06,240.63,,,,,,,—,
2015-12-23,10.99,300.43,,,,,,,—,
2015-12-24,10.83,199.13,,,,,,,—,
2015-12-25,11.08,209.9,,,,,,,—,
2015-12-28,10.95,197.71,,,,,,,—,
2015-12-29,11.01,155.97,,,,,,,—,
2015-12-30,10.52,7.65,,,,,,,—,
2016-01-11,10.85,167.85,,,,,,,—,
2016-01-12,10.95,311.25,,,,,,,—,
2016-01-13,11.01,174.12,,,,,,,—,
2016-01-14,11.06,190.17,,,,,,,—,
2016-01-15,11.02,202.11,,,,,,,—,
2016-01-18,11.09,246.71,,,,,,,—,
2016-01-19,11.08,303.28,,,,,,,—,
2016-01-20,11.1,254.72,,,,,,,—,
2016-01-21,11.03,259.3,,,,,,,—,
2016-01-22,11.06,332.35,,,,,,,—,
2016-01-25,11.17,252.83,,,,,,,—,
2016-01-26,11.12,254.75,,,,,,,—,
2016-01-27,11.2,148.83,,,,,,,—,
2016-01-28,11.11,131.95,,,,,,,—,
2016-01-29,11.07,156.68,,,,,,,—,
2016-02-01,10.88,161.33,,,,,,,—,
2016-02-02,10.72,165.23,,,,,,,—,
2016-02-03,10.99,202.88,,,,,,,—,
2016-02-04,11.01,148.41,,,,,,,—,
2016-02-05,10.8,152.63,,,,,,,—,
2016-02-08,10.62,113.68,,,,,,,—,
2016-02-09,10.62,91.53,,,,,,,—,
2016-02-10,10.82,161.13,,,,,,,—,
2016-02-11,10.71,139.85,,,,,,,—,
2016-02-12,10.66,192.9,,,,,,,—,
2016-02-15,10.7,169.58,,,,,,,—,
2016-02-16,10.88,175.67,,,,,,,—,
2016-02-17,11.16,171.11,,,,,,,—,
2016-02-18,10.98,192.51,,,,,,,—,
2016-02-19,11.03,151.0,,,,,,,—,
2016-02-20,10.87,188.6,,,,,,,—,
2016-02-24,11.0,186.22,,,,,,,—,
2016-02-25,11.05,219.15,,,,,,,—,
2016-02-26,11.13,214.15,,,,,,,—,
2016-02-29,10.93,117.74,,,,,,,—,
2016-03-01,10.93,221.76,,,,,,,—,
2016-03-02,10.9,170.67,,,,,,,—,
2016-03-03,11.05,179.94,,,,,,,—,
2016-03-04,10.79,276.51,,,,,,,—,
2016-03-09,10.91,260.25,,,,,,,—,
2016-03-10,10.86,215.0,,,,,,,—,
2016-03-11,10.83,215.57,,,,,,,—,
2016-03-14,11.07,150.46,,,,,,,—,
2016-03-15,11.1,185.87,,,,,,,—,
2016-03-16,10.89,183.87,,,,,,,—,
2016-03-17,10.91,236.79,,,,,,,—,
2016-03-18,10.7,191.58,,,,,,,—,
2016-03-21,10.65,132.23,,,,,,,—,
2016-03-22,10.56,163.33,,,,,,,—,
2016-03-23,10.54,126.08,,,,,,,—,
2016-03-24,10.79,278.31,,,,,,,—,
2016-03-25,11.13,189.36,,,,,,,—,
2016-03-28,11.31,147.71,,,,,,,—,
2016-03-29,11.16,144.6,,,,,,,—,
2016-03-30,11.22,138.65,,,,,,,—,
2016-03-31,11.29,170.1,,,,,,,—,
2016-04-01,10.95,201.03,,,,,,,—,
2016-04-04,10.46,120.79,,,,,,,—,
2016-04-05,10.45,44.07,,,,,,,—,
2016-04-06,10.71,119.81,,,,,,,—,
2016-04-07,10.83,123.73,,,,,,,—,
2016-04-08,10.9,56.14,,,,,,,—,
2016-04-11,10.75,93.02,,,,,,,—,
2016-04-12,10.71,87.71,,,,,,,—,
2016-04-13,10.63,87.7,,,,,,,—,
2016-04-14,10.76,141.7,,,,,,,—,
2016-04-15,10.94,162.18,,,,,,,—,
2016-04-18,11.02,89.75,,,,,,,—,
2016-04-19,11.0,136.3,,,,,,,—,
2016-04-20,10.57,124.22,,,,,,,—,
2016-04-21,10.32,136.6,,,,,,,—,
2016-04-22,10.31,129.2,,,,,,,—,
2016-04-25,10.65,71.44,,,,,,,—,
2016-04-26,10.53,67.05,,,,,,,—,
2016-04-27,10.54,67.4,,,,,,,—,
2016-04-28,10.84,142.53,,,,,,,—,
2016-04-29,11.09,85.49,,,,,,,—,
2016-05-04,11.04,80.21,,,,,,,—,
2016-05-05,10.96,82.5,,,,,,,—,
2016-05-06,10.45,112.5,,,,,,,—,
2016-05-10,10.28,55.88,,,,,,,—,
2016-05-11,10.38,131.85,,,,,,,—,
2016-05-12,11.0,127.07,,,,,,,—,
2016-05-13,11.1,110.94,,,,,,,—,
2016-05-16,11.42,145.85,,,,,,,—,
2016-05-17,11.05,127.0,,,,,,,—,
2016-05-18,11.11,120.19,,,,,,,—,
2016-05-19,11.15,123.65,,,,,,,—,
2016-05-20,11.24,143.83,,,,,,,—,
2016-05-23,11.23,102.75,,,,,,,—,
2016-05-24,11.32,92.45,,,,,,,—,
2016-05-25,11.32,72.79,,,,,,,—,
2016-05-26,11.28,118.38,,,,,,,—,
2016-05-27,11.31,111.95,,,,,,,—,
2016-05-30,11.3,81.0,,,,,,,—,
2016-05-31,11.24,132.2,,,,,,,—,
2016-06-01,11.24,115.2,,,,,,,—,
2016-06-02,11.24,116.5,,,,,,,—,
2016-06-03,11.07,85.2,,,,,,,—,
2016-06-06,10.81,109.37,,,,,,,—,
2016-06-07,10.66,104.65,,,,,,,—,
2016-06-08,10.95,100.74,,,,,,,—,
2016-06-09,10.76,116.88,,,,,,,—,
2016-06-10,10.65,84.98,,,,,,,—,
2016-06-14,10.32,145.16,,,,,,,—,
2016-06-15,10.51,95.05,,,,,,,—,
2016-06-16,10.36,61.38,,,,,,,—,
2016-06-17,10.33,105.17,,,,,,,—,
2016-06-20,10.42,129.69,,,,,,,—,
2016-06-21,10.26,154.14,,,,,,,—,
2016-06-22,10.27,110.55,,,,,,,—,
2016-06-23,10.14,140.26,,,,,,,—,
2016-06-24,9.95,170.76,,,,,,,—,
2016-06-27,10.43,136.58,,,,,,,—,
2016-06-28,10.48,126.68,,,,,,,—,
2016-06-29,10.38,126.27,,,,,,,—,
2016-06-30,10.41,148.27,,,,,,,—,
2016-07-01,10.18,159.96,,,,,,,—,
2016-07-04,9.93,162.82,,,,,,,—,
2016-07-05,9.97,116.77,,,,,,,—,
2016-07-06,10.16,139.44,,,,,,,—,
2016-07-07,10.27,145.58,,,,,,,—,
2016-07-08,10.3,111.05,,,,,,,—,
2016-07-11,10.2,130.79,,,,,,,—,
2016-07-12,10.31,132.89,,,,,,,—,
2016-07-13,10.37,138.34,,,,,,,—,
2016-07-14,10.31,129.25,,,,,,,—,
2016-07-15,10.17,219.27,,,,,,,—,
2016-07-18,10.44,158.0,,,,,,,—,
2016-07-19,10.38,196.87,,,,,,,—,
2016-07-20,10.37,95.29,,,,,,,—,
2016-07-21,10.41,117.67,,,,,,,—,
2016-07-22,10.08,86.22,,,,,,,—,
2016-07-25,10.3,83.25,,,,,,,—,
2016-07-26,10.47,151.3,,,,,,,—,
2016-07-27,10.37,128.3,,,,,,,—,
2016-07-28,10.46,178.65,,,,,,,—,
2016-07-29,10.34,134.75,,,,,,,—,
2016-08-01,10.17,197.6,,,,,,,—,
2016-08-02,9.97,127.4,,,,,,,—,
2016-08-03,10.33,168.05,,,,,,,—,
2016-08-04,10.33,156.9,,,,,,,—,
2016-08-05,10.36,187.15,,,,,,,—,
2016-08-08,10.37,165.0,,,,,,,—,
2016-08-09,10.39,181.9,,,,,,,—,
2016-08-10,10.38,238.05,,,,,,,—,
2016-08-11,10.37,197.09,,,,,,,—,
2016-08-12,10.39,191.48,,,,,,,—,
2016-08-15,10.33,161.95,,,,,,,—,
2016-08-16,10.35,170.9,,,,,,,—,
2016-08-17,10.28,135.55,,,,,,,—,
2016-08-18,10.35,139.7,,,,,,,—,
2016-08-19,10.28,157.23,,,,,,,—,
2016-08-22,10.3,165.45,,,,,,,—,
2016-08-23,10.2,129.15,,,,,,,—,
2016-08-24,10.07,116.09,,,,,,,—,
2016-08-25,10.28,124.45,,,,,,,—,
2016-08-26,10.35,142.38,,,,,,,—,
2016-08-29,10.29,136.1,,,,,,,—,
2016-08-30,10.26,152.93,,,,,,,—,
2016-08-31,10.3,125.5,,,,,,,—,
2016-09-01,10.25,132.6,,,,,,,—,
2016-09-02,10.28,130.64,,,,,,,—,
2016-09-05,10.31,136.84,,,,,,,—,
2016-09-06,10.31,186.29,,,,,,,—,
2016-09-07,10.21,176.15,,,,,,,—,
2016-09-08,10.25,181.93,,,,,,,—,
2016-09-09,10.26,184.13,,,,,,,—,
2016-09-12,10.4,167.65,,,,,,,—,
2016-09-13,10.38,177.1,,,,,,,—,
2016-09-14,10.5,147.52,,,,,,,—,
2016-09-15,10.65,109.89,,,,,,,—,
2016-09-16,10.62,122.98,,,,,,,—,
2016-09-19,10.18,207.68,,,,,,,—,
2016-09-20,10.17,130.72,,,,,,,—,
2016-09-21,9.8,166.55,,,,,,,—,
2016-09-22,9.71,250.93,,,,,,,—,
2016-09-23,9.66,263.9,,,,,,,—,
2016-09-26,9.98,187.0,,,,,,,—,
2016-09-27,10.01,236.39,,,,,,,—,
2016-09-28,10.28,138.94,,,,,,,—,
2016-09-29,10.5,142.74,,,,,,,—,
2016-09-30,10.55,174.26,,,,,,,—,
2016-10-03,9.98,232.55,,,,,,,—,
2016-10-04,10.21,205.39,,,,,,,—,
2016-10-05,10.18,153.59,,,,,,,—,
2016-10-06,10.27,142.5,,,,,,,—,
2016-10-07,10.32,176.54,,,,,,,—,
2016-10-10,10.46,158.36,,,,,,,—,
2016-10-11,10.5,165.91,,,,,,,—,
2016-10-12,10.43,199.75,,,,,,,—,
2016-10-13,10.5,139.74,,,,,,,—,
2016-10-14,10.47,187.35,,,,,,,—,
2016-10-17,10.44,168.55,,,,,,,—,
2016-10-18,10.45,153.65,,,,,,,—,
2016-10-19,10.47,171.22,,,,,,,—,
2016-10-20,10.35,165.79,,,,,,,—,
2016-10-21,10.33,180.8,,,,,,,—,
2016-10-24,10.17,143.72,,,,,,,—,
2016-10-25,10.32,121.43,,,,,,,—,
2016-10-26,10.17,97.07,,,,,,,—,
2016-10-27,10.16,105.22,,,,,,,—,
2016-10-28,10.23,94.87,,,,,,,—,
2016-10-31,10.36,104.7,,,,,,,—,
2016-11-01,10.04,123.35,,,,,,,—,
2016-11-02,9.75,85.33,,,,,,,—,
2016-11-03,9.5,92.2,,,,,,,—,
2016-11-07,9.22,93.4,,,,,,,—,
2016-11-08,9.37,52.15,,,,,,,—,
2016-11-09,10.01,124.64,,,,,,,—,
2016-11-10,10.05,127.92,,,,,,,—,
2016-11-11,10.03,123.7,,,,,,,—,
2016-11-14,10.2,194.47,,,,,,,—,
2016-11-15,10.18,141.47,,,,,,,—,
2016-11-16,10.09,148.3,,,,,,,—,
2016-11-17,10.14,134.05,,,,,,,—,
2016-11-18,10.1,192.53,,,,,,,—,
2016-11-21,10.19,144.73,,,,,,,—,
2016-11-22,10.08,169.73,,,,,,,—,
2016-11-23,9.97,234.25,,,,,,,—,
2016-11-24,10.1,170.35,,,,,,,—,
2016-11-25,10.21,116.35,,,,,,,—,
2016-11-28,10.41,126.1,,,,,,,—,
2016-11-29,10.17,86.35,,,,,,,—,
2016-11-30,10.09,92.4,,,,,,,—,
2016-12-01,9.98,180.7,,,,,,,—,
2016-12-02,10.16,133.9,,,,,,,—,
2016-12-05,10.22,131.14,,,,,,,—,
2016-12-06,10.13,131.85,,,,,,,—,
2016-12-07,10.13,98.4,,,,,,,—,
2016-12-08,10.19,139.5,,,,,,,—,
2016-12-09,10.21,171.84,,,,,,,—,
2016-12-12,10.16,148.45,,,,,,,—,
2016-12-13,10.18,187.35,,,,,,,—,
2016-12-14,10.17,146.36,,,,,,,—,
2016-12-15,10.04,201.4,,,,,,,—,
2016-12-16,9.98,189.8,,,,,,,—,
2016-12-19,10.12,214.2,,,,,,,—,
2016-12-20,10.14,147.8,,,,,,,—,
2016-12-21,10.14,201.05,,,,,,,—,
2016-12-22,10.18,223.45,,,,,,,—,
2016-12-23,10.08,202.95,,,,,,,—,
2016-12-26,10.25,197.4,,,,,,,—,
2016-12-27,10.36,142.6,,,,,,,—,
2016-12-28,10.47,184.85,,,,,,,—,
2016-12-29,10.5,147.2,,,,,,,—,
2017-01-09,10.13,242.45,,,,,,,—,
2017-01-10,9.93,288.0,,,,,,,—,
2017-01-11,9.97,165.5,,,,,,,—,
2017-01-12,9.93,129.57,,,,,,,—,
2017-01-13,10.06,114.31,,,,,,,—,
2017-01-16,10.22,139.55,,,,,,,—,
2017-01-17,10.21,149.0,,,,,,,—,
2017-01-18,10.26,195.75,,,,,,,—,
2017-01-19,10.19,171.77,,,,,,,—,
2017-01-20,10.1,111.8,,,,,,,—,
2017-01-23,9.82,75.01,,,,,,,—,
2017-01-24,9.82,79.24,,,,,,,—,
2017-01-25,10.23,123.31,,,,,,,—,
2017-01-26,10.38,111.0,,,,,,,—,
2017-01-27,10.33,79.48,,,,,,,—,
2017-01-30,10.27,92.63,,,,,,,—,
2017-01-31,10.24,108.98,,,,,,,—,
2017-02-01,10.24,162.12,,,,,,,—,
2017-02-02,10.13,145.15,,,,,,,—,
2017-02-03,9.96,108.15,,,,,,,—,
2017-02-06,9.77,121.98,,,,,,,—,
2017-02-07,9.9,86.47,,,,,,,—,
2017-02-08,10.24,90.67,,,,,,,—,
2017-02-09,10.25,95.94,,,,,,,—,
2017-02-10,10.3,90.29,,,,,,,—,
2017-02-13,10.21,57.18,,,,,,,—,
2017-02-14,10.18,80.45,,,,,,,—,
2017-02-15,10.45,102.45,,,,,,,—,
2017-02-16,10.39,67.3,,,,,,,—,
2017-02-17,10.32,86.32,,,,,,,—,
2017-02-20,10.15,60.89,,,,,,,—,
2017-02-21,10.17,125.97,,,,,,,—,
2017-02-22,10.08,175.63,,,,,,,—,
2017-02-27,10.15,125.92,,,,,,,—,
2017-02-28,10.0,161.18,,,,,,,—,
2017-03-01,9.99,190.19,,,,,,,—,
2017-03-02,9.85,169.34,,,,,,,—,
2017-03-03,9.74,134.97,,,,,,,—,
2017-03-06,9.68,160.8,,,,,,,—,
2017-03-07,9.53,215.59,,,,,,,—,
2017-03-09,9.94,80.77,,,,,,,—,
2017-03-10,9.92,78.56,,,,,,,—,
2017-03-13,9.91,95.6,,,,,,,—,
2017-03-14,10.02,78.67,,,,,,,—,
2017-03-15,10.02,90.05,,,,,,,—,
2017-03-16,9.94,118.26,,,,,,,—,
2017-03-17,9.94,83.52,,,,,,,—,
2017-03-20,10.02,155.04,,,,,,,—,
2017-03-21,10.0,159.71,,,,,,,—,
2017-03-22,9.95,179.83,,,,,,,—,
2017-03-23,9.98,94.54,,,,,,,—,
2017-03-24,9.74,124.3,,,,,,,—,
2017-03-27,9.77,138.37,,,,,,,—,
2017-03-28,9.8,76.82,,,,,,,—,
2017-03-29,10.0,77.05,,,,,,,—,
2017-03-30,10.03,115.36,,,,,,,—,
2017-03-31,9.82,137.84,,,,,,,—,
2017-04-03,9.88,135.64,,,,,,,—,
2017-04-04,9.71,126.08,,,,,,,—,
2017-04-05,9.35,109.26,,,,,,,—,
2017-04-06,9.29,158.9,,,,,,,—,
2017-04-07,9.3,114.41,,,,,,,—,
2017-04-10,9.38,125.61,,,,,,,—,
2017-04-11,9.23,100.97,,,,,,,—,
2017-04-12,9.57,186.03,,,,,,,—,
2017-04-13,9.54,157.1,,,,,,,—,
2017-04-14,9.62,157.77,,,,,,,—,
2017-04-17,9.61,147.21,,,,,,,—,
2017-04-18,9.57,124.19,,,,,,,—,
2017-04-19,9.58,118.24,,,,,,,—,
2017-04-20,9.61,122.44,,,,,,,—,
2017-04-21,9.55,105.72,,,,,,,—,
2017-04-24,9.52,139.91,,,,,,,—,
2017-04-25,9.77,132.4,,,,,,,—,
2017-04-26,9.61,92.64,,,,,,,—,
2017-04-27,9.59,128.89,,,,,,,—,
2017-04-28,9.71,92.13,,,,,,,—,
2017-05-02,9.11,153.92,,,,,,,—,
2017-05-03,9.4,147.52,,,,,,,—,
2017-05-04,9.52,177.32,,,,,,,—,
2017-05-05,9.42,160.22,,,,,,,—,
2017-05-10,9.27,88.84,,,,,,,—,
2017-05-11,9.02,103.9,,,,,,,—,
2017-05-12,8.99,95.05,,,,,,,—,
2017-05-15,9.0,52.52,,,,,,,—,
2017-05-16,8.86,97.85,,,,,,,—,
2017-05-17,9.05,65.96,,,,,,,—,
2017-05-18,9.08,80.96,,,,,,,—,
2017-05-19,9.1,72.43,,,,,,,—,
2017-05-22,8.93,102.06,,,,,,,—,
2017-05-23,8.99,84.5,,,,,,,—,
2017-05-24,8.85,112.65,,,,,,,—,
2017-05-25,9.12,92.26,,,,,,,—,
2017-05-26,9.07,96.9,,,,,,,—,
2017-05-29,9.27,113.65,,,,,,,—,
2017-05-30,9.18,98.6,,,,,,,—,
2017-05-31,9.15,117.36,,,,,,,—,
2017-06-01,9.19,118.74,,,,,,,—,
2017-06-02,9.2,141.15,,,,,,,—,
2017-06-05,9.45,155.95,,,,,,,—,
2017-06-06,9.61,181.66,,,,,,,—,
2017-06-07,9.14,108.06,,,,,,,—,
2017-06-08,9.08,142.1,,,,,,,—,
2017-06-09,9.07,103.11,,,,,,,—,
2017-06-13,9.07,143.41,,,,,,,—,
2017-06-14,9.19,149.41,,,,,,,—,
2017-06-15,9.26,175.11,,,,,,,—,
2017-06-16,9.27,154.81,,,,,,,—,
2017-06-19,9.02,101.65,,,,,,,—,
2017-06-20,9.03,110.63,,,,,,,—,
2017-06-21,8.99,135.74,,,,,,,—,
2017-06-22,8.77,117.61,,,,,,,—,
2017-06-23,8.64,149.16,,,,,,,—,
2017-06-26,8.9,85.48,,,,,,,—,
2017-06-27,9.05,88.35,,,,,,,—,
2017-06-28,9.09,55.3,,,,,,,—,
2017-06-29,9.15,58.8,,,,,,,—,
2017-06-30,9.09,71.26,,,,,,,—,
2017-07-03,9.03,114.1,,,,,,,—,
2017-07-04,9.02,125.25,,,,,,,—,
2017-07-05,9.0,125.87,,,,,,,—,
2017-07-06,9.02,129.78,,,,,,,—,
2017-07-07,8.98,107.74,,,,,,,—,
2017-07-10,8.64,122.14,,,,,,,—,
2017-07-11,8.48,139.38,,,,,,,—,
2017-07-12,8.79,90.63,,,,,,,—,
2017-07-13,8.82,102.0,,,,,,,—,
2017-07-14,8.75,141.1,,,,,,,—,
2017-07-17,8.96,121.44,,,,,,,—,
2017-07-18,8.86,100.19,,,,,,,—,
2017-07-19,8.91,92.85,,,,,,,—,
2017-07-20,8.95,92.37,,,,,,,—,
2017-07-21,8.96,101.45,,,,,,,—,
2017-07-24,8.94,108.23,,,,,,,—,
2017-07-25,8.93,63.33,,,,,,,—,
2017-07-26,9.05,60.79,,,,,,,—,
2017-07-27,9.13,70.45,,,,,,,—,
2017-07-28,9.17,81.65,,,,,,,—,
2017-07-31,9.24,89.8,,,,,,,—,
2017-08-01,8.9,94.22,,,,,,,—,
2017-08-02,8.7,68.85,,,,,,,—,
2017-08-03,8.64,95.5,,,,,,,—,
2017-08-04,8.34,102.3,,,,,,,—,
2017-08-07,8.24,69.75,,,,,,,—,
2017-08-08,8.22,155.02,,,,,,,—,
2017-08-09,8.63,151.94,,,,,,,—,
2017-08-10,8.44,180.0,,,,,,,—,
2017-08-11,8.35,142.05,,,,,,,—,
2017-08-14,8.25,84.5,,,,,,,—,
2017-08-15,8.33,99.29,,,,,,,—,
2017-08-16,8.5,74.5,,,,,,,—,
2017-08-17,8.51,79.45,,,,,,,—,
2017-08-18,8.52,89.7,,,,,,,—,
2017-08-21,8.56,158.78,,,,,,,—,
2017-08-22,8.57,149.4,,,,,,,—,
2017-08-23,8.4,178.05,,,,,,,—,
2017-08-24,8.37,142.65,,,,,,,—,
2017-08-25,8.53,97.6,,,,,,,—,
2017-08-28,8.58,89.68,,,,,,,—,
2017-08-29,8.55,76.72,,,,,,,—,
2017-08-30,8.56,84.68,,,,,,,—,
2017-08-31,8.71,136.57,,,,,,,—,
2017-09-01,8.78,105.67,,,,,,,—,
2017-09-04,8.94,60.05,,,,,,,—,
2017-09-05,8.58,183.2,,,,,,,—,
2017-09-06,8.49,98.33,,,,,,,—,
2017-09-07,8.46,135.97,,,,,,,—,
2017-09-08,8.42,209.78,,,,,,,—,
2017-09-11,8.44,155.59,,,,,,,—,2017-09-12
2017-09-12,8.19,122.35,,,,,,,—,2017-09-13
2017-09-13,8.24,168.65,,,,,,,—,2017-09-14
2017-09-14,8.61,109.17,,,,,,,—,2017-09-15
2017-09-15,8.69,138.83,,,,,,,—,2017-09-18
2017-09-18,7.96,191.0,,,,,,,—,2017-09-19
2017-09-19,8.04,168.16,,,,,,,—,2017-09-20
2017-09-20,8.0,155.2,,,,,,,—,2017-09-21
2017-09-21,8.02,167.55,,,,,,,—,2017-09-22
2017-09-22,7.99,185.33,,,,,,,—,2017-09-25
2017-09-25,8.05,131.21,,,,,,,—,2017-09-26
2017-09-26,7.98,114.26,,,,,,,—,2017-09-27
2017-09-27,8.21,107.82,,,,,,,—,2017-09-28
2017-09-28,8.47,145.48,,,,,,,—,2017-09-29
2017-09-29,8.49,96.6,,,,,,,—,2017-10-02
2017-10-02,8.25,99.35,,,,,,,—,2017-10-03
2017-10-03,8.22,126.74,,,,,,,—,2017-10-04
2017-10-04,7.99,118.68,,,,,,,—,2017-10-05
2017-10-05,7.95,106.9,,,,,,,—,2017-10-06
2017-10-06,8.3,95.75,,,,,,,—,2017-10-09
2017-10-09,8.37,108.58,,,,,,,—,2017-10-10
2017-10-10,8.26,154.0,,,,,,,—,2017-10-11
2017-10-11,7.92,168.65,,,,,,,—,2017-10-12
2017-10-12,8.18,107.48,,,,,,,—,2017-10-13
2017-10-13,8.16,120.13,,,,,,,—,2017-10-16
2017-10-16,8.2,159.64,,,,,,,—,2017-10-17
2017-10-17,7.95,104.75,,,,,,,—,2017-10-18
2017-10-18,7.87,111.8,,,,,,,—,2017-10-19
2017-10-19,7.85,187.08,,,,,,,—,2017-10-20
2017-10-20,7.73,207.42,,,,,,,—,2017-10-23
2017-10-23,7.98,135.8,,,,,,,—,2017-10-24
2017-10-24,7.78,141.2,,,,,,,—,2017-10-25
2017-10-25,7.86,139.57,,,,,,,—,2017-10-26
2017-10-26,7.99,120.07,,,,,,,—,2017-10-27
2017-10-27,7.82,116.65,,,,,,,—,2017-10-30
2017-10-30,8.11,134.26,,,,,,,—,2017-10-31
2017-10-31,8.02,90.14,,,,,,,—,2017-11-01
2017-11-01,8.1,127.7,,,,,,,—,2017-11-02
2017-11-02,8.23,211.62,,,,,,,—,2017-11-03
2017-11-03,7.98,105.9,,,,,,,—,2017-11-07
2017-11-07,7.74,90.9,,,,,,,—,2017-11-08
2017-11-08,7.76,174.25,,,,,,,—,2017-11-09
2017-11-09,7.74,131.53,,,,,,,—,2017-11-10
2017-11-10,7.83,129.51,,,,,,,—,2017-11-13
2017-11-13,7.86,142.9,,,,,,,—,2017-11-14
2017-11-14,7.92,122.3,,,,,,,—,2017-11-15
2017-11-15,7.98,115.0,,,,,,,—,2017-11-16
2017-11-16,7.99,177.25,,,,,,,—,2017-11-17
2017-11-17,7.99,152.05,,,,,,,—,2017-11-20
2017-11-20,8.0,132.05,,,,,,,—,2017-11-21
2017-11-21,7.98,112.72,,,,,,,—,2017-11-22
2017-11-22,7.96,121.3,,,,,,,—,2017-11-23
2017-11-23,7.95,113.8,,,,,,,—,2017-11-24
2017-11-24,7.97,110.55,,,,,,,—,2017-11-27
2017-11-27,8.03,80.62,,,,,,,—,2017-11-28
2017-11-28,8.2,123.03,,,,,,,—,2017-11-29
2017-11-29,8.28,110.83,,,,,,,—,2017-11-30
2017-11-30,8.24,107.07,,,,,,,—,2017-12-01
2017-12-01,8.21,138.12,,,,,,,—,2017-12-04
2017-12-04,7.83,108.66,,,,,,,—,2017-12-05
2017-12-05,8.07,92.6,,,,,,,—,2017-12-06
2017-12-06,8.07,128.1,,,,,,,—,2017-12-07
2017-12-07,8.11,123.65,,,,,,,—,2017-12-08
2017-12-08,8.09,107.02,,,,,,,—,2017-12-11
2017-12-11,7.98,105.25,,,,,,,—,2017-12-12
2017-12-12,7.99,144.36,,,,,,,—,2017-12-13
2017-12-13,7.97,123.64,,,,,,,—,2017-12-14
2017-12-14,7.85,91.68,,,,,,,—,2017-12-15
2017-12-15,7.9,128.57,,,,,,,—,2017-12-18
2017-12-18,7.54,151.0,,,,,,,—,2017-12-19
2017-12-19,7.48,142.83,,,,,,,—,2017-12-20
2017-12-20,7.5,126.54,,,,,,,—,2017-12-21
2017-12-21,7.5,150.92,,,,,,,—,2017-12-22
2017-12-22,7.54,164.62,,,,,,,—,2017-12-25
2017-12-25,7.84,108.57,,,,,,,—,2017-12-26
2017-12-26,7.58,97.67,,,,,,,—,2017-12-27
2017-12-27,7.41,86.1,,,,,,,—,2017-12-28
2017-12-28,7.19,81.49,,,,,,,—,2017-12-29
2018-01-09,6.88,89.7,,,,,,,—,2018-01-10
2018-01-10,7.16,151.12,,,,,,,—,2018-01-11
2018-01-11,7.04,157.41,,,,,,,—,2018-01-12
2018-01-12,7.0,162.7,,,,,,,—,2018-01-15
2018-01-15,7.0,141.18,,,,,,,—,2018-01-16
2018-01-16,7.02,172.04,,,,,,,—,2018-01-17
2018-01-17,6.98,159.98,,,,,,,—,2018-01-18
2018-01-18,7.07,142.05,,,,,,,—,2018-01-19
2018-01-19,7.01,176.56,,,,,,,—,2018-01-22
2018-01-22,7.01,172.2,,,,,,,—,2018-01-23
2018-01-23,6.95,214.0,,,,,,,—,2018-01-24
2018-01-24,6.93,227.07,,,,,,,—,2018-01-25
2018-01-25,7.21,248.87,,,,,,,—,2018-01-26
2018-01-26,7.25,201.94,,,,,,,—,2018-01-29
2018-01-29,7.35,144.73,,,,,,,—,2018-01-30
2018-01-30,7.37,193.18,,,,,,,—,2018-01-31
2018-01-31,7.12,148.39,,,,,,,—,2018-02-01
2018-02-01,7.26,118.35,,,,,,,—,2018-02-02
2018-02-02,7.09,127.5,,,,,,,—,2018-02-05
2018-02-05,7.19,134.53,,,,,,,—,2018-02-06
2018-02-06,7.23,102.0,,,,,,,—,2018-02-07
2018-02-07,7.07,159.2,,,,,,,—,2018-02-08
2018-02-08,7.06,155.0,,,,,,,—,2018-02-09
2018-02-09,6.99,167.9,,,,,,,—,2018-02-12
2018-02-12,6.78,190.4,,,,,,,—,2018-02-13
2018-02-13,6.83,207.15,,,,,,,—,2018-02-14
2018-02-14,6.96,134.35,,,,,,,—,2018-02-15
2018-02-15,7.08,150.75,,,,,,,—,2018-02-16
2018-02-16,7.21,165.35,,,,,,,—,2018-02-19
2018-02-19,7.28,146.6,,,,,,,—,2018-02-20
2018-02-20,7.28,153.05,,,,,,,—,2018-02-21
2018-02-21,7.29,135.73,,,,,,,—,2018-02-22
2018-02-22,7.23,146.0,,,,,,,—,2018-02-26
2018-02-26,7.3,81.3,,,,,,,—,2018-02-27
2018-02-27,7.45,104.45,,,,,,,—,2018-02-28
2018-02-28,7.5,130.89,,,,,,,—,2018-03-01
2018-03-01,7.38,167.35,,,,,,,—,2018-03-02
2018-03-02,7.16,166.45,,,,,,,—,2018-03-05
2018-03-05,7.25,94.79,,,,,,,—,2018-03-06
2018-03-06,7.11,138.05,,,,,,,—,2018-03-07
2018-03-07,7.18,199.95,,,,,,,—,2018-03-12
2018-03-12,7.31,91.1,,,,,,,—,2018-03-13
2018-03-13,7.31,84.6,,,,,,,—,2018-03-14
2018-03-14,7.31,78.65,,,,,,,—,2018-03-15
2018-03-15,7.28,65.1,,,,,,,—,2018-03-16
2018-03-16,7.15,95.05,,,,,,,—,2018-03-19
2018-03-19,7.14,83.7,,,,,,,—,2018-03-20
2018-03-20,7.16,76.2,,,,,,,—,2018-03-21
2018-03-21,7.04,121.55,,,,,,,—,2018-03-22
2018-03-22,7.12,109.75,,,,,,,—,2018-03-23
2018-03-23,6.9,104.3,,,,,,,—,2018-03-26
2018-03-26,7.15,87.65,,,,,,,—,2018-03-27
2018-03-27,7.08,102.35,,,,,,,—,2018-03-28
2018-03-28,6.88,120.67,,,,,,,—,2018-03-29
2018-03-29,7.0,145.73,,,,,,,—,2018-03-30
2018-03-30,7.19,65.6,,,,,,,—,2018-04-02
2018-04-02,7.07,199.65,,,,,,,—,2018-04-03
2018-04-03,6.98,131.3,,,,,,,—,2018-04-04
2018-04-04,6.94,100.72,,,,,,,—,2018-04-05
2018-04-05,7.01,84.12,,,,,,,—,2018-04-06
2018-04-06,7.06,96.05,,,,,,,—,2018-04-09
2018-04-09,7.07,115.0,,,,,,,—,2018-04-10
2018-04-10,7.24,71.8,,,,,,,—,2018-04-11
2018-04-11,7.0,144.3,,,,,,,—,2018-04-12
2018-04-12,6.99,155.4,,,,,,,—,2018-04-13
2018-04-13,6.99,189.11,,,,,,,—,2018-04-16
2018-04-16,7.01,187.81,,,,,,,—,2018-04-17
2018-04-17,7.01,214.31,,,,,,,—,2018-04-18
2018-04-18,7.1,151.56,,,,,,,—,2018-04-19
2018-04-19,7.02,106.96,,,,,,,—,2018-04-20
2018-04-20,7.03,150.95,,,,,,,—,2018-04-23
2018-04-23,6.8,115.81,,,,,,,—,2018-04-24
2018-04-24,6.8,91.25,,,,,,,—,2018-04-25
2018-04-25,6.91,85.7,,,,,,,—,2018-04-26
2018-04-26,7.05,127.05,,,,,,,—,2018-04-27
2018-04-27,7.0,87.4,,,,,,,—,2018-04-28
2018-04-28,7.07,150.95,,,,,,,—,2018-05-03
2018-05-03,7.0,51.45,,,,,,,—,2018-05-04
2018-05-04,6.84,131.47,,,,,,,—,2018-05-07
2018-05-07,6.7,98.75,,,,,,,—,2018-05-08
2018-05-08,6.47,103.76,,,,,,,—,2018-05-10
2018-05-10,6.79,88.25,,,,,,,—,2018-05-11
2018-05-11,6.77,169.03,,,,,,,—,2018-05-14
2018-05-14,6.87,45.05,,,,,,,—,2018-05-15
2018-05-15,6.98,59.28,,,,,,,—,2018-05-16
2018-05-16,7.04,93.7,,,,,,,—,2018-05-17
2018-05-17,7.1,100.05,,,,,,,—,2018-05-18
2018-05-18,7.15,100.53,,,,,,,—,2018-05-21
2018-05-21,7.05,73.22,,,,,,,—,2018-05-22
2018-05-22,7.05,75.1,,,,,,,—,2018-05-23
2018-05-23,6.98,103.6,,,,,,,—,2018-05-24
2018-05-24,6.84,93.9,,,,,,,—,2018-05-25
2018-05-25,6.98,84.8,,,,,,,—,2018-05-28
2018-05-28,7.07,93.4,,,,,,,—,2018-05-29
2018-05-29,7.08,107.9,,,,,,,—,2018-05-30
2018-05-30,7.12,85.58,,,,,,,—,2018-05-31
2018-05-31,7.1,95.75,,,,,,,—,2018-06-01
2018-06-01,6.96,155.3,,,,,,,—,2018-06-04
2018-06-04,6.71,151.67,,,,,,,—,2018-06-05
2018-06-05,6.75,55.55,,,,,,,—,2018-06-06
2018-06-06,7.0,81.3,,,,,,,—,2018-06-07
2018-06-07,7.0,98.3,,,,,,,—,2018-06-08
2018-06-08,7.0,102.1,,,,,,,—,2018-06-09
2018-06-09,6.76,57.12,,,,,,,—,2018-06-13
2018-06-13,6.99,104.1,,,,,,,—,2018-06-14
2018-06-14,7.0,133.22,,,,,,,—,2018-06-15
2018-06-15,6.98,186.65,,,,,,,—,2018-06-18
2018-06-18,7.01,74.6,,,,,,,—,2018-06-19
2018-06-19,7.0,108.2,,,,,,,—,2018-06-20
2018-06-20,6.99,180.8,,,,,,,—,2018-06-21
2018-06-21,6.96,178.55,,,,,,,—,2018-06-22
2018-06-22,6.96,157.0,,,,,,,—,2018-06-25
2018-06-25,7.11,90.64,,,,,,,—,2018-06-26
2018-06-26,7.27,94.25,,,,,,,—,2018-06-27
2018-06-27,7.21,218.5,,,,,,,—,2018-06-28
2018-06-28,7.13,224.35,,,,,,,—,2018-06-29
2018-06-29,7.16,105.65,,,,,,,—,2018-07-02
2018-07-02,7.01,195.83,,,,,,,—,2018-07-03
2018-07-03,6.72,227.75,,,,,,,—,2018-07-04
2018-07-04,7.02,138.45,,,,,,,—,2018-07-05
2018-07-05,7.0,131.7,,,,,,,—,2018-07-06
2018-07-06,6.73,137.4,,,,,,,—,2018-07-09
2018-07-09,6.64,142.6,,,,,,,—,2018-07-10
2018-07-10,7.03,104.85,,,,,,,—,2018-07-11
2018-07-11,7.06,94.3,,,,,,,—,2018-07-12
2018-07-12,7.09,99.0,,,,,,,—,2018-07-13
2018-07-13,7.13,188.3,,,,,,,—,2018-07-16
2018-07-16,7.14,115.0,,,,,,,—,2018-07-17
2018-07-17,7.19,130.65,,,,,,,—,2018-07-18
2018-07-18,7.05,218.2,,,,,,,—,2018-07-19
2018-07-19,7.09,133.5,,,,,,,—,2018-07-20
2018-07-20,7.01,209.75,,,,,,,—,2018-07-23
2018-07-23,6.76,148.3,,,,,,,—,2018-07-24
2018-07-24,6.8,163.5,,,,,,,—,2018-07-25
2018-07-25,7.0,118.1,,,,,,,—,2018-07-26
2018-07-26,7.19,198.05,,,,,,,—,2018-07-27
2018-07-27,7.71,18.0,,,,,,,—,2018-07-30
2018-07-30,7.72,134.35,,,,,,,—,2018-07-31
2018-07-31,7.74,166.7,,,,,,,—,2018-08-01
2018-08-01,7.04,131.2,,,,,,,—,2018-08-02
2018-08-02,6.97,137.05,,,,,,,—,2018-08-03
2018-08-03,6.88,140.6,,,,,,,—,2018-08-06
2018-08-06,6.86,143.35,,,,,,,—,2018-08-07
2018-08-07,6.85,137.7,,,,,,,—,2018-08-08
2018-08-08,7.02,163.1,,,,,,,—,2018-08-09
2018-08-09,7.1,94.7,,,,,,,—,2018-08-10
2018-08-10,7.15,119.5,,,,,,,—,2018-08-13
2018-08-13,7.14,130.2,,,,,,,—,2018-08-14
2018-08-14,7.18,94.5,,,,,,,—,2018-08-15
2018-08-15,7.09,197.9,,,,,,,—,2018-08-16
2018-08-16,7.08,167.05,,,,,,,—,2018-08-17
2018-08-17,6.95,219.55,,,,,,,—,2018-08-20
2018-08-20,6.97,173.4,,,,,,,—,2018-08-21
2018-08-21,6.91,230.5,,,,,,,—,2018-08-22
2018-08-22,6.96,222.63,,,,,,,—,2018-08-23
2018-08-23,6.73,159.3,,,,,,,—,2018-08-24
2018-08-24,6.97,154.9,,,,,,,—,2018-08-27
2018-08-27,7.22,146.4,,,,,,,—,2018-08-28
2018-08-28,7.26,125.5,,,,,,,—,2018-08-29
2018-08-29,7.18,182.8,,,,,,,—,2018-08-30
2018-08-30,7.14,130.5,,,,,,,—,2018-08-31
2018-08-31,7.14,196.62,,,,,,,—,2018-09-03
2018-09-03,7.15,137.22,,,,,,,—,2018-09-04
2018-09-04,7.17,231.5,,,,,,,—,2018-09-05
2018-09-05,7.0,143.6,,,,,,,—,2018-09-06
2018-09-06,6.87,78.6,,,,,,,—,2018-09-07
2018-09-07,6.97,123.35,,,,,,,—,2018-09-10
2018-09-10,6.98,136.45,,,,,,,—,2018-09-11
2018-09-11,7.01,123.04,,,,,,,—,2018-09-12
2018-09-12,6.81,104.95,,,,,,,—,2018-09-13
2018-09-13,7.0,114.1,,,,,,,—,2018-09-14
2018-09-14,7.02,152.2,,,,,,,—,2018-09-17
2018-09-17,7.24,124.2,,,,,,,—,2018-09-18
2018-09-18,7.24,148.3,,,,,,,—,2018-09-19
2018-09-19,7.01,186.45,,,,,,,—,2018-09-20
2018-09-20,7.29,103.0,,,,,,,—,2018-09-21
2018-09-21,7.23,138.6,,,,,,,—,2018-09-24
2018-09-24,7.22,134.65,,,,,,,—,2018-09-25
2018-09-25,7.47,116.9,,,,,,,—,2018-09-26
2018-09-26,7.24,193.25,,,,,,,—,2018-09-27
2018-09-27,7.23,159.3,,,,,,,—,2018-09-28
2018-09-28,7.4,99.2,,,,,,,—,2018-10-01
2018-10-01,7.27,151.85,,,,,,,—,2018-10-02
2018-10-02,7.25,166.9,,,,,,,—,2018-10-03
2018-10-03,7.36,120.95,,,,,,,—,2018-10-04
2018-10-04,7.42,79.48,,,,,,,—,2018-10-05
2018-10-05,7.53,139.5,,,,,,,—,2018-10-08
2018-10-08,7.36,109.3,,,,,,,—,2018-10-09
2018-10-09,7.06,109.2,,,,,,,—,2018-10-10
2018-10-10,7.16,87.3,,,,,,,—,2018-10-11
2018-10-11,7.32,121.0,,,,,,,—,2018-10-12
2018-10-12,7.33,112.0,,,,,,,—,2018-10-15
2018-10-15,7.35,133.2,,,,,,,—,2018-10-16
2018-10-16,7.27,109.95,,,,,,,—,2018-10-17
2018-10-17,7.29,92.85,,,,,,,—,2018-10-18
2018-10-18,7.41,86.98,,,,,,,—,2018-10-19
2018-10-19,7.36,115.96,,,,,,,—,2018-10-22
2018-10-22,7.16,123.0,,,,,,,—,2018-10-23
2018-10-23,7.1,187.6,,,,,,,—,2018-10-24
2018-10-24,7.05,165.65,,,,,,,—,2018-10-25
2018-10-25,7.32,147.85,,,,,,,—,2018-10-26
2018-10-26,7.25,145.46,,,,,,,—,2018-10-29
2018-10-29,7.2,120.75,,,,,,,—,2018-10-30
2018-10-30,7.12,137.1,,,,,,,—,2018-10-31
2018-10-31,7.06,120.4,,,,,,,—,2018-11-01
2018-11-01,6.86,122.9,,,,,,,—,2018-11-02
2018-11-02,7.28,134.35,,,,,,,—,2018-11-06
2018-11-06,7.5,148.95,,,,,,,—,2018-11-07
2018-11-07,7.35,110.05,,,,,,,—,2018-11-08
2018-11-08,7.34,141.3,,,,,,,—,2018-11-09
2018-11-09,7.37,111.5,,,,,,,—,2018-11-12
2018-11-12,7.43,109.2,,,,,,,—,2018-11-13
2018-11-13,7.39,153.63,,,,,,,—,2018-11-14
2018-11-14,7.15,183.15,,,,,,,—,2018-11-15
2018-11-15,7.01,164.41,,,,,,,—,2018-11-16
2018-11-16,6.92,131.76,,,,,,,—,2018-11-19
2018-11-19,7.01,110.35,,,,,,,—,2018-11-20
2018-11-20,7.06,82.4,,,,,,,—,2018-11-21
2018-11-21,7.12,94.5,,,,,,,—,2018-11-22
2018-11-22,6.91,104.35,,,,,,,—,2018-11-23
2018-11-23,7.07,141.5,,,,,,,—,2018-11-26
2018-11-26,7.43,71.55,,,,,,,—,2018-11-27
2018-11-27,7.57,90.65,,,,,,,—,2018-11-28
2018-11-28,7.46,119.3,,,,,,,—,2018-11-29
2018-11-29,7.29,125.7,,,,,,,—,2018-11-30
2018-11-30,7.5,136.35,,,,,,,—,2018-12-03
2018-12-03,7.28,79.6,,,,,,,—,2018-12-04
2018-12-04,7.41,93.46,,,,,,,—,2018-12-05
2018-12-05,7.41,94.9,,,,,,,—,2018-12-06
2018-12-06,7.41,85.9,,,,,,,—,2018-12-07
2018-12-07,7.38,124.0,,,,,,,—,2018-12-10
2018-12-10,7.42,78.45,,,,,,,—,2018-12-11
2018-12-11,7.43,52.25,,,,,,,—,2018-12-12
2018-12-12,7.4,96.7,,,,,,,—,2018-12-13
2018-12-13,7.38,58.2,,,,,,,—,2018-12-14
2018-12-14,7.5,92.65,,,,,,,—,2018-12-17
2018-12-17,7.57,89.7,,,,,,,—,2018-12-18
2018-12-18,7.67,103.0,,,,,,,—,2018-12-19
2018-12-19,7.68,116.0,,,,,,,—,2018-12-20
2018-12-20,7.66,151.0,,,,,,,—,2018-12-21
2018-12-21,7.66,130.7,,,,,,,—,2018-12-24
2018-12-24,7.62,104.21,,,,,,,—,2018-12-25
2018-12-25,7.62,185.1,,,,,,,—,2018-12-26
2018-12-26,7.43,221.89,,,,,,,—,2018-12-27
2018-12-27,7.55,155.15,,,,,,,—,2018-12-28
2018-12-28,7.07,80.78,,,,,,,—,2018-12-29
2019-01-09,7.59,121.6,,,,,,,—,2019-01-10
2019-01-10,7.53,144.19,,,,,,,—,2019-01-11
2019-01-11,7.53,177.0,,,,,,,—,2019-01-14
2019-01-14,7.53,145.73,,,,,,,—,2019-01-15
2019-01-15,7.53,146.5,,,,,,,—,2019-01-16
2019-01-16,7.56,100.4,,,,,,,—,2019-01-17
2019-01-17,7.58,116.9,,,,,,,—,2019-01-18
2019-01-18,7.63,89.8,,,,,,,—,2019-01-21
2019-01-21,7.62,75.15,,,,,,,—,2019-01-22
2019-01-22,7.66,81.9,,,,,,,—,2019-01-23
2019-01-23,7.56,160.05,,,,,,,—,2019-01-24
2019-01-24,7.55,128.33,,,,,,,—,2019-01-25
2019-01-25,7.71,150.81,,,,,,,—,2019-01-28
2019-01-28,7.76,118.48,,,,,,,—,2019-01-29
2019-01-29,7.78,140.38,,,,,,,—,2019-01-30
2019-01-30,7.72,133.98,,,,,,,—,2019-01-31
2019-01-31,7.62,136.33,,,,,,,—,2019-02-01
2019-02-01,7.6,192.68,,,,,,,—,2019-02-04
2019-02-04,7.5,100.75,,,,,,,—,2019-02-05
2019-02-05,7.53,100.1,,,,,,,—,2019-02-06
2019-02-06,7.58,122.5,,,,,,,—,2019-02-07
2019-02-07,7.61,104.05,,,,,,,—,2019-02-08
2019-02-08,7.6,92.9,,,,,,,—,2019-02-11
2019-02-11,7.61,96.7,,,,,,,—,2019-02-12
2019-02-12,7.48,90.8,,,,,,,—,2019-02-13
2019-02-13,7.53,104.4,,,,,,,—,2019-02-14
2019-02-14,7.34,89.4,,,,,,,—,2019-02-15
2019-02-15,7.54,44.0,,,,,,,—,2019-02-18
2019-02-18,7.56,73.8,,,,,,,—,2019-02-19
2019-02-19,7.62,82.27,,,,,,,—,2019-02-20
2019-02-20,7.54,109.15,,,,,,,—,2019-02-21
2019-02-21,7.38,139.6,,,,,,,—,2019-02-22
2019-02-22,7.2,204.55,,,,,,,—,2019-02-25
2019-02-25,7.5,80.1,,,,,,,—,2019-02-26
2019-02-26,7.49,90.0,,,,,,,—,2019-02-27
2019-02-27,7.64,48.8,,,,,,,—,2019-02-28
2019-02-28,7.54,219.85,,,,,,,—,2019-03-01
2019-03-01,7.51,136.1,,,,,,,—,2019-03-04
2019-03-04,7.59,121.7,,,,,,,—,2019-03-05
2019-03-05,7.72,58.55,,,,,,,—,2019-03-06
2019-03-06,7.73,72.0,,,,,,,—,2019-03-07
2019-03-07,7.78,114.2,,,,,,,—,2019-03-11
2019-03-11,7.69,97.9,,,,,,,—,2019-03-12
2019-03-12,7.54,153.9,,,,,,,—,2019-03-13
2019-03-13,7.53,96.91,,,,,,,—,2019-03-14
2019-03-14,7.48,96.07,,,,,,,—,2019-03-15
2019-03-15,7.5,131.26,,,,,,,—,2019-03-18
2019-03-18,7.45,108.35,,,,,,,—,2019-03-19
2019-03-19,7.46,114.9,,,,,,,—,2019-03-20
2019-03-20,7.42,118.98,,,,,,,—,2019-03-21
2019-03-21,7.44,149.6,,,,,,,—,2019-03-22
2019-03-22,7.45,123.5,,,,,,,—,2019-03-25
2019-03-25,7.81,174.95,,,,,,,—,2019-03-26
2019-03-26,7.76,134.3,,,,,,,—,2019-03-27
2019-03-27,7.63,142.16,,,,,,,—,2019-03-28
2019-03-28,7.52,122.04,,,,,,,—,2019-03-29
2019-03-29,7.81,137.8,,,,,,,—,2019-04-01
2019-04-01,7.61,89.7,,,,,,,—,2019-04-02
2019-04-02,7.61,63.0,,,,,,,—,2019-04-03
2019-04-03,7.64,69.3,,,,,,,—,2019-04-04
2019-04-04,7.72,55.5,,,,,,,—,2019-04-05
2019-04-05,7.82,68.66,,,,,,,—,2019-04-08
2019-04-08,7.64,83.1,,,,,,,—,2019-04-09
2019-04-09,7.7,92.93,,,,,,,—,2019-04-10
2019-04-10,7.64,114.85,,,,,,,—,2019-04-11
2019-04-11,7.79,135.55,,,,,,,—,2019-04-12
2019-04-12,7.89,96.87,,,,,,,—,2019-04-15
2019-04-15,7.89,128.39,,,,,,,—,2019-04-16
2019-04-16,7.98,66.54,,,,,,,—,2019-04-17
2019-04-17,7.59,47.8,,,,,,,—,2019-04-18
2019-04-18,7.59,43.67,,,,,,,—,2019-04-19
2019-04-19,7.61,68.5,,,,,,,—,2019-04-22
2019-04-22,7.45,118.36,,,,,,,—,2019-04-23
2019-04-23,7.36,74.9,,,,,,,—,2019-04-24
2019-04-24,7.32,156.1,,,,,,,—,2019-04-25
2019-04-25,7.49,76.1,,,,,,,—,2019-04-26
2019-04-26,7.56,69.84,,,,,,,—,2019-04-29
2019-04-29,7.96,71.39,,,,,,,—,2019-04-30
2019-04-30,7.96,96.09,,,,,,,—,2019-05-06
2019-05-06,7.37,66.9,,,,,,,—,2019-05-07
2019-05-07,7.5,116.72,,,,,,,—,2019-05-08
2019-05-08,7.59,36.1,,,,,,,—,2019-05-13
2019-05-13,7.76,30.5,,,,,,,—,2019-05-14
2019-05-14,7.61,29.05,,,,,,,—,2019-05-15
2019-05-15,7.65,64.55,,,,,,,—,2019-05-16
2019-05-16,7.63,35.9,,,,,,,—,2019-05-17
2019-05-17,7.68,31.95,,,,,,,—,2019-05-20
2019-05-20,7.67,22.87,,,,,,,—,2019-05-21
2019-05-21,7.63,58.47,,,,,,,—,2019-05-22
2019-05-22,7.5,77.7,,,,,,,—,2019-05-23
2019-05-23,7.48,50.81,,,,,,,—,2019-05-24
2019-05-24,7.4,80.09,,,,,,,—,2019-05-27
2019-05-27,7.6,127.65,,,,,,,—,2019-05-28
2019-05-28,7.84,58.65,,,,,,,—,2019-05-29
2019-05-29,7.81,72.63,,,,,,,—,2019-05-30
2019-05-30,8.06,83.7,,,,,,,—,2019-05-31
2019-05-31,7.89,28.85,,,,,,,—,2019-06-03
2019-06-03,7.71,61.9,,,,,,,—,2019-06-04
2019-06-04,7.56,82.5,,,,,,,—,2019-06-05
2019-06-05,7.75,73.2,,,,,,,—,2019-06-06
2019-06-06,7.73,16.9,,,,,,,—,2019-06-07
2019-06-07,7.59,64.17,,,,,,,—,2019-06-10
2019-06-10,7.54,42.03,,,,,,,—,2019-06-11
2019-06-11,7.53,62.6,,,,,,,—,2019-06-13
2019-06-13,7.5,42.9,,,,,,,—,2019-06-14
2019-06-14,7.49,47.27,,,,,,,—,2019-06-17
2019-06-17,7.41,35.88,,,,,,,—,2019-06-18
2019-06-18,7.48,56.5,,,,,,,—,2019-06-19
2019-06-19,7.49,38.9,,,,,,,—,2019-06-20
2019-06-20,7.4,32.3,,,,,,,—,2019-06-21
2019-06-21,7.41,59.8,,,,,,,—,2019-06-24
2019-06-24,7.41,42.6,,,,,,,—,2019-06-25
2019-06-25,7.51,57.0,,,,,,,—,2019-06-26
2019-06-26,7.43,61.5,,,,,,,—,2019-06-27
2019-06-27,7.5,42.27,,,,,,,—,2019-06-28
2019-06-28,7.55,64.15,,,,,,,—,2019-07-01
2019-07-01,7.39,46.22,,,,,,,—,2019-07-02
2019-07-02,7.34,61.38,,,,,,,—,2019-07-03
2019-07-03,7.28,25.35,,,,,,,—,2019-07-04
2019-07-04,7.37,62.7,,,,,,,—,2019-07-05
2019-07-05,7.14,72.0,,,,,,,—,2019-07-08
2019-07-08,6.99,78.5,,,,,,,—,2019-07-09
2019-07-09,7.2,48.4,,,,,,,—,2019-07-10
2019-07-10,7.31,54.15,,,,,,,—,2019-07-11
2019-07-11,7.25,61.4,,,,,,,—,2019-07-12
2019-07-12,7.26,59.7,,,,,,,—,2019-07-15
2019-07-15,7.26,60.9,,,,,,,—,2019-07-16
2019-07-16,7.28,88.15,,,,,,,—,2019-07-17
2019-07-17,7.28,57.6,,,,,,,—,2019-07-18
2019-07-18,7.27,87.3,,,,,,,—,2019-07-19
2019-07-19,7.27,56.7,,,,,,,—,2019-07-22
2019-07-22,7.2,46.05,,,,,,,—,2019-07-23
2019-07-23,7.23,75.75,,,,,,,—,2019-07-24
2019-07-24,7.11,131.75,,,,,,,—,2019-07-25
2019-07-25,7.23,69.55,,,,,,,—,2019-07-26
2019-07-26,7.18,92.6,,,,,,,—,2019-07-29
2019-07-29,7.15,75.6,,,,,,,—,2019-07-30
2019-07-30,7.25,88.15,,,,,,,—,2019-07-31
2019-07-31,7.3,52.9,,,,,,,—,2019-08-01
2019-08-01,7.28,69.9,,,,,,,—,2019-08-02
2019-08-02,7.18,61.0,,,,,,,—,2019-08-05
2019-08-05,7.04,101.05,,,,,,,—,2019-08-06
2019-08-06,7.04,51.0,,,,,,,—,2019-08-07
2019-08-07,7.1,58.59,,,,,,,—,2019-08-08
2019-08-08,7.08,50.7,,,,,,,—,2019-08-09
2019-08-09,7.06,49.5,,,,,,,—,2019-08-12
2019-08-12,7.04,52.25,,,,,,,—,2019-08-13
2019-08-13,7.01,48.65,,,,,,,—,2019-08-14
2019-08-14,7.02,44.95,,,,,,,—,2019-08-15
2019-08-15,7.0,60.1,,,,,,,—,2019-08-16
2019-08-16,7.05,49.25,,,,,,,—,2019-08-19
2019-08-19,7.08,63.75,,,,,,,—,2019-08-20
2019-08-20,7.05,69.25,,,,,,,—,2019-08-21
2019-08-21,6.98,70.85,,,,,,,—,2019-08-22
2019-08-22,6.98,65.1,,,,,,,—,2019-08-23
2019-08-23,7.0,99.25,,,,,,,—,2019-08-26
2019-08-26,7.41,61.02,,,,,,,—,2019-08-27
2019-08-27,7.17,61.47,,,,,,,—,2019-08-28
2019-08-28,7.11,56.3,,,,,,,—,2019-08-29
2019-08-29,7.04,57.7,,,,,,,—,2019-08-30
2019-08-30,7.13,62.95,,,,,,,—,2019-09-02
2019-09-02,7.1,65.6,,,,,,,—,2019-09-03
2019-09-03,7.13,53.3,,,,,,,—,2019-09-04
2019-09-04,6.99,83.5,,,,,,,—,2019-09-05
2019-09-05,6.83,58.55,,,,,,,—,2019-09-06
2019-09-06,6.91,47.75,,,,,,,—,2019-09-09
2019-09-09,6.75,43.05,,,,,,,—,2019-09-10
2019-09-10,6.71,50.05,,,,,,,—,2019-09-11
2019-09-11,6.78,45.85,,,,,,,—,2019-09-12
2019-09-12,6.84,38.65,,,,,,,—,2019-09-13
2019-09-13,6.74,77.85,,,,,,,—,2019-09-16
2019-09-16,6.73,54.9,,,,,,,—,2019-09-17
2019-09-17,6.79,81.65,,,,,,,—,2019-09-18
2019-09-18,6.74,39.45,,,,,,,—,2019-09-19
2019-09-19,6.88,61.9,,,,,,,—,2019-09-20
2019-09-20,6.69,60.5,,,,,,,—,2019-09-23
2019-09-23,6.69,81.2,,,,,,,—,2019-09-24
2019-09-24,6.63,76.55,,,,,,,—,2019-09-25
2019-09-25,6.97,59.1,,,,,,,—,2019-09-26
2019-09-26,6.79,35.4,,,,,,,—,2019-09-27
2019-09-27,6.8,95.65,,,,,,,—,2019-09-30
2019-09-30,6.89,68.12,,,,,,,—,2019-10-01
2019-10-01,6.85,72.0,,,,,,,—,2019-10-02
2019-10-02,6.81,55.8,,,,,,,—,2019-10-03
2019-10-03,6.79,43.3,,,,,,,—,2019-10-04
2019-10-04,6.82,55.45,,,,,,,—,2019-10-07
2019-10-07,7.16,8.3,,,,,,,—,2019-10-08
2019-10-08,6.82,44.8,,,,,,,—,2019-10-09
2019-10-09,6.86,41.1,,,,,,,—,2019-10-10
2019-10-10,6.78,61.6,,,,,,,—,2019-10-11
2019-10-11,6.8,60.8,,,,,,,—,2019-10-14
2019-10-14,6.75,25.85,,,,,,,—,2019-10-15
2019-10-15,6.83,62.05,,,,,,,—,2019-10-16
2019-10-16,6.81,76.0,,,,,,,—,2019-10-17
2019-10-17,6.79,82.3,,,,,,,—,2019-10-18
2019-10-18,6.77,77.0,,,,,,,—,2019-10-21
2019-10-21,6.77,71.1,,,,,,,—,2019-10-22
2019-10-22,6.61,110.5,,,,,,,—,2019-10-23
2019-10-23,6.62,68.6,,,,,,,—,2019-10-24
2019-10-24,6.63,78.8,,,,,,,—,2019-10-25
2019-10-25,6.75,154.3,,,,,,,—,2019-10-28
2019-10-28,6.71,43.5,,,,,,,—,2019-10-29
2019-10-29,6.76,79.55,,,,,,,—,2019-10-30
2019-10-30,6.56,65.7,,,,,,,—,2019-10-31
2019-10-31,6.6,76.7,,,,,,,—,2019-11-01
2019-11-01,6.35,114.6,,,,,,,—,2019-11-05
2019-11-05,6.27,67.2,,,,,,,—,2019-11-06
2019-11-06,6.53,69.0,,,,,,,—,2019-11-07
2019-11-07,6.42,31.9,,,,,,,—,2019-11-08
2019-11-08,6.4,42.4,,,,,,,—,2019-11-11
2019-11-11,6.37,28.15,,,,,,,—,2019-11-12
2019-11-12,6.43,49.15,,,,,,,—,2019-11-13
2019-11-13,6.38,67.15,,,,,,,—,2019-11-14
2019-11-14,6.39,65.9,,,,,,,—,2019-11-15
2019-11-15,6.41,48.56,,,,,,,—,2019-11-18
2019-11-18,6.43,60.8,,,,,,,—,2019-11-19
2019-11-19,6.5,34.15,,,,,,,—,2019-11-20
2019-11-20,6.49,66.4,,,,,,,—,2019-11-21
2019-11-21,6.45,50.2,,,,,,,—,2019-11-22
2019-11-22,6.49,81.4,,,,,,,—,2019-11-25
2019-11-25,6.56,102.6,,,,,,,—,2019-11-26
2019-11-26,6.51,87.3,,,,,,,—,2019-11-27
2019-11-27,6.46,52.05,,,,,,,—,2019-11-28
2019-11-28,6.49,73.6,,,,,,,—,2019-11-29
2019-11-29,6.6,73.8,,,,,,,—,2019-12-02
2019-12-02,6.6,65.7,,,,,,,—,2019-12-03
2019-12-03,6.48,74.5,,,,,,,—,2019-12-04
2019-12-04,6.46,94.1,,,,,,,—,2019-12-05
2019-12-05,6.39,78.9,,,,,,,—,2019-12-06
2019-12-06,6.24,104.3,,,,,,,—,2019-12-09
2019-12-09,6.2,72.7,,,,,,,—,2019-12-10
2019-12-10,6.12,58.5,,,,,,,—,2019-12-11
2019-12-11,6.22,154.7,,,,,,,—,2019-12-12
2019-12-12,6.04,100.3,,,,,,,—,2019-12-13
2019-12-13,5.98,128.15,,,,,,,—,2019-12-16
2019-12-16,5.9,130.2,,,,,,,—,2019-12-17
2019-12-17,5.85,124.38,,,,,,,—,2019-12-18
2019-12-18,5.89,120.65,,,,,,,—,2019-12-19
2019-12-19,5.94,102.0,,,,,,,—,2019-12-20
2019-12-20,6.04,139.45,,,,,,,—,2019-12-23
2019-12-23,6.02,107.35,,,,,,,—,2019-12-24
2019-12-24,6.07,90.7,,,,,,,—,2019-12-25
2019-12-25,6.22,140.94,,,,,,,—,2019-12-26
2019-12-26,6.18,76.8,,,,,,,—,2019-12-27
2019-12-27,6.23,106.6,,,,,,,—,2019-12-30
2019-12-30,6.23,24.45,,,,,,,—,2019-12-31
2020-01-09,6.17,102.7,,,,,,,—,2020-01-10
2020-01-10,6.15,107.3,,,,,,,—,2020-01-13
2020-01-13,6.02,30.8,,,,,,,—,2020-01-14
2020-01-14,5.87,69.2,,,,,,,—,2020-01-15
2020-01-15,6.07,113.5,,,,,,,—,2020-01-16
2020-01-16,5.95,70.5,,,,,,,—,2020-01-17
2020-01-17,5.93,41.3,,,,,,,—,2020-01-20
2020-01-20,5.91,91.65,,,,,,,—,2020-01-21
2020-01-21,5.94,112.18,,,,,,,—,2020-01-22
2020-01-22,6.0,85.94,,,,,,,—,2020-01-23
2020-01-23,5.99,83.85,,,,,,,—,2020-01-24
2020-01-24,5.95,121.14,,,,,,,—,2020-01-27
2020-01-27,6.19,80.65,,,,,,,—,2020-01-28
2020-01-28,6.15,92.3,,,,,,,—,2020-01-29
2020-01-29,6.18,134.67,,,,,,,—,2020-01-30
2020-01-30,6.14,157.95,,,,,,,—,2020-01-31
2020-01-31,6.05,77.9,,,,,,,—,2020-02-03
2020-02-03,6.01,131.89,,,,,,,—,2020-02-04
2020-02-04,5.93,124.3,,,,,,,—,2020-02-05
2020-02-05,6.01,96.75,,,,,,,—,2020-02-06
2020-02-06,6.01,68.9,,,,,,,—,2020-02-07
2020-02-07,6.04,79.55,,,,,,,—,2020-02-10
2020-02-10,5.96,86.65,,,,,,,—,2020-02-11
2020-02-11,5.87,79.7,,,,,,,—,2020-02-12
2020-02-12,5.82,79.55,,,,,,,—,2020-02-13
2020-02-13,5.83,82.48,,,,,,,—,2020-02-14
2020-02-14,5.79,59.07,,,,,,,—,2020-02-17
2020-02-17,5.8,60.5,,,,,,,—,2020-02-18
2020-02-18,5.8,43.1,,,,,,,—,2020-02-19
2020-02-19,5.84,90.45,,,,,,,—,2020-02-20
2020-02-20,5.81,153.85,,,,,,,—,2020-02-21
2020-02-21,5.82,115.45,,,,,,,—,2020-02-25
2020-02-25,5.97,111.15,,,,,,,—,2020-02-26
2020-02-26,5.97,125.6,,,,,,,—,2020-02-27
2020-02-27,5.95,74.85,,,,,,,—,2020-02-28
2020-02-28,6.32,161.05,,,,,,,—,2020-03-02
2020-03-02,5.96,96.45,,,,,,,—,2020-03-03
2020-03-03,5.95,163.15,,,,,,,—,2020-03-04
2020-03-04,5.9,141.15,,,,,,,—,2020-03-05
2020-03-05,5.87,118.0,,,,,,,—,2020-03-06
2020-03-06,5.95,139.79,,,,,,,—,2020-03-10
2020-03-10,5.87,142.7,,,,,,,—,2020-03-11
2020-03-11,5.56,129.2,,,,,,,—,2020-03-12
2020-03-12,5.63,185.4,,,,,,,—,2020-03-13
2020-03-13,5.3,118.2,,,,,,,—,2020-03-16
2020-03-16,5.32,207.9,,,,,,,—,2020-03-17
2020-03-17,5.3,174.5,,,,,,,—,2020-03-18
2020-03-18,5.42,140.55,,,,,,,—,2020-03-19
2020-03-19,5.72,108.75,,,,,,,—,2020-03-20
2020-03-20,5.9,148.5,,,,,,,—,2020-03-23
2020-03-23,5.8,118.0,,,,,,,—,2020-03-24
2020-03-24,5.88,91.45,,,,,,,—,2020-03-25
2020-03-25,5.84,147.85,,,,,,,—,2020-03-26
2020-03-26,5.91,142.6,,,,,,,—,2020-03-27
2020-03-27,6.24,76.9,,,,,,,—,2020-04-06
2020-04-06,5.89,164.2,,,,,,,—,2020-04-07
2020-04-07,5.74,158.0,,,,,,,—,2020-04-08
2020-04-08,5.76,191.25,,,,,,,—,2020-04-09
2020-04-09,5.89,182.3,,,,,,,—,2020-04-10
2020-04-10,5.96,159.1,,,,,,,—,2020-04-13
2020-04-13,5.83,147.8,,,,,,,—,2020-04-14
2020-04-14,5.91,126.4,,,,,,,—,2020-04-15
2020-04-15,5.96,97.35,,,,,,,—,2020-04-16
2020-04-16,6.01,67.25,,,,,,,—,2020-04-17
2020-04-17,6.12,136.55,,,,,,,—,2020-04-20
2020-04-20,6.11,73.85,,,,,,,—,2020-04-21
2020-04-21,6.15,59.4,,,,,,,—,2020-04-22
2020-04-22,6.16,143.8,,,,,,,—,2020-04-23
2020-04-23,6.16,129.3,,,,,,,—,2020-04-24
2020-04-24,5.85,131.45,,,,,,,—,2020-04-27
2020-04-27,5.58,89.5,,,,,,,—,2020-04-28
2020-04-28,5.71,65.6,,,,,,,—,2020-04-29
2020-04-29,5.89,107.45,,,,,,,—,2020-04-30
2020-04-30,5.76,72.6,,,,,,,—,2020-05-06
2020-05-06,5.35,138.3,,,,,,,—,2020-05-07
2020-05-07,5.34,112.2,,,,,,,—,2020-05-08
2020-05-08,5.19,114.0,,,,,,,—,2020-05-12
2020-05-12,5.45,146.25,,,,,,,—,2020-05-13
2020-05-13,5.51,166.3,,,,,,,—,2020-05-14
2020-05-14,5.37,168.1,,,,,,,—,2020-05-15
2020-05-15,5.27,231.7,,,,,,,—,2020-05-18
2020-05-18,5.28,166.4,,,,,,,—,2020-05-19
2020-05-19,5.3,207.65,,,,,,,—,2020-05-20
2020-05-20,5.36,95.55,,,,,,,—,2020-05-21
2020-05-21,5.32,113.45,,,,,,,—,2020-05-22
2020-05-22,5.34,122.4,,,,,,,—,2020-05-25
2020-05-25,5.41,117.7,,,,,,,—,2020-05-26
2020-05-26,5.46,171.6,,,,,,,—,2020-05-27
2020-05-27,5.5,182.39,,,,,,,—,2020-05-28
2020-05-28,5.52,171.94,,,,,,,—,2020-05-29
2020-05-29,5.47,131.05,,,,,,,—,2020-06-01
2020-06-01,5.42,129.3,,,,,,,—,2020-06-02
2020-06-02,5.34,120.7,,,,,,,—,2020-06-03
2020-06-03,5.33,129.93,,,,,,,—,2020-06-04
2020-06-04,5.37,126.85,,,,,,,—,2020-06-05
2020-06-05,5.32,128.75,,,,,,,—,2020-06-08
2020-06-08,5.09,120.5,,,,,,,—,2020-06-09
2020-06-09,5.27,134.7,,,,,,,—,2020-06-10
2020-06-10,5.14,182.7,,,,,,,—,2020-06-11
2020-06-11,5.12,208.3,,,,,,,—,2020-06-15
2020-06-15,5.06,160.65,,,,,,,—,2020-06-16
2020-06-16,5.03,250.98,,,,,,,—,2020-06-17
2020-06-17,4.83,201.45,,,,,,,—,2020-06-18
2020-06-18,4.75,251.5,,,,,,,—,2020-06-19
2020-06-19,4.69,159.4,,,,,,,—,2020-06-22
2020-06-22,4.39,304.45,,,,,,,—,2020-06-23
2020-06-23,4.42,193.65,,,,,,,—,2020-06-25
2020-06-25,4.52,161.4,,,,,,,—,2020-06-26
2020-06-26,4.51,92.35,,,,,,,—,2020-06-29
2020-06-29,4.51,100.7,,,,,,,—,2020-06-30
2020-06-30,4.38,67.0,,,,,,,—,2020-07-02
2020-07-02,4.22,180.55,,,,,,,—,2020-07-03
2020-07-03,4.05,135.3,,,,,,,—,2020-07-06
2020-07-06,4.11,118.3,,,,,,,—,2020-07-07
2020-07-07,4.25,133.85,,,,,,,—,2020-07-08
2020-07-08,4.3,135.05,,,,,,,—,2020-07-09
2020-07-09,4.28,120.75,,,,,,,—,2020-07-10
2020-07-10,4.34,113.55,,,,,,,—,2020-07-13
2020-07-13,4.35,125.75,,,,,,,—,2020-07-14
2020-07-14,4.32,113.45,,,,,,,—,2020-07-15
2020-07-15,4.25,138.6,,,,,,,—,2020-07-16
2020-07-16,4.13,175.5,,,,,,,—,2020-07-17
2020-07-17,4.14,150.3,,,,,,,—,2020-07-20
2020-07-20,4.12,185.95,,,,,,,—,2020-07-21
2020-07-21,4.12,202.9,,,,,,,—,2020-07-22
2020-07-22,4.11,177.3,,,,,,,—,2020-07-23
2020-07-23,4.03,185.9,,,,,,,—,2020-07-24
2020-07-24,3.96,162.9,,,,,,,—,2020-07-27
2020-07-27,4.03,101.4,,,,,,,—,2020-07-28
2020-07-28,4.11,144.7,,,,,,,—,2020-07-29
2020-07-29,4.15,199.25,,,,,,,—,2020-07-30
2020-07-30,4.24,190.65,,,,,,,—,2020-07-31
2020-07-31,4.26,200.0,,,,,,,—,2020-08-03
2020-08-03,3.92,277.8,,,,,,,—,2020-08-04
2020-08-04,4.03,152.95,,,,,,,—,2020-08-05
2020-08-05,4.1,171.45,,,,,,,—,2020-08-06
2020-08-06,4.13,136.04,,,,,,,—,2020-08-07
2020-08-07,4.17,175.33,,,,,,,—,2020-08-10
2020-08-10,4.18,157.42,,,,,,,—,2020-08-11
2020-08-11,4.18,133.55,,,,,,,—,2020-08-12
2020-08-12,4.09,148.6,,,,,,,—,2020-08-13
2020-08-13,4.08,90.8,,,,,,,—,2020-08-14
2020-08-14,4.11,81.15,,,,,,,—,2020-08-17
2020-08-17,4.11,113.95,,,,,,,—,2020-08-18
2020-08-18,4.12,120.55,,,,,,,—,2020-08-19
2020-08-19,4.1,127.85,,,,,,,—,2020-08-20
2020-08-20,4.12,169.42,,,,,,,—,2020-08-21
2020-08-21,4.1,128.59,,,,,,,—,2020-08-24
2020-08-24,4.06,107.9,,,,,,,—,2020-08-25
2020-08-25,4.16,91.35,,,,,,,—,2020-08-26
2020-08-26,4.17,101.4,,,,,,,—,2020-08-27
2020-08-27,4.15,104.5,,,,,,,—,2020-08-28
2020-08-28,4.18,91.1,,,,,,,—,2020-08-31
2020-08-31,4.1,118.2,,,,,,,—,2020-09-01
2020-09-01,4.1,105.75,,,,,,,—,2020-09-02
2020-09-02,4.12,97.5,,,,,,,—,2020-09-03
2020-09-03,4.15,88.03,,,,,,,—,2020-09-04
2020-09-04,4.13,151.4,,,,,,,—,2020-09-07
2020-09-07,4.0,136.55,,,,,,,—,2020-09-08
2020-09-08,4.38,81.6,,,,,,,—,2020-09-09
2020-09-09,4.12,98.55,,,,,,,—,2020-09-10
2020-09-10,4.11,106.7,,,,,,,—,2020-09-11
2020-09-11,4.1,98.03,,,,,,,—,2020-09-14
2020-09-14,4.12,58.65,,,,,,,—,2020-09-15
2020-09-15,4.18,87.4,,,,,,,—,2020-09-16
2020-09-16,4.2,69.6,,,,,,,—,2020-09-17
2020-09-17,4.24,90.9,,,,,,,—,2020-09-18
2020-09-18,4.2,66.0,,,,,,,—,2020-09-21
2020-09-21,4.16,81.45,,,,,,,—,2020-09-22
2020-09-22,4.19,122.95,,,,,,,—,2020-09-23
2020-09-23,4.2,204.68,,,,,,,—,2020-09-24
2020-09-24,4.14,170.48,,,,,,,—,2020-09-25
2020-09-25,4.23,105.4,,,,,,,—,2020-09-28
2020-09-28,4.21,86.1,,,,,,,—,2020-09-29
2020-09-29,4.19,130.8,,,,,,,—,2020-09-30
2020-09-30,4.19,83.5,,,,,,,—,2020-10-01
2020-10-01,4.08,132.1,,,,,,,—,2020-10-02
2020-10-02,3.9,182.75,,,,,,,—,2020-10-05
2020-10-05,4.04,91.95,,,,,,,—,2020-10-06
2020-10-06,4.0,81.9,,,,,,,—,2020-10-07
2020-10-07,4.2,168.4,,,,,,,—,2020-10-08
2020-10-08,4.2,117.75,,,,,,,—,2020-10-09
2020-10-09,4.24,155.1,,,,,,,—,2020-10-12
2020-10-12,4.25,143.6,,,,,,,—,2020-10-13
2020-10-13,4.24,180.7,,,,,,,—,2020-10-14
2020-10-14,4.22,132.2,,,,,,,—,2020-10-15
2020-10-15,4.24,101.05,,,,,,,—,2020-10-16
2020-10-16,4.27,57.95,,,,,,,—,2020-10-19
2020-10-19,4.22,77.5,,,,,,,—,2020-10-20
2020-10-20,4.24,83.1,,,,,,,—,2020-10-21
2020-10-21,4.24,179.8,,,,,,,—,2020-10-22
2020-10-22,4.23,189.0,,,,,,,—,2020-10-23
2020-10-23,4.23,165.2,,,,,,,—,2020-10-26
2020-10-26,4.24,141.35,,,,,,,—,2020-10-27
2020-10-27,4.23,134.3,,,,,,,—,2020-10-28
2020-10-28,4.26,106.35,,,,,,,—,2020-10-29
2020-10-29,4.26,97.35,,,,,,,—,2020-10-30
2020-10-30,4.26,83.7,,,,,,,—,2020-11-02
2020-11-02,4.15,148.2,,,,,,,—,2020-11-03
2020-11-03,4.09,211.1,,,,,,,—,2020-11-05
2020-11-05,4.14,121.1,,,,,,,—,2020-11-06
2020-11-06,4.08,124.35,,,,,,,—,2020-11-09
2020-11-09,3.78,104.5,,,,,,,—,2020-11-10
2020-11-10,3.79,117.8,,,,,,,—,2020-11-11
2020-11-11,4.14,104.25,,,,,,,—,2020-11-12
2020-11-12,4.17,92.71,,,,,,,—,2020-11-13
2020-11-13,4.2,99.75,,,,,,,—,2020-11-16
2020-11-16,4.15,101.9,,,,,,,—,2020-11-17
2020-11-17,4.18,108.1,,,,,,,—,2020-11-18
2020-11-18,4.1,83.4,,,,,,,—,2020-11-19
2020-11-19,4.1,93.3,,,,,,,—,2020-11-20
2020-11-20,4.08,64.3,,,,,,,—,2020-11-23
2020-11-23,4.02,115.75,,,,,,,—,2020-11-24
2020-11-24,4.01,116.65,,,,,,,—,2020-11-25
2020-11-25,4.06,131.25,,,,,,,—,2020-11-26
2020-11-26,4.07,112.55,,,,,,,—,2020-11-27
2020-11-27,4.03,135.7,,,,,,,—,2020-11-30
2020-11-30,4.07,129.15,,,,,,,—,2020-12-01
2020-12-01,4.06,92.98,,,,,,,—,2020-12-02
2020-12-02,4.02,90.28,,,,,,,—,2020-12-03
2020-12-03,4.02,87.65,,,,,,,—,2020-12-04
2020-12-04,4.01,113.97,,,,,,,—,2020-12-07
2020-12-07,3.64,112.55,,,,,,,—,2020-12-08
2020-12-08,3.58,92.5,,,,,,,—,2020-12-09
2020-12-09,4.05,67.0,,,,,,,—,2020-12-10
2020-12-10,4.11,60.55,,,,,,,—,2020-12-11
2020-12-11,4.19,97.75,,,,,,,—,2020-12-14
2020-12-14,4.17,61.6,,,,,,,—,2020-12-15
2020-12-15,4.25,78.0,,,,,,,—,2020-12-16
2020-12-16,4.32,175.5,,,,,,,—,2020-12-17
2020-12-17,4.31,133.6,,,,,,,—,2020-12-18
2020-12-18,4.27,135.4,,,,,,,—,2020-12-21
2020-12-21,4.27,118.45,,,,,,,—,2020-12-22
2020-12-22,4.28,110.2,32.0,19.0,4.1,4.2,4.3,4.35,Стандартный,2020-12-23
2020-12-23,4.2,274.25,49.0,24.0,3.85,4.2,4.25,4.3,Стандартный,2020-12-24
2020-12-24,4.2,376.1,60.0,26.0,3.85,4.15,4.21,4.25,Стандартный,2020-12-25
2020-12-25,4.19,298.2,56.0,26.0,3.75,4.15,4.2,4.35,Стандартный,2020-12-28
2020-12-28,4.24,397.05,61.0,25.0,3.85,4.2,4.25,4.35,Стандартный,2020-12-29
2020-12-29,4.2,317.05,53.0,23.0,3.85,4.2,4.2,4.3,Стандартный,2020-12-30
2020-12-30,4.27,74.8,22.0,16.0,4.1,4.2,4.4,5.5,Стандартный,2020-12-31
2021-01-11,4.27,313.8,59.0,23.0,4.1,4.25,4.3,4.35,Стандартный,2021-01-12
2021-01-12,4.18,320.5,73.0,25.0,4.0,4.15,4.2,5.0,Стандартный,2021-01-13
2021-01-13,4.23,146.45,41.0,25.0,3.8,4.2,4.25,4.3,Стандартный,2021-01-14
2021-01-14,4.24,153.4,34.0,22.0,4.15,4.2,4.25,4.4,Стандартный,2021-01-15
2021-01-15,4.25,118.25,30.0,21.0,4.15,4.25,4.3,4.4,Стандартный,2021-01-18
2021-01-18,4.3,196.3,38.0,20.0,4.2,4.25,4.35,4.35,Стандартный,2021-01-19
2021-01-19,4.3,94.9,26.0,22.0,4.05,4.25,4.35,4.4,Стандартный,2021-01-20
2021-01-20,4.31,161.0,35.0,23.0,4.0,4.25,4.3,4.45,Стандартный,2021-01-21
2021-01-21,4.35,170.4,34.0,21.0,4.1,4.25,4.4,4.4,Стандартный,2021-01-22
2021-01-22,4.27,194.95,46.0,23.0,3.9,4.25,4.35,4.4,Стандартный,2021-01-25
2021-01-25,4.27,165.15,35.0,23.0,3.9,4.25,4.3,4.4,Стандартный,2021-01-26
2021-01-26,4.35,200.9,38.0,26.0,3.9,4.25,4.4,4.4,Стандартный,2021-01-27
2021-01-27,4.25,155.4,38.0,25.0,3.9,4.25,4.25,4.35,Стандартный,2021-01-28
2021-01-28,4.27,114.43,28.0,23.0,4.0,4.25,4.26,4.35,Стандартный,2021-01-29
2021-01-29,4.43,167.85,35.0,21.0,4.15,4.25,4.5,4.75,Стандартный,2021-02-01
2021-02-01,4.23,161.9,40.0,25.0,3.9,4.19,4.25,4.35,Стандартный,2021-02-02
2021-02-02,4.1,138.75,36.0,23.0,3.7,4.0,4.2,4.3,Стандартный,2021-02-03
2021-02-03,4.0,85.65,23.0,18.0,3.8,4.0,4.1,4.2,Стандартный,2021-02-04
2021-02-04,4.0,68.5,19.0,15.0,4.0,4.0,4.1,4.2,Стандартный,2021-02-05
2021-02-05,3.73,113.15,24.0,17.0,3.4,3.59,3.93,4.05,Стандартный,2021-02-08
2021-02-08,3.28,49.6,16.0,16.0,3.2,3.24,3.64,3.95,Стандартный,2021-02-09
2021-02-09,4.16,83.4,26.0,22.0,3.75,4.0,4.5,4.7,Стандартный,2021-02-10
2021-02-10,4.09,58.2,23.0,20.0,3.7,4.05,4.15,4.25,Стандартный,2021-02-11
2021-02-11,4.02,90.85,28.0,22.0,3.75,4.0,4.1,4.2,Стандартный,2021-02-12
2021-02-12,4.0,92.45,34.0,22.0,3.8,3.9,4.1,4.15,Стандартный,2021-02-15
2021-02-15,3.94,134.5,35.0,22.0,3.5,3.9,4.0,4.15,Стандартный,2021-02-16
2021-02-16,3.91,153.2,41.0,24.0,3.65,3.8,4.0,4.1,Стандартный,2021-02-17
2021-02-17,4.0,72.03,26.0,18.0,3.8,4.0,4.05,4.2,Стандартный,2021-02-18
2021-02-18,4.05,61.1,23.0,18.0,4.0,4.01,4.1,4.15,Стандартный,2021-02-19
2021-02-19,4.02,75.25,28.0,20.0,3.9,4.0,4.1,4.15,Стандартный,2021-02-20
2021-02-20,4.06,104.45,44.0,23.0,3.9,4.0,4.1,4.2,Стандартный,2021-02-24
2021-02-24,4.06,137.23,41.0,25.0,3.65,3.95,4.15,4.25,Стандартный,2021-02-25
2021-02-25,4.16,135.15,39.0,22.0,3.9,4.1,4.2,4.3,Стандартный,2021-02-26
2021-02-26,4.18,137.25,30.0,22.0,4.0,4.15,4.25,4.4,Стандартный,2021-03-01
2021-03-01,4.06,106.45,31.0,20.0,4.0,4.0,4.1,4.2,Стандартный,2021-03-02
2021-03-02,4.01,161.4,38.0,22.0,3.75,4.0,4.05,4.2,Стандартный,2021-03-03
2021-03-03,4.06,146.05,41.0,25.0,3.9,4.0,4.1,4.25,Стандартный,2021-03-04
2021-03-04,4.07,104.95,34.0,20.0,3.85,4.0,4.1,4.15,Стандартный,2021-03-05
2021-03-05,4.04,123.1,34.0,23.0,3.3,3.85,4.1,4.15,Стандартный,2021-03-09
2021-03-09,4.35,92.2,30.0,22.0,3.9,4.05,4.5,4.65,Стандартный,2021-03-10
2021-03-10,4.09,63.45,22.0,23.0,3.85,4.05,4.1,4.2,Стандартный,2021-03-11
2021-03-11,4.11,42.65,19.0,16.0,4.0,4.1,4.15,4.25,Стандартный,2021-03-12
2021-03-12,4.14,67.95,20.0,16.0,4.0,4.1,4.15,4.25,Стандартный,2021-03-15
2021-03-15,4.13,71.85,27.0,19.0,4.0,4.1,4.2,4.3,Стандартный,2021-03-16
2021-03-16,4.13,75.55,23.0,20.0,3.8,4.05,4.2,4.25,Стандартный,2021-03-17
2021-03-17,4.12,97.45,35.0,22.0,3.8,4.03,4.15,4.2,Стандартный,2021-03-18
2021-03-18,4.11,117.4,35.0,20.0,3.95,4.1,4.15,4.2,Стандартный,2021-03-19
2021-03-19,4.14,126.5,34.0,21.0,4.05,4.1,4.2,4.4,Стандартный,2021-03-22
2021-03-22,4.24,150.75,40.0,20.0,4.2,4.2,4.3,4.4,Стандартный,2021-03-23
2021-03-23,4.22,106.6,30.0,23.0,4.2,4.2,4.32,4.4,Стандартный,2021-03-24
2021-03-24,4.28,115.72,39.0,22.0,4.05,4.2,4.34,4.4,Стандартный,2021-03-25
2021-03-25,4.41,89.85,33.0,23.0,4.2,4.35,4.5,4.84,Стандартный,2021-03-26
2021-03-26,4.31,118.5,33.0,20.0,4.15,4.25,4.4,4.65,Стандартный,2021-03-29
2021-03-29,4.45,89.45,27.0,21.0,4.3,4.4,4.55,4.6,Стандартный,2021-03-30
2021-03-30,4.48,123.35,31.0,21.0,4.25,4.4,4.5,4.6,Стандартный,2021-03-31
2021-03-31,4.45,91.55,29.0,18.0,4.3,4.4,4.5,4.55,Стандартный,2021-04-01
2021-04-01,4.45,80.65,33.0,20.0,4.2,4.4,4.5,4.75,Стандартный,2021-04-02
2021-04-02,4.38,141.1,44.0,23.0,4.15,4.34,4.45,4.5,Стандартный,2021-04-05
2021-04-05,4.25,162.55,37.0,25.0,3.75,4.1,4.35,4.5,Стандартный,2021-04-06
2021-04-06,4.12,51.15,24.0,21.0,3.75,4.0,4.3,4.45,Стандартный,2021-04-07
2021-04-07,4.37,61.45,22.0,18.0,4.25,4.35,4.4,4.5,Стандартный,2021-04-08
2021-04-08,4.45,67.05,23.0,19.0,4.15,4.4,4.5,4.6,Стандартный,2021-04-09
2021-04-09,4.43,62.3,25.0,19.0,4.4,4.4,4.5,4.7,Стандартный,2021-04-12
2021-04-12,4.46,41.8,18.0,18.0,4.2,4.4,4.6,4.65,Стандартный,2021-04-13
2021-04-13,4.52,76.1,21.0,19.0,4.25,4.5,4.6,4.65,Стандартный,2021-04-14
2021-04-14,4.46,227.0,45.0,24.0,4.2,4.45,4.5,4.6,Стандартный,2021-04-15
2021-04-15,4.47,205.4,43.0,21.0,4.25,4.45,4.55,4.65,Стандартный,2021-04-16
2021-04-16,4.45,236.4,41.0,22.0,4.35,4.45,4.5,4.6,Стандартный,2021-04-19
2021-04-19,4.27,111.1,30.0,23.0,4.0,4.25,4.5,4.6,Стандартный,2021-04-20
2021-04-20,4.37,112.1,32.0,22.0,4.0,4.3,4.4,4.55,Стандартный,2021-04-21
2021-04-21,4.35,166.9,37.0,21.0,4.25,4.35,4.4,4.5,Стандартный,2021-04-22
2021-04-22,4.36,148.4,34.0,20.0,4.25,4.35,4.4,4.5,Стандартный,2021-04-23
2021-04-23,4.4,248.0,41.0,21.0,4.25,4.4,4.45,4.6,Стандартный,2021-04-26
2021-04-26,4.81,325.1,54.0,23.0,4.4,4.75,4.85,4.95,Стандартный,2021-04-27
2021-04-27,4.6,261.7,48.0,22.0,4.5,4.5,4.76,4.9,Стандартный,2021-04-28
2021-04-28,4.85,165.6,44.0,24.0,4.75,4.8,4.9,5.25,Стандартный,2021-04-29
2021-04-29,4.88,88.0,30.0,25.0,4.8,4.8,4.95,5.1,Стандартный,2021-04-30
2021-04-30,4.84,153.6,34.0,22.0,4.45,4.75,4.95,5.1,Стандартный,2021-05-04
2021-05-04,4.71,210.09,42.0,27.0,4.2,4.6,4.75,4.9,Стандартный,2021-05-05
2021-05-05,4.53,113.3,33.0,22.0,4.25,4.4,4.65,4.75,Стандартный,2021-05-06
2021-05-06,4.3,57.85,24.0,18.0,4.0,4.1,4.46,4.6,Стандартный,2021-05-07
2021-05-07,4.23,55.35,23.0,17.0,4.05,4.16,4.25,4.4,Стандартный,2021-05-11
2021-05-11,4.27,95.95,33.0,20.0,3.9,4.25,4.5,4.8,Стандартный,2021-05-12
2021-05-12,4.75,75.35,30.0,21.0,4.5,4.65,4.9,5.0,Стандартный,2021-05-13
2021-05-13,4.84,107.9,34.0,22.0,4.65,4.8,4.9,5.0,Стандартный,2021-05-14
2021-05-14,4.97,,,,,,,,Резервный,2021-05-17
2021-05-17,4.97,,,,,,,,Резервный,2021-05-18
2021-05-18,4.97,,,,,,,,Резервный,2021-05-19
2021-05-19,4.91,150.7,39.0,21.0,4.7,4.9,4.99,5.0,Стандартный,2021-05-20
2021-05-20,4.81,233.2,52.0,26.0,4.75,4.8,4.95,5.0,Стандартный,2021-05-21
2021-05-21,4.82,193.6,46.0,24.0,4.7,4.8,4.9,4.95,Стандартный,2021-05-24
2021-05-24,4.77,151.4,40.0,24.0,4.5,4.75,4.85,4.95,Стандартный,2021-05-25
2021-05-25,4.89,160.35,45.0,24.0,4.55,4.8,4.9,5.0,Стандартный,2021-05-26
2021-05-26,4.9,155.1,42.0,23.0,4.75,4.9,4.95,5.1,Стандартный,2021-05-27
2021-05-27,4.93,141.2,34.0,20.0,4.7,4.9,5.0,5.05,Стандартный,2021-05-28
2021-05-28,4.97,121.05,31.0,22.0,4.85,4.9,5.0,5.05,Стандартный,2021-05-31
2021-05-31,4.85,118.8,34.0,23.0,4.4,4.8,4.95,5.1,Стандартный,2021-06-01
2021-06-01,4.77,82.05,26.0,23.0,4.5,4.7,4.85,4.9,Стандартный,2021-06-02
2021-06-02,4.8,58.9,23.0,19.0,4.6,4.75,4.85,4.95,Стандартный,2021-06-03
2021-06-03,4.74,84.0,29.0,21.0,4.5,4.65,4.8,4.85,Стандартный,2021-06-04
2021-06-04,4.75,56.5,26.0,20.0,4.25,4.7,4.8,4.95,Стандартный,2021-06-07
2021-06-07,4.38,140.35,45.0,22.0,4.05,4.25,4.6,4.75,Стандартный,2021-06-08
2021-06-08,4.73,75.4,31.0,22.0,4.5,4.61,4.84,6.5,Стандартный,2021-06-09
2021-06-09,5.0,177.05,39.0,22.0,4.8,5.0,5.0,5.15,Стандартный,2021-06-10
2021-06-10,5.04,124.25,31.0,18.0,4.85,5.0,5.1,5.25,Стандартный,2021-06-11
2021-06-11,5.2,108.8,22.0,15.0,5.0,5.2,5.2,5.25,Стандартный,2021-06-15
2021-06-15,5.36,200.22,38.0,20.0,5.0,5.35,5.4,5.6,Стандартный,2021-06-16
2021-06-16,5.36,179.95,36.0,21.0,5.0,5.35,5.4,5.5,Стандартный,2021-06-17
2021-06-17,5.35,149.55,33.0,20.0,5.05,5.35,5.45,5.55,Стандартный,2021-06-18
2021-06-18,5.34,188.1,36.0,21.0,5.1,5.25,5.35,5.5,Стандартный,2021-06-21
2021-06-21,5.17,163.8,37.0,24.0,4.95,5.15,5.3,5.45,Стандартный,2021-06-22
2021-06-22,5.18,166.3,43.0,26.0,5.0,5.1,5.25,5.4,Стандартный,2021-06-23
2021-06-23,5.09,204.55,44.0,24.0,5.0,5.05,5.15,5.35,Стандартный,2021-06-24
2021-06-24,5.1,232.97,42.0,22.0,4.9,5.05,5.1,5.4,Стандартный,2021-06-25
2021-06-25,5.43,225.05,36.0,16.0,5.2,5.25,5.41,5.55,Стандартный,2021-06-28
2021-06-28,5.46,269.1,37.0,21.0,5.25,5.4,5.5,5.5,Стандартный,2021-06-29
2021-06-29,5.42,162.39,37.0,21.0,5.1,5.4,5.5,5.6,Стандартный,2021-06-30
2021-06-30,5.28,65.4,23.0,19.0,5.0,5.18,5.45,5.75,Стандартный,2021-07-01
2021-07-01,5.06,227.88,46.0,23.0,4.75,4.9,5.25,5.5,Стандартный,2021-07-02
2021-07-02,5.11,107.9,33.0,21.0,5.0,5.0,5.3,5.5,Стандартный,2021-07-05
2021-07-05,5.31,93.7,30.0,20.0,5.15,5.3,5.45,5.55,Стандартный,2021-07-06
2021-07-06,5.27,87.1,27.0,21.0,5.0,5.25,5.35,5.55,Стандартный,2021-07-07
2021-07-07,5.36,75.6,26.0,19.0,5.1,5.3,5.45,5.55,Стандартный,2021-07-08
2021-07-08,5.41,62.4,19.0,17.0,5.25,5.4,5.5,5.75,Стандартный,2021-07-09
2021-07-09,5.48,65.6,21.0,17.0,5.45,5.45,5.55,5.75,Стандартный,2021-07-12
2021-07-12,5.5,60.2,18.0,18.0,5.4,5.5,5.5,5.75,Стандартный,2021-07-13
2021-07-13,5.55,55.6,15.0,15.0,5.35,5.55,5.59,5.65,Стандартный,2021-07-14
2021-07-14,5.6,165.5,36.0,20.0,5.2,5.55,5.6,5.65,Стандартный,2021-07-15
2021-07-15,5.6,208.0,38.0,21.0,5.55,5.6,5.6,5.75,Стандартный,2021-07-16
2021-07-16,5.71,200.6,38.0,21.0,5.5,5.65,5.75,5.9,Стандартный,2021-07-19
2021-07-19,5.78,237.95,42.0,20.0,5.6,5.75,5.85,6.25,Стандартный,2021-07-20
2021-07-20,5.85,212.2,38.0,21.0,5.55,5.8,5.85,5.95,Стандартный,2021-07-21
2021-07-21,5.76,377.9,70.0,22.0,5.3,5.7,5.8,5.9,Стандартный,2021-07-22
2021-07-22,5.7,511.1,78.0,22.0,5.35,5.65,5.7,5.8,Стандартный,2021-07-23
2021-07-23,5.75,544.68,68.0,21.0,5.35,5.7,5.75,5.85,Стандартный,2021-07-26
2021-07-26,6.25,189.1,41.0,19.0,5.75,6.15,6.25,6.3,Стандартный,2021-07-27
2021-07-27,6.24,334.49,59.0,20.0,5.7,6.06,6.25,6.5,Стандартный,2021-07-28
2021-07-28,6.61,188.35,41.0,23.0,6.2,6.25,7.0,7.5,Стандартный,2021-07-29
2021-07-29,7.19,197.0,42.0,22.0,6.5,7.0,7.25,7.5,Стандартный,2021-07-30
2021-07-30,6.76,173.1,42.0,22.0,6.5,6.7,7.0,7.25,Стандартный,2021-08-02
2021-08-02,6.19,196.7,46.0,20.0,5.75,6.15,6.3,6.65,Стандартный,2021-08-03
2021-08-03,5.61,59.2,21.0,19.0,5.5,5.5,6.0,6.1,Стандартный,2021-08-04
2021-08-04,5.86,98.6,34.0,21.0,5.65,5.75,6.0,6.25,Стандартный,2021-08-05
2021-08-05,5.75,190.43,42.0,25.0,5.6,5.75,5.85,6.25,Стандартный,2021-08-06
2021-08-06,6.02,146.15,37.0,21.0,5.7,5.9,6.15,6.3,Стандартный,2021-08-09
2021-08-09,6.22,94.9,31.0,22.0,6.0,6.1,6.25,6.3,Стандартный,2021-08-10
2021-08-10,6.25,123.05,25.0,17.0,6.25,6.25,6.25,6.85,Стандартный,2021-08-11
2021-08-11,6.24,89.6,23.0,21.0,6.0,6.18,6.35,6.5,Стандартный,2021-08-12
2021-08-12,6.32,78.25,24.0,18.0,6.0,6.25,6.35,6.45,Стандартный,2021-08-13
2021-08-13,6.39,51.2,14.0,15.0,6.1,6.3,6.45,6.45,Стандартный,2021-08-16
2021-08-16,6.5,62.3,18.0,16.0,6.15,6.5,6.7,6.8,Стандартный,2021-08-17
2021-08-17,6.7,216.65,35.0,19.0,6.3,6.5,6.75,6.75,Стандартный,2021-08-18
2021-08-18,6.48,106.07,32.0,20.0,6.25,6.4,6.5,6.65,Стандартный,2021-08-19
2021-08-19,6.46,194.75,44.0,21.0,6.0,6.4,6.5,6.55,Стандартный,2021-08-20
2021-08-20,6.46,124.45,37.0,21.0,6.25,6.4,6.5,6.75,Стандартный,2021-08-23
2021-08-23,6.4,139.35,33.0,20.0,6.25,6.4,6.5,6.6,Стандартный,2021-08-24
2021-08-24,6.45,181.85,47.0,23.0,6.15,6.4,6.5,6.6,Стандартный,2021-08-25
2021-08-25,6.51,127.75,33.0,24.0,6.15,6.4,6.6,6.6,Стандартный,2021-08-26
2021-08-26,6.48,92.6,27.0,19.0,6.25,6.4,6.5,6.6,Стандартный,2021-08-27
2021-08-27,6.47,105.6,30.0,21.0,6.2,6.35,6.5,6.5,Стандартный,2021-08-30
2021-08-30,6.51,138.75,28.0,21.0,6.15,6.43,6.55,6.6,Стандартный,2021-08-31
2021-08-31,6.48,182.4,41.0,22.0,6.2,6.35,6.5,6.6,Стандартный,2021-09-01
2021-09-01,6.32,155.64,43.0,21.0,5.9,6.1,6.4,6.5,Стандартный,2021-09-02
2021-09-02,6.05,219.2,53.0,24.0,5.75,6.0,6.2,6.4,Стандартный,2021-09-03
2021-09-03,6.32,94.3,28.0,21.0,6.0,6.25,6.4,6.5,Стандартный,2021-09-06
2021-09-06,6.27,127.6,41.0,23.0,6.15,6.25,6.35,6.75,Стандартный,2021-09-07
2021-09-07,6.34,103.1,30.0,19.0,5.75,6.25,6.45,6.75,Стандартный,2021-09-08
2021-09-08,6.44,132.35,33.0,20.0,6.3,6.4,6.6,6.75,Стандартный,2021-09-09
2021-09-09,6.51,143.85,37.0,23.0,6.35,6.5,6.6,7.15,Стандартный,2021-09-10
2021-09-10,6.69,158.56,36.0,21.0,6.45,6.54,6.75,7.0,Стандартный,2021-09-13
2021-09-13,6.63,199.85,50.0,23.0,6.3,6.6,6.7,7.0,Стандартный,2021-09-14
2021-09-14,6.67,257.95,57.0,24.0,6.4,6.6,6.75,7.15,Стандартный,2021-09-15
2021-09-15,6.65,160.1,37.0,22.0,6.5,6.6,6.75,7.15,Стандартный,2021-09-16
2021-09-16,6.7,218.35,46.0,24.0,6.53,6.65,6.75,7.15,Стандартный,2021-09-17
2021-09-17,6.69,172.8,44.0,23.0,6.5,6.65,6.75,6.9,Стандартный,2021-09-20
2021-09-20,6.75,191.6,48.0,25.0,6.5,6.7,6.75,7.0,Стандартный,2021-09-21
2021-09-21,6.65,165.7,34.0,22.0,6.5,6.65,6.75,6.8,Стандартный,2021-09-22
2021-09-22,6.59,217.6,51.0,25.0,6.25,6.55,6.7,6.85,Стандартный,2021-09-23
2021-09-23,6.51,177.11,40.0,23.0,6.3,6.5,6.65,6.7,Стандартный,2021-09-24
2021-09-24,6.56,158.7,43.0,24.0,6.35,6.5,6.6,6.7,Стандартный,2021-09-27
2021-09-27,6.69,165.01,46.0,22.0,6.5,6.65,6.9,7.35,Стандартный,2021-09-28
2021-09-28,6.75,140.5,29.0,22.0,6.65,6.75,6.85,7.0,Стандартный,2021-09-29
2021-09-29,6.68,150.7,27.0,18.0,6.65,6.65,6.8,7.1,Стандартный,2021-09-30
2021-09-30,6.78,64.5,24.0,19.0,6.65,6.75,6.88,7.25,Стандартный,2021-10-01
2021-10-01,6.64,188.65,45.0,21.0,6.35,6.6,6.75,6.8,Стандартный,2021-10-04
2021-10-04,6.63,265.6,60.0,22.0,6.4,6.55,6.65,6.75,Стандартный,2021-10-05
2021-10-05,6.45,245.71,51.0,24.0,6.0,6.35,6.6,6.65,Стандартный,2021-10-06
2021-10-06,6.41,211.95,50.0,23.0,6.1,6.4,6.5,6.6,Стандартный,2021-10-07
2021-10-07,6.39,111.2,36.0,23.0,6.25,6.3,6.5,6.6,Стандартный,2021-10-08
2021-10-08,6.33,82.3,31.0,21.0,6.0,6.25,6.44,6.6,Стандартный,2021-10-11
2021-10-11,6.54,61.4,24.0,21.0,6.35,6.48,6.6,6.85,Стандартный,2021-10-12
2021-10-12,6.28,100.43,27.0,22.0,5.7,6.0,6.5,6.65,Стандартный,2021-10-13
2021-10-13,6.67,200.45,42.0,22.0,6.4,6.65,6.75,6.85,Стандартный,2021-10-14
2021-10-14,6.78,79.4,22.0,20.0,6.5,6.75,6.85,6.9,Стандартный,2021-10-15
2021-10-15,6.79,120.5,33.0,19.0,6.75,6.8,6.85,7.0,Стандартный,2021-10-18
2021-10-18,6.9,126.65,33.0,21.0,6.75,6.8,6.9,7.0,Стандартный,2021-10-19
2021-10-19,6.85,77.9,23.0,17.0,6.8,6.85,6.9,7.0,Стандартный,2021-10-20
2021-10-20,6.86,113.28,31.0,19.0,6.75,6.85,6.95,7.1,Стандартный,2021-10-21
2021-10-21,6.82,75.35,21.0,18.0,6.76,6.8,6.95,7.05,Стандартный,2021-10-22
2021-10-22,7.0,107.05,26.0,19.0,7.0,7.0,7.0,7.15,Стандартный,2021-10-25
2021-10-25,7.38,156.6,36.0,22.0,7.2,7.3,7.45,7.5,Стандартный,2021-10-26
2021-10-26,7.3,183.44,41.0,21.0,7.2,7.25,7.4,7.5,Стандартный,2021-10-27
2021-10-27,7.28,219.31,46.0,26.0,7.0,7.2,7.35,7.5,Стандартный,2021-10-28
2021-10-28,7.33,232.65,52.0,24.0,7.1,7.3,7.36,7.6,Стандартный,2021-10-29
2021-10-29,7.35,251.45,54.0,23.0,7.0,7.3,7.4,7.5,Стандартный,2021-11-01
2021-11-01,7.11,221.1,52.0,24.0,6.6,7.0,7.25,7.35,Стандартный,2021-11-02
2021-11-02,6.86,169.2,42.0,20.0,6.55,6.75,7.0,7.1,Стандартный,2021-11-03
2021-11-03,7.09,146.2,50.0,24.0,6.75,7.0,7.25,7.45,Стандартный,2021-11-08
2021-11-08,7.4,233.3,65.0,27.0,6.65,7.35,7.4,7.7,Стандартный,2021-11-09
2021-11-09,7.5,222.2,62.0,26.0,7.0,7.45,7.5,7.75,Стандартный,2021-11-10
2021-11-10,7.29,139.35,38.0,23.0,7.2,7.25,7.5,7.55,Стандартный,2021-11-11
2021-11-11,7.32,103.44,34.0,24.0,7.2,7.25,7.48,7.5,Стандартный,2021-11-12
2021-11-12,7.26,138.8,33.0,22.0,7.25,7.25,7.45,7.5,Стандартный,2021-11-15
2021-11-15,7.32,88.2,27.0,20.0,7.25,7.3,7.49,7.6,Стандартный,2021-11-16
2021-11-16,7.37,118.5,25.0,22.0,7.05,7.3,7.45,7.6,Стандартный,2021-11-17
2021-11-17,7.44,138.7,30.0,20.0,7.25,7.4,7.55,7.65,Стандартный,2021-11-18
2021-11-18,7.48,161.1,41.0,25.0,7.25,7.4,7.55,7.6,Стандартный,2021-11-19
2021-11-19,7.39,194.3,42.0,25.0,7.0,7.35,7.45,7.6,Стандартный,2021-11-22
2021-11-22,7.3,180.35,35.0,25.0,7.1,7.25,7.4,7.5,Стандартный,2021-11-23
2021-11-23,7.3,115.1,26.0,20.0,7.1,7.25,7.45,7.5,Стандартный,2021-11-24
2021-11-24,7.27,223.3,42.0,26.0,7.0,7.25,7.35,7.45,Стандартный,2021-11-25
2021-11-25,7.49,176.3,56.0,28.0,7.0,7.44,7.5,7.75,Стандартный,2021-11-26
2021-11-26,7.33,127.04,43.0,26.0,7.15,7.26,7.45,7.55,Стандартный,2021-11-29
2021-11-29,7.36,189.24,56.0,24.0,7.0,7.29,7.5,7.7,Стандартный,2021-11-30
2021-11-30,7.27,177.8,41.0,23.0,6.75,7.2,7.4,7.6,Стандартный,2021-12-01
2021-12-01,6.93,83.91,35.0,25.0,6.75,6.81,7.25,7.5,Стандартный,2021-12-02
2021-12-02,6.93,156.05,34.0,24.0,6.65,6.75,7.2,7.3,Стандартный,2021-12-03
2021-12-03,7.16,162.75,40.0,25.0,6.7,7.1,7.25,7.5,Стандартный,2021-12-06
2021-12-06,7.21,136.35,40.0,23.0,6.7,7.0,7.5,7.7,Стандартный,2021-12-07
2021-12-07,7.24,94.75,32.0,21.0,6.75,7.1,7.41,7.5,Стандартный,2021-12-08
2021-12-08,7.44,115.5,33.0,24.0,7.3,7.4,7.6,7.75,Стандартный,2021-12-09
2021-12-09,7.49,192.8,41.0,26.0,7.2,7.4,7.5,7.65,Стандартный,2021-12-10
2021-12-10,7.45,225.3,45.0,24.0,7.25,7.45,7.5,7.6,Стандартный,2021-12-13
2021-12-13,7.4,438.7,73.0,26.0,7.25,7.4,7.48,7.6,Стандартный,2021-12-14
2021-12-14,7.38,370.9,61.0,26.0,7.1,7.3,7.45,7.55,Стандартный,2021-12-15
2021-12-15,7.36,317.1,56.0,27.0,7.1,7.25,7.45,7.55,Стандартный,2021-12-16
2021-12-16,7.35,268.0,52.0,26.0,7.25,7.3,7.45,7.55,Стандартный,2021-12-17
2021-12-17,7.5,382.4,71.0,28.0,7.0,7.4,7.5,7.55,Стандартный,2021-12-20
2021-12-20,8.07,399.65,66.0,25.0,7.7,8.0,8.2,8.26,Стандартный,2021-12-21
2021-12-21,7.79,295.9,54.0,23.0,7.6,7.75,8.0,8.2,Стандартный,2021-12-22
2021-12-22,8.08,269.7,56.0,26.0,7.6,8.0,8.15,8.5,Стандартный,2021-12-23
2021-12-23,7.77,229.35,44.0,23.0,7.4,7.68,8.0,8.15,Стандартный,2021-12-24
2021-12-24,8.01,242.68,47.0,23.0,7.75,8.0,8.1,8.4,Стандартный,2021-12-27
2021-12-27,8.15,196.0,44.0,27.0,7.8,8.1,8.25,8.5,Стандартный,2021-12-28
2021-12-28,8.29,248.43,58.0,26.0,7.75,8.1,8.45,8.85,Стандартный,2021-12-29
2021-12-29,8.13,212.71,47.0,24.0,7.75,8.06,8.2,8.55,Стандартный,2021-12-30
2022-01-10,8.04,265.18,42.0,22.0,7.6,7.8,8.3,8.5,Стандартный,2022-01-11
2022-01-11,8.06,151.75,39.0,22.0,7.7,8.0,8.2,8.5,Стандартный,2022-01-12
2022-01-12,8.07,82.7,28.0,17.0,7.8,8.0,8.28,8.4,Стандартный,2022-01-13
2022-01-13,8.09,140.0,37.0,23.0,7.75,8.0,8.2,8.35,Стандартный,2022-01-14
2022-01-14,8.2,157.65,47.0,26.0,8.0,8.11,8.29,8.55,Стандартный,2022-01-17
2022-01-17,8.29,252.85,52.0,25.0,8.0,8.24,8.3,8.4,Стандартный,2022-01-18
2022-01-18,8.28,196.9,42.0,23.0,8.05,8.25,8.3,8.5,Стандартный,2022-01-19
2022-01-19,8.25,281.82,62.0,24.0,8.1,8.25,8.3,8.5,Стандартный,2022-01-20
2022-01-20,8.26,178.75,50.0,26.0,8.0,8.25,8.3,8.5,Стандартный,2022-01-21
2022-01-21,8.29,112.75,36.0,24.0,7.8,8.19,8.3,8.5,Стандартный,2022-01-24
2022-01-24,8.33,129.49,40.0,24.0,8.1,8.3,8.46,8.5,Стандартный,2022-01-25
2022-01-25,8.42,146.6,40.0,24.0,8.25,8.35,8.5,8.9,Стандартный,2022-01-26
2022-01-26,8.45,251.5,57.0,26.0,8.15,8.35,8.5,8.6,Стандартный,2022-01-27
2022-01-27,8.47,230.1,55.0,26.0,8.2,8.4,8.5,8.6,Стандартный,2022-01-28
2022-01-28,8.42,381.2,63.0,28.0,8.0,8.35,8.4,8.5,Стандартный,2022-01-31
2022-01-31,8.28,256.7,48.0,27.0,8.0,8.23,8.3,8.4,Стандартный,2022-02-01
2022-02-01,8.13,325.4,62.0,27.0,7.85,8.05,8.15,8.55,Стандартный,2022-02-02
2022-02-02,8.17,183.4,42.0,23.0,7.75,8.15,8.2,8.4,Стандартный,2022-02-03
2022-02-03,8.12,198.55,48.0,23.0,7.8,8.0,8.15,8.2,Стандартный,2022-02-04
2022-02-04,8.01,211.05,44.0,23.0,7.7,8.0,8.1,8.15,Стандартный,2022-02-07
2022-02-07,7.82,227.75,49.0,24.0,7.5,7.75,7.9,8.05,Стандартный,2022-02-08
2022-02-08,8.25,,,,,,,,Резервный,2022-02-09
2022-02-09,8.51,243.5,47.0,27.0,8.25,8.4,8.55,8.6,Стандартный,2022-02-10
2022-02-10,8.71,144.95,37.0,23.0,8.35,8.55,8.75,8.75,Стандартный,2022-02-11
2022-02-11,8.97,126.8,34.0,20.0,8.6,8.8,9.0,9.1,Стандартный,2022-02-14
2022-02-14,9.36,234.87,48.0,26.0,9.15,9.25,9.4,9.5,Стандартный,2022-02-15
2022-02-15,9.4,185.95,47.0,25.0,9.2,9.3,9.4,9.55,Стандартный,2022-02-16
2022-02-16,9.5,176.15,40.0,25.0,9.2,9.45,9.5,9.65,Стандартный,2022-02-17
2022-02-17,9.5,145.04,39.0,22.0,9.25,9.5,9.5,9.65,Стандартный,2022-02-18
2022-02-18,9.54,220.8,49.0,23.0,9.25,9.5,9.6,9.65,Стандартный,2022-02-21
2022-02-21,9.5,286.1,58.0,24.0,9.25,9.5,9.5,9.6,Стандартный,2022-02-22
2022-02-22,9.64,156.7,44.0,23.0,9.3,9.6,9.8,9.9,Стандартный,2022-02-24
2022-02-24,9.65,,,,,,,,Резервный,2022-02-25
2022-02-25,10.0,82.35,17.0,12.0,9.0,9.5,10.0,11.0,Стандартный,2022-02-28
2022-02-28,20.0,89.6,16.0,9.0,19.25,20.0,23.0,24.0,Стандартный,2022-03-01
2022-03-01,20.51,75.0,10.0,7.0,20.0,20.5,23.0,25.0,Стандартный,2022-03-02
2022-03-02,21.01,67.5,14.0,10.0,20.0,20.5,22.0,23.0,Стандартный,2022-03-03
2022-03-03,20.29,57.0,8.0,6.0,20.0,20.0,22.0,22.0,Стандартный,2022-03-04
2022-03-04,20.59,,,,,,,,Резервный,2022-03-05
2022-03-05,20.44,,,,,,,,Резервный,2022-03-09
2022-03-09,20.39,,,,,,,,Резервный,2022-03-10
2022-03-10,21.21,75.6,13.0,9.0,20.1,20.5,22.0,23.0,Стандартный,2022-03-11
2022-03-11,20.52,105.5,15.0,8.0,20.0,20.5,22.0,23.0,Стандартный,2022-03-14
2022-03-14,20.41,111.5,12.0,10.0,20.0,20.38,22.0,22.0,Стандартный,2022-03-15
2022-03-15,20.34,105.5,10.0,7.0,20.0,20.4,21.0,21.0,Стандартный,2022-03-16
2022-03-16,20.02,147.5,16.0,10.0,19.5,20.0,20.33,21.0,Стандартный,2022-03-17
2022-03-17,20.0,104.1,18.0,11.0,18.0,20.0,21.0,21.0,Стандартный,2022-03-18
2022-03-18,19.83,149.6,25.0,10.0,18.0,19.75,21.0,21.0,Стандартный,2022-03-21
2022-03-21,19.67,,,,,,,,Резервный,2022-03-22
2022-03-22,19.5,205.5,29.0,13.0,17.0,19.5,19.5,21.0,Стандартный,2022-03-23
2022-03-23,19.5,185.6,24.0,11.0,18.0,19.5,19.5,20.5,Стандартный,2022-03-24
2022-03-24,19.52,275.6,27.0,10.0,19.1,19.5,19.5,19.75,Стандартный,2022-03-25
2022-03-25,19.53,230.6,24.0,11.0,18.0,19.5,19.6,20.2,Стандартный,2022-03-28
2022-03-28,19.49,137.6,20.0,11.0,18.5,19.44,19.56,20.15,Стандартный,2022-03-29
2022-03-29,19.3,124.6,14.0,8.0,18.0,19.25,19.3,19.5,Стандартный,2022-03-30
2022-03-30,19.4,273.6,30.0,11.0,19.1,19.3,19.5,19.6,Стандартный,2022-03-31
2022-03-31,19.25,207.0,19.0,10.0,19.1,19.25,19.25,19.25,Стандартный,2022-04-01
2022-04-01,19.25,,,,,,,,Резервный,2022-04-04
2022-04-04,19.08,,,,,,,,Резервный,2022-04-05
2022-04-05,19.05,,,,,,,,Резервный,2022-04-06
2022-04-06,19.24,91.0,16.0,11.0,17.5,19.1,19.25,19.25,Стандартный,2022-04-07
2022-04-07,19.25,110.5,20.0,15.0,18.25,19.25,19.26,19.55,Стандартный,2022-04-08
2022-04-08,19.24,78.0,15.0,13.0,18.0,19.11,19.29,19.6,Стандартный,2022-04-11
2022-04-11,16.28,106.0,23.0,16.0,14.0,16.14,16.3,16.55,Стандартный,2022-04-12
2022-04-12,16.31,63.0,10.0,11.0,16.0,16.2,16.4,17.0,Стандартный,2022-04-13
2022-04-13,16.25,279.0,25.0,15.0,14.5,16.1,16.25,16.25,Стандартный,2022-04-14
2022-04-14,16.25,,,,,,,,Резервный,2022-04-15
2022-04-15,16.25,156.0,21.0,14.0,14.5,16.1,16.25,16.3,Стандартный,2022-04-18
2022-04-18,16.25,128.5,21.0,13.0,14.5,16.25,16.25,16.5,Стандартный,2022-04-19
2022-04-19,16.25,165.5,25.0,14.0,14.5,16.25,16.25,16.35,Стандартный,2022-04-20
2022-04-20,16.24,142.0,26.0,15.0,14.5,16.1,16.25,16.35,Стандартный,2022-04-21
2022-04-21,16.25,142.5,21.0,12.0,14.5,16.1,16.25,16.25,Стандартный,2022-04-22
2022-04-22,16.25,296.5,27.0,14.0,14.5,16.25,16.25,16.35,Стандартный,2022-04-25
2022-04-25,16.25,114.0,24.0,15.0,16.05,16.24,16.3,16.75,Стандартный,2022-04-26
2022-04-26,16.31,109.0,27.0,16.0,14.5,16.25,16.35,16.6,Стандартный,2022-04-27
2022-04-27,16.35,63.0,14.0,12.0,14.5,16.35,16.35,16.4,Стандартный,2022-04-28
2022-04-28,16.5,87.0,19.0,14.0,14.5,16.35,16.65,17.0,Стандартный,2022-04-29
2022-04-29,16.56,130.5,16.0,10.0,16.15,16.5,16.75,16.75,Стандартный,2022-05-04
2022-05-04,13.68,90.0,21.0,16.0,11.0,13.6,13.8,14.5,Стандартный,2022-05-05
2022-05-05,14.0,117.5,22.0,12.0,10.2,13.75,14.15,14.25,Стандартный,2022-05-06
2022-05-06,14.15,173.0,32.0,15.0,10.5,14.0,14.25,14.25,Стандартный,2022-05-11
2022-05-11,14.09,126.8,26.0,16.0,10.75,13.95,14.25,14.25,Стандартный,2022-05-12
2022-05-12,14.1,174.5,27.0,16.0,10.75,14.0,14.25,14.5,Стандартный,2022-05-13
2022-05-13,14.16,193.0,24.0,13.0,10.75,13.8,14.25,14.5,Стандартный,2022-05-16
2022-05-16,13.53,157.5,22.0,14.0,11.0,13.5,13.65,14.0,Стандартный,2022-05-17
2022-05-17,13.98,184.5,27.0,17.0,10.75,13.5,14.0,14.0,Стандартный,2022-05-18
2022-05-18,13.96,144.5,27.0,15.0,10.75,13.68,14.3,14.3,Стандартный,2022-05-19
2022-05-19,13.89,165.0,27.0,12.0,13.25,13.75,13.9,13.9,Стандартный,2022-05-20
2022-05-20,13.68,171.18,31.0,15.0,11.0,13.5,13.9,13.9,Стандартный,2022-05-23
2022-05-23,13.66,205.98,24.0,16.0,12.0,13.5,13.8,13.8,Стандартный,2022-05-24
2022-05-24,13.5,69.58,14.0,16.0,12.0,13.5,13.5,13.6,Стандартный,2022-05-25
2022-05-25,13.54,164.88,29.0,16.0,12.0,13.4,13.6,14.25,Стандартный,2022-05-26
2022-05-26,13.34,121.58,22.0,14.0,12.0,13.25,13.5,13.5,Стандартный,2022-05-27
2022-05-27,10.65,106.88,22.0,14.0,9.0,10.55,10.75,10.75,Стандартный,2022-05-30
2022-05-30,10.7,91.08,18.0,13.0,9.0,10.6,10.75,10.8,Стандартный,2022-05-31
2022-05-31,10.75,129.58,21.0,16.0,9.0,10.7,10.75,10.9,Стандартный,2022-06-01
2022-06-01,10.65,168.38,24.0,18.0,9.0,10.58,10.7,10.8,Стандартный,2022-06-02
2022-06-02,10.64,179.08,29.0,19.0,9.0,10.55,10.65,10.7,Стандартный,2022-06-03
2022-06-03,10.64,,,,,,,,Резервный,2022-06-06
2022-06-06,10.38,91.51,18.0,15.0,9.0,10.35,10.4,10.5,Стандартный,2022-06-07
2022-06-07,10.29,106.41,22.0,14.0,9.0,10.25,10.35,10.4,Стандартный,2022-06-08
2022-06-08,10.49,132.81,29.0,16.0,9.0,10.45,10.6,11.0,Стандартный,2022-06-09
2022-06-09,10.83,149.51,33.0,18.0,9.0,10.75,11.0,11.25,Стандартный,2022-06-10
2022-06-10,10.6,172.71,27.0,16.0,9.0,10.5,10.69,10.8,Стандартный,2022-06-14
2022-06-14,9.71,173.51,27.0,15.0,8.75,9.5,9.95,10.4,Стандартный,2022-06-15
2022-06-15,9.6,200.81,29.0,18.0,9.0,9.5,9.7,9.7,Стандартный,2022-06-16
2022-06-16,9.3,168.81,27.0,18.0,8.75,9.25,9.3,9.4,Стандартный,2022-06-17
2022-06-17,8.99,84.6,17.0,13.0,8.6,8.85,9.0,9.25,Стандартный,2022-06-20
2022-06-20,8.75,82.21,19.0,15.0,8.0,8.75,8.79,8.9,Стандартный,2022-06-21
2022-06-21,8.89,89.51,19.0,16.0,8.0,8.85,8.9,9.35,Стандартный,2022-06-22
2022-06-22,8.89,103.93,21.0,14.0,8.0,8.8,8.9,9.1,Стандартный,2022-06-23
2022-06-23,8.95,167.01,28.0,17.0,8.0,8.9,8.96,9.35,Стандартный,2022-06-24
2022-06-24,8.86,170.26,26.0,17.0,8.0,8.8,8.95,9.1,Стандартный,2022-06-27
2022-06-27,8.85,225.5,29.0,16.0,8.75,8.85,8.9,9.2,Стандартный,2022-06-28
2022-06-28,8.99,267.6,30.0,16.0,8.5,8.85,9.0,9.35,Стандартный,2022-06-29
2022-06-29,8.99,207.5,31.0,19.0,8.5,8.9,9.0,9.35,Стандартный,2022-06-30
2022-06-30,9.0,231.9,27.0,13.0,8.75,8.86,9.0,9.25,Стандартный,2022-07-01
2022-07-01,8.9,182.2,25.0,17.0,8.5,8.75,9.0,9.25,Стандартный,2022-07-04
2022-07-04,8.76,138.8,22.0,16.0,8.0,8.75,8.8,9.0,Стандартный,2022-07-05
2022-07-05,8.76,126.6,18.0,15.0,8.0,8.7,8.85,9.0,Стандартный,2022-07-06
2022-07-06,8.83,117.75,23.0,15.0,8.55,8.75,8.9,9.05,Стандартный,2022-07-07
2022-07-07,8.94,154.95,31.0,17.0,8.45,8.8,9.0,9.3,Стандартный,2022-07-08
2022-07-08,9.1,218.9,39.0,16.0,8.55,9.0,9.15,9.3,Стандартный,2022-07-11
2022-07-11,9.35,164.1,27.0,14.0,8.55,9.0,9.5,9.5,Стандартный,2022-07-12
2022-07-12,9.56,170.8,34.0,17.0,9.0,9.4,9.6,9.65,Стандартный,2022-07-13
2022-07-13,9.1,120.1,20.0,14.0,8.5,9.0,9.18,9.25,Стандартный,2022-07-14
2022-07-14,9.23,144.6,25.0,15.0,8.55,9.1,9.35,9.55,Стандартный,2022-07-15
2022-07-15,9.34,164.6,30.0,17.0,8.65,9.2,9.4,9.75,Стандартный,2022-07-18
2022-07-18,9.35,108.0,21.0,12.0,9.1,9.25,9.35,9.5,Стандартный,2022-07-19
2022-07-19,9.32,135.5,22.0,11.0,9.0,9.25,9.4,9.65,Стандартный,2022-07-20
2022-07-20,9.29,124.6,24.0,13.0,9.0,9.25,9.36,9.75,Стандартный,2022-07-21
2022-07-21,9.31,194.4,33.0,16.0,8.5,9.25,9.35,9.5,Стандартный,2022-07-22
2022-07-22,9.24,180.0,29.0,15.0,8.25,9.1,9.25,9.35,Стандартный,2022-07-25
2022-07-25,8.05,96.6,21.0,15.0,7.5,7.9,8.2,8.45,Стандартный,2022-07-26
2022-07-26,8.09,119.0,25.0,18.0,7.5,8.0,8.2,8.4,Стандартный,2022-07-27
2022-07-27,8.26,265.1,41.0,19.0,7.25,8.1,8.35,8.4,Стандартный,2022-07-28
2022-07-28,8.1,226.1,33.0,20.0,7.5,8.0,8.15,8.25,Стандартный,2022-07-29
2022-07-29,8.1,202.6,31.0,14.0,7.85,8.06,8.15,8.25,Стандартный,2022-08-01
2022-08-01,8.09,238.7,38.0,19.0,7.45,7.95,8.1,8.25,Стандартный,2022-08-02
2022-08-02,8.05,289.0,39.0,17.0,7.25,8.0,8.1,8.35,Стандартный,2022-08-03
2022-08-03,7.99,186.7,30.0,15.0,7.25,7.85,8.0,8.3,Стандартный,2022-08-04
2022-08-04,7.76,205.5,30.0,12.0,7.5,7.75,7.8,8.0,Стандартный,2022-08-05
2022-08-05,7.74,304.8,40.0,14.0,7.35,7.6,7.75,8.0,Стандартный,2022-08-08
2022-08-08,7.58,268.5,45.0,15.0,7.27,7.5,7.75,8.25,Стандартный,2022-08-09
2022-08-09,8.03,251.9,41.0,17.0,7.5,7.75,8.1,8.15,Стандартный,2022-08-10
2022-08-10,7.89,137.5,22.0,15.0,7.25,7.75,7.95,8.0,Стандартный,2022-08-11
2022-08-11,8.07,317.5,35.0,17.0,7.25,7.83,8.1,8.25,Стандартный,2022-08-12
2022-08-12,8.19,337.6,41.0,19.0,7.35,8.05,8.25,8.5,Стандартный,2022-08-15
2022-08-15,8.08,170.4,30.0,18.0,7.35,7.8,8.1,8.1,Стандартный,2022-08-16
2022-08-16,7.94,154.6,28.0,17.0,7.3,7.75,8.0,8.5,Стандартный,2022-08-17
2022-08-17,7.86,91.5,19.0,15.0,7.25,7.75,7.99,8.0,Стандартный,2022-08-18
2022-08-18,7.87,104.4,19.0,17.0,7.25,7.75,8.0,8.1,Стандартный,2022-08-19
2022-08-19,8.03,203.4,31.0,15.0,7.25,7.8,8.1,8.1,Стандартный,2022-08-22
2022-08-22,7.92,150.4,25.0,16.0,7.3,7.8,8.0,8.0,Стандартный,2022-08-23
2022-08-23,7.99,195.0,36.0,18.0,7.25,7.8,8.1,8.25,Стандартный,2022-08-24
2022-08-24,7.96,144.8,28.0,18.0,7.3,7.8,8.1,8.1,Стандартный,2022-08-25
2022-08-25,7.91,117.0,20.0,16.0,7.35,7.8,8.18,8.5,Стандартный,2022-08-26
2022-08-26,7.89,92.1,20.0,15.0,7.5,7.8,8.03,8.25,Стандартный,2022-08-29
2022-08-29,8.02,129.0,24.0,18.0,7.25,7.85,8.15,8.35,Стандартный,2022-08-30
2022-08-30,7.89,76.0,19.0,13.0,7.25,7.8,8.0,8.2,Стандартный,2022-08-31
2022-08-31,8.03,151.9,31.0,15.0,7.7,7.81,8.1,8.1,Стандартный,2022-09-01
2022-09-01,7.94,212.3,35.0,17.0,7.75,7.76,8.0,8.35,Стандартный,2022-09-02
2022-09-02,7.84,142.1,28.0,15.0,7.25,7.75,7.9,7.9,Стандартный,2022-09-05
2022-09-05,7.9,210.8,39.0,16.0,7.6,7.76,8.0,8.1,Стандартный,2022-09-06
2022-09-06,7.8,128.25,27.0,16.0,7.25,7.75,7.8,8.0,Стандартный,2022-09-07
2022-09-07,7.81,114.3,26.0,15.0,7.25,7.75,7.9,8.0,Стандартный,2022-09-08
2022-09-08,7.8,151.4,29.0,16.0,7.25,7.75,7.85,8.0,Стандартный,2022-09-09
2022-09-09,7.82,199.75,44.0,18.0,7.25,7.7,7.9,8.0,Стандартный,2022-09-12
2022-09-12,7.54,219.7,39.0,17.0,7.2,7.5,7.69,7.9,Стандартный,2022-09-13
2022-09-13,7.77,103.8,19.0,12.0,7.25,7.63,7.91,8.02,Стандартный,2022-09-14
2022-09-14,7.7,204.8,30.0,15.0,7.25,7.6,7.75,8.0,Стандартный,2022-09-15
2022-09-15,7.74,200.25,28.0,15.0,7.25,7.6,7.75,7.9,Стандартный,2022-09-16
2022-09-16,7.59,245.5,36.0,14.0,7.25,7.48,7.65,7.75,Стандартный,2022-09-19
2022-09-19,7.34,285.15,40.0,17.0,6.75,7.29,7.5,7.5,Стандартный,2022-09-20
2022-09-20,7.41,166.75,24.0,16.0,6.85,7.33,7.5,7.65,Стандартный,2022-09-21
2022-09-21,7.54,217.15,30.0,17.0,6.85,7.4,7.75,7.85,Стандартный,2022-09-22
2022-09-22,7.59,265.75,36.0,17.0,6.75,7.44,7.75,7.85,Стандартный,2022-09-23
2022-09-23,7.52,242.85,36.0,17.0,6.75,7.4,7.7,7.75,Стандартный,2022-09-26
2022-09-26,7.5,105.65,22.0,15.0,6.75,7.4,7.75,7.8,Стандартный,2022-09-27
2022-09-27,7.58,135.4,22.0,15.0,7.4,7.5,7.75,8.05,Стандартный,2022-09-28
2022-09-28,7.73,203.2,27.0,16.0,7.4,7.51,7.79,8.5,Стандартный,2022-09-29
2022-09-29,7.89,244.9,34.0,15.0,7.5,7.65,8.1,8.25,Стандартный,2022-09-30
2022-09-30,7.86,87.0,19.0,11.0,7.5,7.63,8.15,8.25,Стандартный,2022-10-03
2022-10-03,8.17,180.45,26.0,14.0,6.65,7.7,8.25,8.6,Стандартный,2022-10-04
2022-10-04,7.92,138.05,24.0,15.0,6.65,7.75,8.0,8.25,Стандартный,2022-10-05
2022-10-05,7.9,178.5,28.0,18.0,6.65,7.75,8.0,8.2,Стандартный,2022-10-06
2022-10-06,7.95,240.54,37.0,17.0,6.65,7.75,8.0,8.1,Стандартный,2022-10-07
2022-10-07,7.97,318.55,45.0,17.0,6.65,7.75,8.0,8.15,Стандартный,2022-10-10
2022-10-10,7.62,175.1,31.0,17.0,6.65,7.5,7.75,8.0,Стандартный,2022-10-11
2022-10-11,7.55,204.05,38.0,16.0,6.65,7.5,7.6,8.0,Стандартный,2022-10-12
2022-10-12,7.62,121.1,22.0,14.0,6.65,7.5,7.75,7.85,Стандартный,2022-10-13
2022-10-13,7.65,191.2,33.0,16.0,7.4,7.5,7.75,7.85,Стандартный,2022-10-14
2022-10-14,7.6,115.2,22.0,17.0,6.65,7.5,7.75,7.85,Стандартный,2022-10-17
2022-10-17,7.56,56.2,14.0,14.0,6.65,7.5,7.7,7.75,Стандартный,2022-10-18
2022-10-18,7.63,115.2,24.0,18.0,6.65,7.54,7.75,7.75,Стандартный,2022-10-19
2022-10-19,7.65,244.2,46.0,19.0,6.65,7.5,7.75,7.9,Стандартный,2022-10-20
2022-10-20,7.71,301.15,48.0,20.0,6.65,7.5,7.75,7.75,Стандартный,2022-10-21
2022-10-21,7.72,,,,,,,,Резервный,2022-10-24
2022-10-24,7.69,374.7,60.0,21.0,6.65,7.5,7.75,8.0,Стандартный,2022-10-25
2022-10-25,7.7,269.7,45.0,18.0,6.65,7.5,7.75,8.0,Стандартный,2022-10-26
2022-10-26,7.65,292.2,48.0,18.0,6.65,7.4,7.75,7.75,Стандартный,2022-10-27
2022-10-27,7.62,282.9,54.0,20.0,6.65,7.4,7.75,7.85,Стандартный,2022-10-28
2022-10-28,7.64,279.1,52.0,19.0,6.65,7.5,7.75,7.9,Стандартный,2022-10-31
2022-10-31,7.54,212.2,37.0,17.0,6.65,7.4,7.75,7.85,Стандартный,2022-11-01
2022-11-01,7.6,270.81,48.0,18.0,6.65,7.5,7.75,8.0,Стандартный,2022-11-02
2022-11-02,7.65,296.14,53.0,18.0,6.65,7.4,7.75,8.0,Стандартный,2022-11-03
2022-11-03,7.68,305.1,49.0,19.0,6.65,7.5,7.85,8.0,Стандартный,2022-11-07
2022-11-07,7.63,316.43,52.0,19.0,6.65,7.5,7.75,8.0,Стандартный,2022-11-08
2022-11-08,7.6,294.45,49.0,19.0,6.65,7.4,7.75,7.85,Стандартный,2022-11-09
2022-11-09,7.68,295.67,52.0,18.0,6.65,7.5,7.75,8.0,Стандартный,2022-11-10
2022-11-10,7.58,281.3,46.0,18.0,6.65,7.4,7.75,7.8,Стандартный,2022-11-11
2022-11-11,7.09,278.0,44.0,21.0,6.65,6.94,7.25,7.4,Стандартный,2022-11-14
2022-11-14,6.95,322.6,45.0,16.0,6.75,6.75,7.0,7.1,Стандартный,2022-11-15
2022-11-15,7.09,283.7,38.0,15.0,6.75,7.0,7.2,7.35,Стандартный,2022-11-16
2022-11-16,7.54,500.9,54.0,19.0,6.65,7.4,7.6,7.85,Стандартный,2022-11-17
2022-11-17,7.55,489.5,56.0,19.0,6.65,7.4,7.6,7.75,Стандартный,2022-11-18
2022-11-18,7.54,432.6,49.0,19.0,6.65,7.5,7.6,7.6,Стандартный,2022-11-21
2022-11-21,7.42,547.2,59.0,19.0,6.65,7.25,7.5,7.55,Стандартный,2022-11-22
2022-11-22,7.25,523.4,53.0,19.0,6.65,7.2,7.4,7.4,Стандартный,2022-11-23
2022-11-23,6.92,444.4,44.0,19.0,6.65,6.75,7.1,7.25,Стандартный,2022-11-24
2022-11-24,6.82,239.0,42.0,16.0,6.75,6.75,7.0,7.1,Стандартный,2022-11-25
2022-11-25,7.03,361.3,56.0,20.0,1.5,6.75,7.14,7.25,Стандартный,2022-11-28
2022-11-28,7.06,504.2,61.0,19.0,1.5,6.75,7.25,7.25,Стандартный,2022-11-29
2022-11-29,7.14,571.4,75.0,19.0,1.5,6.95,7.25,7.35,Стандартный,2022-11-30
2022-11-30,7.18,381.5,50.0,16.0,6.6,6.95,7.25,7.25,Стандартный,2022-12-01
2022-12-01,7.22,434.7,55.0,20.0,1.5,7.0,7.25,7.6,Стандартный,2022-12-02
2022-12-02,7.42,652.07,77.0,21.0,1.5,7.25,7.5,7.5,Стандартный,2022-12-05
2022-12-05,7.29,610.35,73.0,22.0,1.5,7.1,7.35,7.55,Стандартный,2022-12-06
2022-12-06,7.21,462.35,62.0,20.0,1.5,7.15,7.25,7.55,Стандартный,2022-12-07
2022-12-07,7.26,340.4,45.0,21.0,1.5,7.0,7.35,7.35,Стандартный,2022-12-08
2022-12-08,7.28,443.9,53.0,23.0,1.5,7.1,7.35,7.35,Стандартный,2022-12-09
2022-12-09,7.3,383.9,53.0,22.0,1.5,7.15,7.35,7.75,Стандартный,2022-12-12
2022-12-12,7.24,379.04,42.0,20.0,1.5,7.15,7.25,7.35,Стандартный,2022-12-13
2022-12-13,7.22,394.49,44.0,21.0,1.5,7.0,7.25,7.35,Стандартный,2022-12-14
2022-12-14,7.23,374.55,38.0,19.0,1.5,7.1,7.25,7.35,Стандартный,2022-12-15
2022-12-15,7.24,341.0,36.0,21.0,1.5,7.1,7.35,7.5,Стандартный,2022-12-16
2022-12-16,7.43,424.1,51.0,22.0,1.5,7.25,7.5,7.5,Стандартный,2022-12-19
2022-12-19,7.38,511.86,56.0,21.0,1.5,7.25,7.46,7.65,Стандартный,2022-12-20
2022-12-20,7.42,370.28,42.0,21.0,1.5,7.25,7.5,7.55,Стандартный,2022-12-21
2022-12-21,7.41,398.55,47.0,19.0,1.5,7.25,7.4,7.5,Стандартный,2022-12-22
2022-12-22,7.36,522.71,56.0,21.0,1.5,7.25,7.4,7.5,Стандартный,2022-12-23
2022-12-23,7.35,738.7,77.0,21.0,1.5,7.25,7.4,7.4,Стандартный,2022-12-26
2022-12-26,7.39,669.0,63.0,23.0,1.5,7.25,7.4,7.6,Стандартный,2022-12-27
2022-12-27,7.32,631.06,79.0,20.0,1.5,7.25,7.4,7.85,Стандартный,2022-12-28
2022-12-28,7.36,574.8,68.0,20.0,1.5,7.25,7.4,8.02,Стандартный,2022-12-29
2022-12-29,7.37,814.57,75.0,19.0,1.5,7.25,7.4,8.02,Стандартный,2022-12-30
2023-01-09,7.34,605.1,58.0,19.0,5.0,7.15,7.6,7.65,Стандартный,2023-01-10
2023-01-10,7.21,391.5,39.0,18.0,5.0,7.0,7.45,7.6,Стандартный,2023-01-11
2023-01-11,7.01,466.95,61.0,22.0,5.0,6.9,7.1,7.2,Стандартный,2023-01-12
2023-01-12,6.94,388.33,53.0,19.0,5.0,6.8,7.0,7.0,Стандартный,2023-01-13
2023-01-13,6.75,429.67,51.0,22.0,5.0,6.75,6.8,7.05,Стандартный,2023-01-16
2023-01-16,6.87,328.8,49.0,22.0,1.5,6.75,7.0,7.0,Стандартный,2023-01-17
2023-01-17,6.96,210.46,25.0,17.0,1.5,6.75,7.0,7.4,Стандартный,2023-01-18
2023-01-18,6.99,351.39,49.0,21.0,1.5,6.9,7.05,7.5,Стандартный,2023-01-19
2023-01-19,6.96,471.96,65.0,25.0,1.5,6.9,7.0,7.4,Стандартный,2023-01-20
2023-01-20,6.94,599.93,73.0,24.0,1.5,6.9,7.0,7.4,Стандартный,2023-01-23
2023-01-23,6.99,633.63,77.0,24.0,1.5,6.9,7.0,7.5,Стандартный,2023-01-24
2023-01-24,6.97,592.77,65.0,23.0,1.5,6.8,7.0,7.0,Стандартный,2023-01-25
2023-01-25,6.99,563.5,58.0,23.0,1.5,6.8,7.0,7.5,Стандартный,2023-01-26
2023-01-26,6.97,570.21,69.0,23.0,1.5,6.9,7.0,7.05,Стандартный,2023-01-27
2023-01-27,7.0,603.03,65.0,23.0,1.5,6.85,7.0,7.5,Стандартный,2023-01-30
2023-01-30,7.0,358.51,52.0,21.0,1.5,6.9,7.0,7.25,Стандартный,2023-01-31
2023-01-31,7.11,305.69,48.0,20.0,6.6,6.98,7.2,7.4,Стандартный,2023-02-01
2023-02-01,7.07,466.89,65.0,21.0,6.6,7.0,7.1,7.25,Стандартный,2023-02-02
2023-02-02,7.01,489.53,62.0,22.0,3.0,6.95,7.0,7.1,Стандартный,2023-02-03
2023-02-03,7.0,574.91,67.0,19.0,6.6,6.9,7.0,7.1,Стандартный,2023-02-06
2023-02-06,6.97,587.5,68.0,19.0,6.6,6.9,7.0,7.0,Стандартный,2023-02-07
2023-02-07,6.89,584.7,70.0,22.0,1.5,6.8,6.9,7.0,Стандартный,2023-02-08
2023-02-08,6.9,469.7,63.0,23.0,1.5,6.8,6.94,7.1,Стандартный,2023-02-09
2023-02-09,6.89,596.5,78.0,23.0,6.6,6.8,6.9,7.0,Стандартный,2023-02-10
2023-02-10,6.89,594.2,75.0,24.0,6.6,6.8,6.9,7.0,Стандартный,2023-02-13
2023-02-13,6.83,603.11,72.0,24.0,1.5,6.79,6.9,7.0,Стандартный,2023-02-14
2023-02-14,7.26,385.01,43.0,21.0,1.5,7.15,7.3,7.5,Стандартный,2023-02-15
2023-02-15,7.1,399.8,60.0,24.0,6.6,7.0,7.2,7.4,Стандартный,2023-02-16
2023-02-16,7.18,474.07,66.0,23.0,6.6,7.0,7.25,7.35,Стандартный,2023-02-17
2023-02-17,7.27,521.5,76.0,23.0,6.6,7.1,7.35,7.4,Стандартный,2023-02-20
2023-02-20,7.31,405.01,62.0,24.0,6.6,7.1,7.35,7.5,Стандартный,2023-02-21
2023-02-21,7.4,413.6,57.0,24.0,6.65,7.25,7.45,7.55,Стандартный,2023-02-22
2023-02-22,7.49,440.5,67.0,23.0,6.65,7.3,7.5,7.6,Стандартный,2023-02-27
2023-02-27,7.46,344.25,53.0,21.0,1.5,7.3,7.5,7.75,Стандартный,2023-02-28
2023-02-28,7.51,153.13,30.0,19.0,6.65,7.25,7.6,7.85,Стандартный,2023-03-01
2023-03-01,7.6,354.12,58.0,24.0,3.0,7.45,7.75,7.75,Стандартный,2023-03-02
2023-03-02,7.61,375.73,62.0,25.0,6.65,7.45,7.75,7.75,Стандартный,2023-03-03
2023-03-03,7.65,360.71,59.0,24.0,6.65,7.45,7.75,7.8,Стандартный,2023-03-06
2023-03-06,7.6,420.74,67.0,25.0,6.65,7.45,7.75,7.9,Стандартный,2023-03-07
2023-03-07,7.61,367.43,56.0,25.0,6.7,7.4,7.75,7.75,Стандартный,2023-03-09
2023-03-09,7.59,452.05,78.0,25.0,1.5,7.35,7.75,7.75,Стандартный,2023-03-10
2023-03-10,7.35,500.7,86.0,25.0,6.6,7.2,7.4,7.45,Стандартный,2023-03-13
2023-03-13,7.02,552.2,80.0,22.0,6.6,7.0,7.18,7.3,Стандартный,2023-03-14
2023-03-14,7.14,96.5,22.0,17.0,6.65,7.0,7.25,7.3,Стандартный,2023-03-15
2023-03-15,7.29,408.4,71.0,23.0,6.65,7.25,7.44,7.6,Стандартный,2023-03-16
2023-03-16,7.29,345.28,63.0,23.0,1.5,7.21,7.4,7.5,Стандартный,2023-03-17
2023-03-17,7.28,436.43,74.0,25.0,6.6,7.2,7.4,7.65,Стандартный,2023-03-20
2023-03-20,7.25,411.97,69.0,22.0,6.65,7.2,7.25,7.4,Стандартный,2023-03-21
2023-03-21,7.26,345.11,57.0,24.0,6.65,7.2,7.3,7.4,Стандартный,2023-03-22
2023-03-22,7.27,389.86,66.0,23.0,1.5,7.2,7.3,7.4,Стандартный,2023-03-23
2023-03-23,7.11,337.84,56.0,22.0,6.65,6.94,7.15,7.5,Стандартный,2023-03-24
2023-03-24,7.06,203.18,37.0,19.0,6.65,7.0,7.1,7.5,Стандартный,2023-03-27
2023-03-27,7.11,322.51,47.0,19.0,6.65,7.05,7.19,7.3,Стандартный,2023-03-28
2023-03-28,7.35,215.99,39.0,24.0,6.65,7.1,7.5,7.75,Стандартный,2023-03-29
2023-03-29,7.43,373.0,58.0,23.0,6.65,7.35,7.5,7.85,Стандартный,2023-03-30
2023-03-30,7.34,430.39,69.0,18.0,6.65,7.2,7.5,7.85,Стандартный,2023-03-31
2023-03-31,7.25,362.6,56.0,16.0,7.0,7.15,7.3,7.6,Стандартный,2023-04-03
2023-04-03,7.18,410.45,56.0,21.0,6.6,7.0,7.25,7.35,Стандартный,2023-04-04
2023-04-04,6.98,275.4,42.0,19.0,6.6,6.85,7.0,7.5,Стандартный,2023-04-05
2023-04-05,6.98,157.36,32.0,17.0,6.6,6.75,7.0,7.05,Стандартный,2023-04-06
2023-04-06,6.92,198.43,34.0,18.0,6.6,6.8,7.0,7.25,Стандартный,2023-04-07
2023-04-07,7.14,400.46,65.0,21.0,6.65,7.0,7.25,7.44,Стандартный,2023-04-10
2023-04-10,7.08,358.87,58.0,21.0,6.6,7.0,7.1,7.25,Стандартный,2023-04-11
2023-04-11,7.3,222.51,41.0,21.0,6.65,7.25,7.35,7.55,Стандартный,2023-04-12
2023-04-12,7.18,340.83,59.0,21.0,6.65,7.05,7.25,7.4,Стандартный,2023-04-13
2023-04-13,7.19,370.66,62.0,21.0,6.65,7.1,7.25,7.75,Стандартный,2023-04-14
2023-04-14,7.35,356.34,67.0,24.0,6.7,7.15,7.4,7.5,Стандартный,2023-04-17
2023-04-17,7.38,391.55,64.0,21.0,6.65,7.3,7.4,7.5,Стандартный,2023-04-18
2023-04-18,7.45,383.06,63.0,21.0,6.7,7.3,7.5,7.5,Стандартный,2023-04-19
2023-04-19,7.32,373.42,63.0,21.0,6.7,7.2,7.35,7.5,Стандартный,2023-04-20
2023-04-20,7.26,285.83,52.0,19.0,6.65,7.15,7.3,7.4,Стандартный,2023-04-21
2023-04-21,7.21,347.53,57.0,20.0,6.65,7.0,7.2,7.35,Стандартный,2023-04-24
2023-04-24,6.98,348.96,58.0,20.0,6.6,6.85,7.1,7.25,Стандартный,2023-04-25
2023-04-25,6.97,356.11,57.0,21.0,6.6,6.85,7.0,7.25,Стандартный,2023-04-26
2023-04-26,6.81,336.53,53.0,22.0,6.6,6.75,6.95,7.1,Стандартный,2023-04-27
2023-04-27,6.78,364.44,60.0,19.0,6.6,6.75,6.9,7.1,Стандартный,2023-04-28
2023-04-28,7.53,557.36,50.0,19.0,6.8,7.1,7.5,7.75,Стандартный,2023-05-02
2023-05-02,7.44,620.7,55.0,24.0,6.7,7.21,7.4,7.75,Стандартный,2023-05-03
2023-05-03,7.11,233.87,52.0,24.0,6.65,7.0,7.2,7.25,Стандартный,2023-05-04
2023-05-04,7.0,317.18,50.0,22.0,6.65,6.85,7.05,7.25,Стандартный,2023-05-05
2023-05-05,6.91,283.4,49.0,21.0,6.6,6.8,7.05,7.2,Стандартный,2023-05-10
2023-05-10,6.96,293.32,42.0,21.0,6.65,6.85,7.15,7.3,Стандартный,2023-05-11
2023-05-11,6.95,391.35,53.0,21.0,6.65,6.85,7.0,7.1,Стандартный,2023-05-12
2023-05-12,6.83,435.23,57.0,21.0,6.55,6.7,6.95,7.0,Стандартный,2023-05-15
2023-05-15,7.39,196.78,33.0,18.0,6.65,7.15,7.5,7.5,Стандартный,2023-05-16
2023-05-16,7.38,329.22,45.0,19.0,6.75,7.2,7.5,7.6,Стандартный,2023-05-17
2023-05-17,7.28,474.48,72.0,23.0,6.65,7.2,7.4,7.65,Стандартный,2023-05-18
2023-05-18,7.3,442.34,70.0,23.0,6.7,7.2,7.4,7.65,Стандартный,2023-05-19
2023-05-19,7.3,499.49,75.0,22.0,6.7,7.15,7.4,7.5,Стандартный,2023-05-22
2023-05-22,7.31,559.16,78.0,22.0,6.7,7.15,7.4,7.4,Стандартный,2023-05-23
2023-05-23,7.23,505.87,70.0,22.0,6.7,7.1,7.25,7.25,Стандартный,2023-05-24
2023-05-24,7.31,447.15,73.0,24.0,6.7,7.15,7.4,7.4,Стандартный,2023-05-25
2023-05-25,7.22,410.28,69.0,24.0,6.6,7.1,7.25,7.4,Стандартный,2023-05-26
2023-05-26,7.32,524.35,91.0,26.0,6.7,7.16,7.4,7.4,Стандартный,2023-05-29
2023-05-29,7.3,273.84,44.0,20.0,6.75,7.17,7.4,7.5,Стандартный,2023-05-30
2023-05-30,7.32,321.16,59.0,23.0,6.75,7.25,7.4,7.65,Стандартный,2023-05-31
2023-05-31,7.37,466.4,64.0,19.0,7.0,7.2,7.43,7.8,Стандартный,2023-06-01
2023-06-01,7.27,543.35,63.0,23.0,6.7,7.2,7.25,7.8,Стандартный,2023-06-02
2023-06-02,7.33,774.02,86.0,23.0,6.75,7.25,7.42,7.8,Стандартный,2023-06-05
2023-06-05,7.36,627.03,61.0,21.0,6.75,7.25,7.3,7.8,Стандартный,2023-06-06
2023-06-06,7.32,736.87,68.0,20.0,6.75,7.2,7.3,7.8,Стандартный,2023-06-07
2023-06-07,7.39,523.5,76.0,21.0,6.75,7.25,7.5,7.5,Стандартный,2023-06-08
2023-06-08,7.31,488.14,65.0,23.0,6.75,7.2,7.35,7.5,Стандартный,2023-06-09
2023-06-09,7.28,439.99,57.0,20.0,6.75,7.17,7.3,7.5,Стандартный,2023-06-13
2023-06-13,7.49,362.81,48.0,21.0,6.85,7.35,7.6,7.75,Стандартный,2023-06-14
2023-06-14,7.34,381.66,52.0,19.0,6.85,7.25,7.4,7.4,Стандартный,2023-06-15
2023-06-15,7.35,419.42,59.0,21.0,6.65,7.25,7.4,7.4,Стандартный,2023-06-16
2023-06-16,7.3,464.74,64.0,23.0,6.8,7.25,7.4,7.4,Стандартный,2023-06-19
2023-06-19,7.25,435.33,54.0,22.0,6.8,7.1,7.25,7.25,Стандартный,2023-06-20
2023-06-20,7.22,379.94,50.0,20.0,6.8,7.1,7.25,7.25,Стандартный,2023-06-21
2023-06-21,7.25,413.78,61.0,23.0,6.8,7.15,7.3,7.3,Стандартный,2023-06-22
2023-06-22,7.15,367.95,58.0,23.0,6.75,7.1,7.15,7.25,Стандартный,2023-06-23
2023-06-23,7.13,388.45,55.0,23.0,6.75,7.02,7.15,7.15,Стандартный,2023-06-26
2023-06-26,7.15,231.6,39.0,20.0,6.8,7.15,7.15,7.25,Стандартный,2023-06-27
2023-06-27,7.14,294.9,44.0,19.0,6.8,7.04,7.15,7.25,Стандартный,2023-06-28
2023-06-28,7.26,355.3,51.0,23.0,6.65,7.2,7.4,7.6,Стандартный,2023-06-29
2023-06-29,7.41,419.67,52.0,19.0,6.65,7.29,7.5,7.6,Стандартный,2023-06-30
2023-06-30,7.45,313.89,30.0,11.0,7.25,7.35,7.5,7.7,Стандартный,2023-07-03
2023-07-03,7.34,496.57,56.0,18.0,6.8,7.25,7.4,7.55,Стандартный,2023-07-04
2023-07-04,7.35,414.45,45.0,18.0,6.8,7.25,7.4,7.4,Стандартный,2023-07-05
2023-07-05,7.31,364.31,49.0,20.0,6.75,7.2,7.4,7.4,Стандартный,2023-07-06
2023-07-06,7.37,364.56,53.0,19.0,6.8,7.22,7.4,7.5,Стандартный,2023-07-07
2023-07-07,7.35,423.16,60.0,20.0,6.8,7.25,7.4,7.4,Стандартный,2023-07-10
2023-07-10,7.4,473.8,58.0,20.0,6.7,7.25,7.6,8.0,Стандартный,2023-07-11
2023-07-11,7.58,460.36,55.0,19.0,7.2,7.5,7.65,8.0,Стандартный,2023-07-12
2023-07-12,7.56,381.47,47.0,20.0,6.8,7.35,7.74,7.75,Стандартный,2023-07-13
2023-07-13,7.66,389.53,44.0,18.0,6.8,7.4,7.78,7.9,Стандартный,2023-07-14
2023-07-14,7.8,382.65,46.0,18.0,6.8,7.65,7.9,8.1,Стандартный,2023-07-17
2023-07-17,8.09,324.17,34.0,14.0,6.85,7.9,8.15,8.15,Стандартный,2023-07-18
2023-07-18,7.78,314.66,36.0,17.0,6.9,7.65,7.85,7.9,Стандартный,2023-07-19
2023-07-19,7.96,282.69,37.0,16.0,6.85,7.8,8.0,8.0,Стандартный,2023-07-20
2023-07-20,7.99,308.49,43.0,16.0,6.85,7.85,8.0,8.1,Стандартный,2023-07-21
2023-07-21,8.04,310.11,37.0,16.0,6.9,8.0,8.15,8.25,Стандартный,2023-07-24
2023-07-24,8.25,399.78,53.0,20.0,7.65,8.15,8.25,8.3,Стандартный,2023-07-25
2023-07-25,8.16,310.05,45.0,20.0,7.65,8.15,8.15,8.25,Стандартный,2023-07-26
2023-07-26,8.25,486.95,54.0,20.0,7.65,8.15,8.4,8.5,Стандартный,2023-07-27
2023-07-27,8.4,471.37,63.0,22.0,7.65,8.2,8.4,8.5,Стандартный,2023-07-28
2023-07-28,8.38,407.84,58.0,19.0,7.65,8.22,8.4,8.5,Стандартный,2023-07-31
2023-07-31,8.42,340.24,44.0,14.0,8.0,8.25,8.5,8.5,Стандартный,2023-08-01
2023-08-01,8.47,501.14,68.0,19.0,7.65,8.29,8.5,8.5,Стандартный,2023-08-02
2023-08-02,8.49,501.53,66.0,19.0,7.65,8.2,8.5,8.55,Стандартный,2023-08-03
2023-08-03,8.29,467.33,71.0,18.0,7.65,8.1,8.3,8.4,Стандартный,2023-08-04
2023-08-04,8.17,632.24,78.0,19.0,7.6,8.0,8.25,8.3,Стандартный,2023-08-07
2023-08-07,8.21,478.61,69.0,20.0,7.6,8.05,8.25,8.25,Стандартный,2023-08-08
2023-08-08,8.48,453.18,58.0,17.0,8.05,8.4,8.6,8.6,Стандартный,2023-08-09
2023-08-09,8.35,441.6,57.0,18.0,7.7,8.25,8.4,8.4,Стандартный,2023-08-10
2023-08-10,8.35,398.05,49.0,16.0,7.65,8.2,8.4,8.5,Стандартный,2023-08-11
2023-08-11,8.33,422.14,55.0,21.0,7.65,8.25,8.44,8.5,Стандартный,2023-08-14
2023-08-14,8.51,436.75,53.0,21.0,7.75,8.3,8.65,8.65,Стандартный,2023-08-15
2023-08-15,11.69,383.91,45.0,20.0,11.2,11.5,11.75,12.0,Стандартный,2023-08-16
2023-08-16,11.77,340.59,44.0,21.0,11.15,11.6,11.85,12.0,Стандартный,2023-08-17
2023-08-17,11.88,373.61,48.0,20.0,11.15,11.64,12.0,12.0,Стандартный,2023-08-18
2023-08-18,11.81,396.7,52.0,21.0,11.15,11.68,12.0,12.0,Стандартный,2023-08-21
2023-08-21,11.86,585.37,71.0,21.0,11.15,11.6,12.0,12.0,Стандартный,2023-08-22
2023-08-22,11.89,605.37,73.0,23.0,11.15,11.65,12.0,12.0,Стандартный,2023-08-23
2023-08-23,11.86,477.64,62.0,23.0,11.05,11.7,12.0,12.0,Стандартный,2023-08-24
2023-08-24,11.91,420.12,55.0,24.0,11.05,11.71,12.0,12.0,Стандартный,2023-08-25
2023-08-25,11.9,453.72,58.0,24.0,11.15,11.75,12.0,12.0,Стандартный,2023-08-28
2023-08-28,11.91,484.79,67.0,22.0,11.15,11.7,12.0,12.5,Стандартный,2023-08-29
2023-08-29,11.92,452.63,65.0,22.0,11.2,11.7,12.0,12.0,Стандартный,2023-08-30
2023-08-30,11.92,417.09,61.0,23.0,11.2,11.7,12.0,12.0,Стандартный,2023-08-31
2023-08-31,11.84,415.22,49.0,17.0,11.4,11.65,12.0,12.3,Стандартный,2023-09-01
2023-09-01,11.9,392.41,55.0,21.0,11.2,11.71,12.0,12.0,Стандартный,2023-09-04
2023-09-04,11.94,434.81,57.0,21.0,11.2,11.7,12.0,12.3,Стандартный,2023-09-05
2023-09-05,11.96,370.41,61.0,22.0,11.2,11.7,12.0,12.0,Стандартный,2023-09-06
2023-09-06,11.91,378.84,56.0,22.0,11.15,11.7,12.0,12.05,Стандартный,2023-09-07
2023-09-07,11.96,422.46,64.0,20.0,11.5,11.6,12.0,12.0,Стандартный,2023-09-08
2023-09-08,11.92,419.4,67.0,24.0,11.1,11.75,12.0,12.5,Стандартный,2023-09-11
2023-09-11,11.95,483.79,66.0,21.0,11.0,11.7,12.0,12.0,Стандартный,2023-09-12
2023-09-12,12.01,391.39,56.0,23.0,11.25,11.8,12.0,12.2,Стандартный,2023-09-13
2023-09-13,11.99,388.27,50.0,19.0,11.1,11.75,12.08,12.25,Стандартный,2023-09-14
2023-09-14,12.2,430.67,51.0,22.0,11.2,12.0,12.25,12.4,Стандартный,2023-09-15
2023-09-15,12.41,329.38,40.0,22.0,11.35,12.16,12.5,12.5,Стандартный,2023-09-18
2023-09-18,12.7,504.99,71.0,19.0,12.2,12.5,12.75,12.85,Стандартный,2023-09-19
2023-09-19,12.55,510.71,69.0,17.0,12.1,12.4,12.65,12.75,Стандартный,2023-09-20
2023-09-20,12.44,372.76,53.0,21.0,12.05,12.35,12.5,12.75,Стандартный,2023-09-21
2023-09-21,12.45,400.66,49.0,20.0,12.1,12.3,12.5,12.5,Стандартный,2023-09-22
2023-09-22,12.45,466.72,58.0,18.0,12.05,12.2,12.5,12.5,Стандартный,2023-09-25
2023-09-25,12.39,508.83,67.0,17.0,12.2,12.25,12.5,12.6,Стандартный,2023-09-26
2023-09-26,12.39,482.24,62.0,15.0,12.2,12.25,12.5,12.75,Стандартный,2023-09-27
2023-09-27,12.47,281.39,42.0,17.0,12.2,12.25,12.5,12.65,Стандартный,2023-09-28
2023-09-28,12.38,171.85,29.0,14.0,12.25,12.25,12.5,12.75,Стандартный,2023-09-29
2023-09-29,12.43,321.41,56.0,17.0,12.25,12.35,12.5,13.0,Стандартный,2023-10-02
2023-10-02,12.49,326.16,43.0,17.0,12.2,12.4,12.5,12.65,Стандартный,2023-10-03
2023-10-03,12.44,446.71,61.0,18.0,12.25,12.3,12.5,12.65,Стандартный,2023-10-04
2023-10-04,12.43,454.6,57.0,16.0,12.25,12.3,12.5,12.6,Стандартный,2023-10-05
2023-10-05,12.48,401.55,61.0,19.0,12.25,12.4,12.5,12.65,Стандартный,2023-10-06
2023-10-06,12.43,420.1,70.0,21.0,12.25,12.3,12.5,12.7,Стандартный,2023-10-09
2023-10-09,12.99,232.42,29.0,16.0,12.45,12.7,13.0,13.1,Стандартный,2023-10-10
2023-10-10,13.06,334.6,46.0,18.0,12.5,12.85,13.1,13.15,Стандартный,2023-10-11
2023-10-11,12.69,112.74,20.0,14.0,12.4,12.5,12.86,13.0,Стандартный,2023-10-12
2023-10-12,13.0,246.85,36.0,17.0,12.7,13.0,13.2,13.4,Стандартный,2023-10-13
2023-10-13,13.15,170.38,27.0,18.0,12.25,13.0,13.2,13.4,Стандартный,2023-10-16
2023-10-16,13.19,225.34,32.0,18.0,12.25,12.99,13.2,13.45,Стандартный,2023-10-17
2023-10-17,13.17,260.78,36.0,20.0,12.25,12.99,13.2,13.4,Стандартный,2023-10-18
2023-10-18,13.2,469.66,64.0,20.0,12.25,13.0,13.2,13.4,Стандартный,2023-10-19
2023-10-19,13.17,522.21,75.0,19.0,12.25,13.1,13.2,13.35,Стандартный,2023-10-20
2023-10-20,13.14,518.76,78.0,21.0,12.25,13.0,13.2,13.25,Стандартный,2023-10-23
2023-10-23,13.11,597.77,89.0,19.0,12.25,12.9,13.2,13.25,Стандартный,2023-10-24
2023-10-24,13.11,522.63,73.0,19.0,12.25,12.9,13.2,13.25,Стандартный,2023-10-25
2023-10-25,12.87,618.84,81.0,20.0,12.25,12.75,13.0,13.15,Стандартный,2023-10-26
2023-10-26,12.68,503.68,69.0,16.0,12.1,12.5,12.75,12.9,Стандартный,2023-10-27
2023-10-27,12.67,597.27,82.0,19.0,12.25,12.5,13.1,13.6,Стандартный,2023-10-30
2023-10-30,14.75,681.12,89.0,20.0,14.15,14.5,14.75,15.5,Стандартный,2023-10-31
2023-10-31,14.5,565.92,71.0,19.0,14.19,14.35,14.6,14.85,Стандартный,2023-11-01
2023-11-01,14.43,308.94,53.0,15.0,14.07,14.25,14.5,14.55,Стандартный,2023-11-02
2023-11-02,14.31,393.2,64.0,14.0,14.05,14.25,14.35,14.7,Стандартный,2023-11-03
2023-11-03,14.23,409.62,64.0,18.0,14.05,14.2,14.25,14.5,Стандартный,2023-11-07
2023-11-07,14.18,403.72,57.0,15.0,14.05,14.05,14.25,14.5,Стандартный,2023-11-08
2023-11-08,14.25,379.4,54.0,20.0,14.05,14.1,14.35,14.6,Стандартный,2023-11-09
2023-11-09,14.41,293.15,31.0,17.0,14.1,14.35,14.5,15.0,Стандартный,2023-11-10
2023-11-10,14.63,361.1,46.0,16.0,14.25,14.5,15.0,15.1,Стандартный,2023-11-13
2023-11-13,14.8,272.88,35.0,16.0,14.25,14.75,15.0,15.1,Стандартный,2023-11-14
2023-11-14,14.92,477.41,50.0,19.0,14.1,14.5,15.0,15.1,Стандартный,2023-11-15
2023-11-15,14.73,413.7,51.0,18.0,14.25,14.55,14.75,14.85,Стандартный,2023-11-16
2023-11-16,15.01,409.15,48.0,17.0,14.25,14.85,15.1,15.1,Стандартный,2023-11-17
2023-11-17,15.03,457.33,47.0,18.0,14.3,14.86,15.1,15.1,Стандартный,2023-11-20
2023-11-20,15.02,311.19,34.0,20.0,14.2,14.9,15.1,15.2,Стандартный,2023-11-21
2023-11-21,15.08,407.38,46.0,19.0,14.2,14.9,15.25,15.25,Стандартный,2023-11-22
2023-11-22,15.17,593.12,74.0,22.0,14.2,14.9,15.25,15.35,Стандартный,2023-11-23
2023-11-23,15.02,504.33,54.0,20.0,14.3,14.85,15.1,15.25,Стандартный,2023-11-24
2023-11-24,15.19,691.79,72.0,22.0,14.2,14.89,15.25,15.35,Стандартный,2023-11-27
2023-11-27,15.17,695.75,65.0,22.0,14.25,15.0,15.25,15.35,Стандартный,2023-11-28
2023-11-28,15.2,538.03,63.0,21.0,14.2,15.0,15.25,15.6,Стандартный,2023-11-29
2023-11-29,15.06,896.97,95.0,22.0,14.15,14.93,15.15,15.65,Стандартный,2023-11-30
2023-11-30,14.91,622.63,63.0,18.0,14.75,14.8,15.0,15.65,Стандартный,2023-12-01
2023-12-01,14.9,1005.56,99.0,22.0,14.15,14.76,15.0,15.35,Стандартный,2023-12-04
2023-12-04,14.78,784.08,91.0,20.0,14.15,14.75,14.9,15.5,Стандартный,2023-12-05
2023-12-05,14.7,847.96,98.0,20.0,14.15,14.5,14.75,15.0,Стандартный,2023-12-06
2023-12-06,14.55,572.34,60.0,19.0,14.15,14.5,14.6,15.0,Стандартный,2023-12-07
2023-12-07,14.52,629.4,77.0,19.0,14.15,14.5,14.6,15.0,Стандартный,2023-12-08
2023-12-08,14.49,621.72,59.0,17.0,14.25,14.5,14.54,15.0,Стандартный,2023-12-11
2023-12-11,14.98,795.67,74.0,18.0,14.25,14.89,15.0,15.5,Стандартный,2023-12-12
2023-12-12,15.0,633.01,58.0,19.0,14.25,15.0,15.0,15.25,Стандартный,2023-12-13
2023-12-13,15.16,600.13,56.0,19.0,14.2,15.04,15.25,15.6,Стандартный,2023-12-14
2023-12-14,15.39,503.34,48.0,19.0,14.35,15.25,15.5,16.0,Стандартный,2023-12-15
2023-12-15,15.73,506.6,55.0,19.0,14.4,15.5,15.75,16.0,Стандартный,2023-12-18
2023-12-18,15.71,543.66,57.0,19.0,15.25,15.5,15.75,15.9,Стандартный,2023-12-19
2023-12-19,15.5,676.81,61.0,16.0,15.15,15.5,15.55,16.0,Стандартный,2023-12-20
2023-12-20,15.53,733.37,70.0,16.0,15.25,15.3,15.6,15.75,Стандартный,2023-12-21
2023-12-21,15.34,716.45,66.0,16.0,15.25,15.25,15.4,15.75,Стандартный,2023-12-22
2023-12-22,15.3,676.05,57.0,18.0,15.1,15.25,15.4,15.65,Стандартный,2023-12-25
2023-12-25,15.3,732.87,58.0,15.0,15.2,15.25,15.4,15.4,Стандартный,2023-12-26
2023-12-26,15.25,745.83,59.0,17.0,15.09,15.2,15.25,15.3,Стандартный,2023-12-27
2023-12-27,15.25,461.08,53.0,18.0,15.05,15.25,15.3,16.0,Стандартный,2023-12-28
2023-12-28,15.27,447.99,51.0,16.0,15.1,15.25,15.5,16.0,Стандартный,2023-12-29
2024-01-09,15.59,560.4,46.0,15.0,15.25,15.5,15.75,15.75,Стандартный,2024-01-10
2024-01-10,15.34,840.78,71.0,17.0,15.1,15.15,15.5,15.6,Стандартный,2024-01-11
2024-01-11,15.2,907.93,85.0,18.0,15.1,15.1,15.25,15.25,Стандартный,2024-01-12
2024-01-12,15.15,301.55,31.0,14.0,15.05,15.11,15.15,15.25,Стандартный,2024-01-15
2024-01-15,15.42,424.7,34.0,14.0,15.25,15.4,15.75,16.0,Стандартный,2024-01-16
2024-01-16,15.56,338.67,41.0,17.0,15.1,15.4,16.0,16.0,Стандартный,2024-01-17
2024-01-17,15.59,564.02,53.0,21.0,15.15,15.5,15.75,16.0,Стандартный,2024-01-18
2024-01-18,15.62,658.78,60.0,20.0,15.1,15.5,15.75,16.0,Стандартный,2024-01-19
2024-01-19,15.8,650.26,59.0,19.0,15.1,15.75,15.85,16.0,Стандартный,2024-01-22
2024-01-22,15.83,584.26,55.0,21.0,15.1,15.75,15.96,16.0,Стандартный,2024-01-23
2024-01-23,15.98,466.9,51.0,21.0,15.1,15.85,16.0,16.1,Стандартный,2024-01-24
2024-01-24,15.98,504.52,50.0,20.0,15.1,15.75,16.0,16.1,Стандартный,2024-01-25
2024-01-25,16.0,349.7,39.0,19.0,15.2,15.9,16.0,16.1,Стандартный,2024-01-26
2024-01-26,15.74,293.53,34.0,17.0,15.15,15.5,15.75,16.0,Стандартный,2024-01-29
2024-01-29,16.0,417.22,52.0,20.0,15.2,15.75,16.14,16.3,Стандартный,2024-01-30
2024-01-30,16.01,482.93,60.0,24.0,15.15,16.0,16.1,16.35,Стандартный,2024-01-31
2024-01-31,16.0,373.9,42.0,21.0,15.15,16.0,16.0,16.5,Стандартный,2024-02-01
2024-02-01,15.82,398.21,50.0,21.0,15.2,15.75,16.0,16.1,Стандартный,2024-02-02
2024-02-02,15.97,398.67,51.0,23.0,15.1,15.75,16.0,16.5,Стандартный,2024-02-05
2024-02-05,16.0,433.95,49.0,23.0,15.15,16.0,16.0,16.5,Стандартный,2024-02-06
2024-02-06,16.0,354.49,45.0,22.0,15.15,16.0,16.0,16.5,Стандартный,2024-02-07
2024-02-07,15.96,378.82,41.0,20.0,15.1,15.75,16.0,16.25,Стандартный,2024-02-08
2024-02-08,15.87,314.9,31.0,17.0,15.15,15.78,16.0,16.1,Стандартный,2024-02-09
2024-02-09,15.94,455.01,58.0,22.0,15.1,15.85,16.0,16.3,Стандартный,2024-02-12
2024-02-12,16.0,473.0,49.0,20.0,15.2,16.0,16.0,16.35,Стандартный,2024-02-13
2024-02-13,15.84,408.26,48.0,17.0,15.5,15.75,16.05,16.25,Стандартный,2024-02-14
2024-02-14,15.79,394.32,41.0,18.0,15.15,15.5,16.0,16.0,Стандартный,2024-02-15
2024-02-15,15.75,415.37,44.0,16.0,15.25,15.75,15.76,16.1,Стандартный,2024-02-16
2024-02-16,15.74,513.94,53.0,20.0,15.1,15.7,15.75,15.9,Стандартный,2024-02-19
2024-02-19,15.74,514.8,55.0,22.0,15.1,15.71,15.75,16.0,Стандартный,2024-02-20
2024-02-20,15.75,382.78,38.0,18.0,14.75,15.65,15.75,15.75,Стандартный,2024-02-21
2024-02-21,15.75,455.56,41.0,16.0,15.05,15.75,15.75,15.75,Стандартный,2024-02-22
2024-02-22,15.75,569.07,54.0,18.0,15.05,15.6,15.75,15.9,Стандартный,2024-02-26
2024-02-26,15.74,514.96,45.0,19.0,15.05,15.6,15.75,15.75,Стандартный,2024-02-27
2024-02-27,15.71,529.63,45.0,17.0,15.05,15.5,15.75,15.75,Стандартный,2024-02-28
2024-02-28,15.7,617.09,64.0,23.0,15.05,15.5,15.75,16.4,Стандартный,2024-02-29
2024-02-29,15.75,417.97,42.0,14.0,15.5,15.75,15.75,16.7,Стандартный,2024-03-01
2024-03-01,15.44,568.17,54.0,21.0,15.1,15.25,15.5,15.75,Стандартный,2024-03-04
2024-03-04,15.46,609.11,62.0,19.0,15.1,15.25,15.5,15.55,Стандартный,2024-03-05
2024-03-05,15.34,503.14,58.0,21.0,15.0,15.15,15.4,15.55,Стандартный,2024-03-06
2024-03-06,15.4,296.31,41.0,17.0,15.25,15.33,15.5,16.0,Стандартный,2024-03-07
2024-03-07,15.67,438.39,55.0,23.0,15.05,15.5,16.0,16.3,Стандартный,2024-03-11
2024-03-11,15.89,469.48,54.0,22.0,15.1,15.75,16.0,16.45,Стандартный,2024-03-12
2024-03-12,16.0,509.82,55.0,17.0,15.45,15.75,16.0,16.25,Стандартный,2024-03-13
2024-03-13,15.75,397.9,47.0,20.0,15.1,15.54,15.75,15.8,Стандартный,2024-03-14
2024-03-14,15.75,478.58,57.0,20.0,15.1,15.7,15.75,16.0,Стандартный,2024-03-15
2024-03-15,15.74,546.82,63.0,23.0,15.15,15.5,15.75,15.9,Стандартный,2024-03-18
2024-03-18,15.72,582.16,63.0,23.0,15.1,15.4,15.75,16.0,Стандартный,2024-03-19
2024-03-19,15.68,500.96,59.0,20.0,15.1,15.36,15.75,16.0,Стандартный,2024-03-20
2024-03-20,15.7,406.5,48.0,18.0,15.1,15.48,15.75,15.9,Стандартный,2024-03-21
2024-03-21,15.54,,,,,,,,Резервный,2024-03-22
2024-03-22,15.35,299.3,38.0,18.0,15.1,15.25,15.5,15.75,Стандартный,2024-03-25
2024-03-25,15.29,318.3,39.0,18.0,15.1,15.25,15.35,15.5,Стандартный,2024-03-26
2024-03-26,15.5,296.0,29.0,16.0,15.15,15.5,15.5,16.45,Стандартный,2024-03-27
2024-03-27,15.25,359.69,37.0,19.0,15.05,15.25,15.4,15.75,Стандартный,2024-03-28
2024-03-28,15.42,362.04,48.0,23.0,15.07,15.35,15.75,16.1,Стандартный,2024-03-29
2024-03-29,15.99,526.63,75.0,18.0,15.1,15.71,16.25,17.1,Стандартный,2024-04-01
2024-04-01,15.63,438.09,62.0,23.0,15.1,15.5,15.75,16.3,Стандартный,2024-04-02
2024-04-02,15.49,438.68,60.0,25.0,15.05,15.29,15.8,16.25,Стандартный,2024-04-03
2024-04-03,15.7,628.75,86.0,25.0,15.05,15.3,15.85,16.25,Стандартный,2024-04-04
2024-04-04,15.67,909.18,75.0,23.0,15.05,15.21,15.74,16.25,Стандартный,2024-04-05
2024-04-05,15.72,789.86,68.0,24.0,15.1,15.5,15.75,16.25,Стандартный,2024-04-08
2024-04-08,15.86,794.59,64.0,22.0,15.05,15.54,15.85,16.15,Стандартный,2024-04-09
2024-04-09,15.9,,,,,,,,Резервный,2024-04-10
2024-04-10,15.61,400.84,47.0,21.0,15.1,15.43,15.75,16.35,Стандартный,2024-04-11
2024-04-11,15.64,589.94,64.0,23.0,15.1,15.5,15.75,16.35,Стандартный,2024-04-12
2024-04-12,15.73,668.94,78.0,22.0,15.05,15.5,15.8,16.35,Стандартный,2024-04-15
2024-04-15,15.7,567.48,70.0,21.0,15.1,15.5,15.75,16.35,Стандартный,2024-04-16
2024-04-16,15.74,443.67,57.0,20.0,15.1,15.5,15.75,16.33,Стандартный,2024-04-17
2024-04-17,15.72,420.2,49.0,18.0,15.1,15.6,15.75,15.8,Стандартный,2024-04-18
2024-04-18,15.72,444.06,53.0,20.0,15.1,15.6,15.75,16.35,Стандартный,2024-04-19
2024-04-19,15.73,412.59,50.0,17.0,15.1,15.6,15.75,16.0,Стандартный,2024-04-22
2024-04-22,15.69,498.87,53.0,19.0,15.1,15.5,15.75,15.8,Стандартный,2024-04-23
2024-04-23,15.73,448.96,51.0,20.0,15.1,15.6,15.75,15.8,Стандартный,2024-04-24
2024-04-24,15.6,512.48,55.0,18.0,15.1,15.51,15.6,16.35,Стандартный,2024-04-25
2024-04-25,15.59,433.5,50.0,20.0,15.1,15.55,15.6,15.95,Стандартный,2024-04-26
2024-04-26,15.7,348.94,41.0,18.0,15.1,15.6,15.75,16.0,Стандартный,2024-04-27
2024-04-27,15.86,347.81,40.0,18.0,15.15,15.7,16.0,16.75,Стандартный,2024-05-02
2024-05-02,15.73,180.35,26.0,18.0,15.15,15.57,15.75,16.0,Стандартный,2024-05-03
2024-05-03,15.95,397.76,44.0,20.0,15.2,15.75,16.0,16.35,Стандартный,2024-05-06
2024-05-06,16.18,441.46,52.0,20.0,15.2,15.96,16.25,16.25,Стандартный,2024-05-07
2024-05-07,16.14,514.98,57.0,21.0,15.4,15.75,16.25,16.4,Стандартный,2024-05-08
2024-05-08,16.01,362.26,48.0,20.0,15.2,16.0,16.15,16.5,Стандартный,2024-05-13
2024-05-13,16.21,323.64,39.0,20.0,15.35,15.75,16.25,17.25,Стандартный,2024-05-14
2024-05-14,16.1,349.2,40.0,21.0,15.35,16.0,16.25,16.35,Стандартный,2024-05-15
2024-05-15,16.0,500.28,62.0,24.0,15.15,15.9,16.0,16.25,Стандартный,2024-05-16
2024-05-16,15.9,537.8,66.0,24.0,15.25,15.85,16.0,16.1,Стандартный,2024-05-17
2024-05-17,15.85,439.69,61.0,22.0,15.15,15.85,15.9,16.1,Стандартный,2024-05-20
2024-05-20,15.85,459.56,55.0,23.0,15.25,15.85,15.91,16.1,Стандартный,2024-05-21
2024-05-21,15.85,427.05,46.0,23.0,15.3,15.85,15.9,16.0,Стандартный,2024-05-22
2024-05-22,15.85,547.92,52.0,20.0,15.25,15.85,15.9,16.0,Стандартный,2024-05-23
2024-05-23,15.85,471.63,52.0,20.0,15.15,15.85,15.9,15.9,Стандартный,2024-05-24
2024-05-24,15.84,555.35,57.0,22.0,15.15,15.75,15.85,16.1,Стандартный,2024-05-27
2024-05-27,15.8,539.32,62.0,19.0,15.15,15.75,15.8,15.9,Стандартный,2024-05-28
2024-05-28,15.89,477.75,57.0,21.0,15.25,15.85,15.95,16.25,Стандартный,2024-05-29
2024-05-29,15.86,426.83,42.0,21.0,15.3,15.85,15.9,16.15,Стандартный,2024-05-30
2024-05-30,15.95,576.03,60.0,23.0,15.1,15.9,16.0,16.5,Стандартный,2024-05-31
2024-05-31,16.14,426.75,52.0,21.0,15.15,16.0,16.25,16.5,Стандартный,2024-06-03
2024-06-03,15.97,647.31,65.0,21.0,15.15,15.85,16.0,16.2,Стандартный,2024-06-04
2024-06-04,15.83,441.0,43.0,15.0,15.25,15.75,16.0,16.1,Стандартный,2024-06-05
2024-06-05,16.0,395.32,45.0,20.0,15.25,16.0,16.1,16.4,Стандартный,2024-06-06
2024-06-06,16.12,481.83,47.0,19.0,15.3,16.05,16.24,16.4,Стандартный,2024-06-07
2024-06-07,16.0,522.42,60.0,21.0,15.15,15.85,16.25,16.5,Стандартный,2024-06-10
2024-06-10,15.85,531.19,56.0,19.0,15.5,15.75,15.9,16.0,Стандартный,2024-06-11
2024-06-11,15.6,395.05,37.0,18.0,14.9,15.6,15.6,16.15,Стандартный,2024-06-13
2024-06-13,15.7,310.42,37.0,16.0,15.5,15.6,15.75,16.0,Стандартный,2024-06-14
2024-06-14,15.64,483.65,54.0,19.0,15.25,15.6,15.65,15.75,Стандартный,2024-06-17
2024-06-17,15.6,370.85,40.0,17.0,15.15,15.6,15.6,15.75,Стандартный,2024-06-18
2024-06-18,15.51,362.7,35.0,16.0,15.15,15.4,15.6,15.6,Стандартный,2024-06-19
2024-06-19,15.37,454.93,46.0,18.0,15.15,15.25,15.5,15.85,Стандартный,2024-06-20
2024-06-20,15.33,193.23,24.0,12.0,15.1,15.15,15.5,15.65,Стандартный,2024-06-21
2024-06-21,15.25,291.74,34.0,17.0,15.1,15.2,15.4,15.5,Стандартный,2024-06-24
2024-06-24,15.32,351.43,39.0,16.0,15.1,15.25,15.4,15.5,Стандартный,2024-06-25
2024-06-25,15.51,285.5,32.0,16.0,15.1,15.48,15.56,15.7,Стандартный,2024-06-26
2024-06-26,15.6,347.6,38.0,16.0,15.25,15.5,15.75,16.0,Стандартный,2024-06-27
2024-06-27,15.51,183.1,27.0,14.0,15.1,15.5,15.65,15.9,Стандартный,2024-06-28
2024-06-28,15.66,254.45,46.0,17.0,15.5,15.6,16.0,17.15,Стандартный,2024-07-01
2024-07-01,16.04,346.97,41.0,14.0,15.7,15.8,16.2,16.95,Стандартный,2024-07-02
2024-07-02,16.04,304.84,29.0,14.0,15.9,16.0,16.25,17.0,Стандартный,2024-07-03
2024-07-03,16.14,376.37,44.0,18.0,15.75,16.0,16.2,16.35,Стандартный,2024-07-04
2024-07-04,16.0,365.99,46.0,19.0,15.47,15.9,16.0,16.25,Стандартный,2024-07-05
2024-07-05,16.0,307.16,32.0,18.0,15.81,15.99,16.0,16.05,Стандартный,2024-07-08
2024-07-08,15.59,298.23,28.0,16.0,15.25,15.5,15.76,16.05,Стандартный,2024-07-09
2024-07-09,15.92,200.86,22.0,13.0,15.75,15.85,16.0,16.2,Стандартный,2024-07-10
2024-07-10,16.27,293.34,33.0,18.0,15.9,16.25,16.35,17.25,Стандартный,2024-07-11
2024-07-11,16.46,311.44,28.0,15.0,16.2,16.3,16.5,17.25,Стандартный,2024-07-12
2024-07-12,16.47,269.5,31.0,14.0,16.25,16.36,16.5,16.85,Стандартный,2024-07-15
2024-07-15,16.18,178.59,21.0,14.0,16.0,16.0,16.4,16.65,Стандартный,2024-07-16
2024-07-16,16.29,170.31,20.0,13.0,16.0,16.25,16.4,16.65,Стандартный,2024-07-17
2024-07-17,16.2,252.69,27.0,14.0,15.75,16.0,16.35,16.65,Стандартный,2024-07-18
2024-07-18,16.08,278.03,36.0,18.0,15.75,16.0,16.2,16.35,Стандартный,2024-07-19
2024-07-19,15.88,236.33,28.0,16.0,15.25,15.75,16.03,16.3,Стандартный,2024-07-22
2024-07-22,15.59,332.73,45.0,19.0,15.25,15.5,15.9,16.1,Стандартный,2024-07-23
2024-07-23,15.44,272.61,40.0,18.0,15.1,15.37,15.65,16.0,Стандартный,2024-07-24
2024-07-24,15.29,198.78,28.0,20.0,15.2,15.25,15.55,15.75,Стандартный,2024-07-25
2024-07-25,15.34,266.72,43.0,20.0,15.1,15.25,15.5,15.75,Стандартный,2024-07-26
2024-07-26,15.55,223.35,38.0,20.0,15.15,15.35,15.75,15.75,Стандартный,2024-07-29
2024-07-29,17.27,174.56,30.0,16.0,17.0,17.25,17.35,17.5,Стандартный,2024-07-30
2024-07-30,17.29,124.0,25.0,15.0,16.9,17.25,17.35,17.96,Стандартный,2024-07-31
2024-07-31,17.28,322.48,34.0,17.0,17.2,17.25,17.5,18.25,Стандартный,2024-08-01
2024-08-01,17.21,394.39,46.0,20.0,17.1,17.15,17.35,18.25,Стандартный,2024-08-02
2024-08-02,17.22,282.48,40.0,22.0,17.15,17.2,17.35,17.5,Стандартный,2024-08-05
2024-08-05,17.17,468.48,47.0,21.0,17.05,17.1,17.3,17.5,Стандартный,2024-08-06
2024-08-06,17.14,471.4,47.0,23.0,17.1,17.1,17.25,17.35,Стандартный,2024-08-07
2024-08-07,17.22,313.37,38.0,19.0,17.1,17.2,17.3,17.6,Стандартный,2024-08-08
2024-08-08,17.23,322.93,42.0,23.0,17.1,17.2,17.25,17.5,Стандартный,2024-08-09
2024-08-09,17.25,345.16,44.0,19.0,17.1,17.25,17.3,17.6,Стандартный,2024-08-12
2024-08-12,17.95,411.03,49.0,21.0,17.2,17.5,18.15,19.0,Стандартный,2024-08-13
2024-08-13,18.1,364.41,45.0,22.0,17.8,18.0,18.1,18.3,Стандартный,2024-08-14
2024-08-14,17.65,252.4,35.0,16.0,17.5,17.65,17.8,18.0,Стандартный,2024-08-15
2024-08-15,17.67,353.32,42.0,19.0,17.5,17.65,17.8,18.15,Стандартный,2024-08-16
2024-08-16,17.65,340.34,41.0,20.0,17.2,17.65,17.8,18.05,Стандартный,2024-08-19
2024-08-19,17.59,316.77,36.0,20.0,17.25,17.5,17.68,17.85,Стандартный,2024-08-20
2024-08-20,17.62,267.06,35.0,18.0,17.35,17.5,17.65,18.3,Стандартный,2024-08-21
2024-08-21,17.67,245.71,35.0,16.0,17.5,17.56,17.75,18.0,Стандартный,2024-08-22
2024-08-22,17.95,252.7,34.0,17.0,17.5,17.75,18.0,18.25,Стандартный,2024-08-23
2024-08-23,18.16,372.34,45.0,18.0,17.85,18.0,18.25,18.5,Стандартный,2024-08-26
2024-08-26,18.22,304.4,39.0,19.0,17.85,18.05,18.25,18.5,Стандартный,2024-08-27
2024-08-27,18.25,364.18,37.0,17.0,18.0,18.15,18.25,18.75,Стандартный,2024-08-28
2024-08-28,18.0,430.74,41.0,15.0,17.75,18.0,18.1,18.75,Стандартный,2024-08-29
2024-08-29,18.45,204.97,29.0,15.0,17.6,18.25,18.5,19.25,Стандартный,2024-08-30
2024-08-30,18.98,278.79,33.0,18.0,18.0,18.75,19.0,19.5,Стандартный,2024-09-02
2024-09-02,18.6,386.25,39.0,20.0,18.0,18.6,18.75,19.25,Стандартный,2024-09-03
2024-09-03,18.29,342.71,41.0,19.0,18.0,18.25,18.4,18.65,Стандартный,2024-09-04
2024-09-04,18.39,255.84,34.0,19.0,17.75,18.35,18.4,18.65,Стандартный,2024-09-05
2024-09-05,18.46,281.4,35.0,16.0,17.75,18.35,18.5,18.65,Стандартный,2024-09-06
2024-09-06,18.38,333.24,44.0,18.0,17.75,18.09,18.5,18.75,Стандартный,2024-09-09
2024-09-09,17.91,282.72,36.0,18.0,17.3,17.7,18.21,18.35,Стандартный,2024-09-10
2024-09-10,17.56,223.0,33.0,16.0,17.15,17.3,18.0,18.35,Стандартный,2024-09-11
2024-09-11,18.15,407.0,38.0,16.0,17.25,18.0,18.25,18.5,Стандартный,2024-09-12
2024-09-12,18.41,443.18,45.0,21.0,17.75,18.25,18.5,18.75,Стандартный,2024-09-13
2024-09-13,18.47,421.39,41.0,19.0,17.75,18.4,18.5,18.8,Стандартный,2024-09-16
2024-09-16,19.04,410.99,48.0,22.0,18.3,18.95,19.33,19.7,Стандартный,2024-09-17
2024-09-17,18.65,413.48,51.0,22.0,18.25,18.5,19.0,19.25,Стандартный,2024-09-18
2024-09-18,18.51,257.66,32.0,20.0,18.25,18.5,18.6,19.1,Стандартный,2024-09-19
2024-09-19,18.48,315.61,38.0,19.0,18.25,18.4,18.6,19.0,Стандартный,2024-09-20
2024-09-20,18.48,384.37,51.0,20.0,18.14,18.4,18.64,19.0,Стандартный,2024-09-23
2024-09-23,18.49,413.78,55.0,19.0,18.25,18.4,18.6,19.0,Стандартный,2024-09-24
2024-09-24,18.47,481.59,62.0,21.0,18.2,18.4,18.6,18.9,Стандартный,2024-09-25
2024-09-25,18.35,552.17,55.0,18.0,18.15,18.25,18.54,19.1,Стандартный,2024-09-26
2024-09-26,18.37,509.22,59.0,19.0,18.2,18.25,18.6,19.1,Стандартный,2024-09-27
2024-09-27,18.33,458.11,54.0,19.0,18.2,18.25,18.55,19.25,Стандартный,2024-09-30
2024-09-30,18.41,212.17,28.0,18.0,18.2,18.25,18.6,19.85,Стандартный,2024-10-01
2024-10-01,18.3,445.08,61.0,20.0,18.1,18.25,18.55,20.0,Стандартный,2024-10-02
2024-10-02,18.35,663.88,66.0,20.0,18.1,18.25,18.6,19.1,Стандартный,2024-10-03
2024-10-03,18.28,651.6,71.0,23.0,18.1,18.25,18.5,19.61,Стандартный,2024-10-04
2024-10-04,18.27,589.39,61.0,22.0,18.1,18.25,18.55,19.6,Стандартный,2024-10-07
2024-10-07,18.25,695.04,68.0,22.0,18.1,18.25,18.46,19.5,Стандартный,2024-10-08
2024-10-08,18.79,423.28,60.0,21.0,18.1,18.25,19.0,19.5,Стандартный,2024-10-09
2024-10-09,18.56,475.88,61.0,19.0,18.25,18.5,18.75,20.07,Стандартный,2024-10-10
2024-10-10,18.65,587.42,74.0,21.0,18.25,18.5,19.0,19.85,Стандартный,2024-10-11
2024-10-11,18.62,632.43,72.0,21.0,18.25,18.5,18.93,19.85,Стандартный,2024-10-14
2024-10-14,18.61,701.61,77.0,20.0,18.23,18.25,19.0,19.85,Стандартный,2024-10-15
2024-10-15,18.61,732.22,73.0,19.0,18.23,18.5,19.0,19.85,Стандартный,2024-10-16
2024-10-16,18.52,469.0,54.0,18.0,18.25,18.5,18.9,19.65,Стандартный,2024-10-17
2024-10-17,18.8,452.51,53.0,17.0,18.4,18.75,18.85,19.95,Стандартный,2024-10-18
2024-10-18,18.75,416.19,45.0,16.0,18.45,18.7,18.75,19.25,Стандартный,2024-10-21
2024-10-21,18.64,543.01,54.0,17.0,18.3,18.6,18.7,19.25,Стандартный,2024-10-22
2024-10-22,18.66,487.55,59.0,19.0,18.25,18.6,19.0,20.0,Стандартный,2024-10-23
2024-10-23,18.71,483.78,64.0,20.0,18.3,18.59,19.0,20.0,Стандартный,2024-10-24
2024-10-24,18.64,430.39,58.0,20.0,18.4,18.5,19.0,19.5,Стандартный,2024-10-25
2024-10-25,18.72,475.68,58.0,21.0,18.35,18.5,19.25,20.0,Стандартный,2024-10-28
2024-10-28,20.49,348.68,56.0,21.0,20.15,20.33,20.75,21.6,Стандартный,2024-10-29
2024-10-29,20.54,365.03,57.0,22.0,20.15,20.5,21.0,24.0,Стандартный,2024-10-30
2024-10-30,20.42,381.25,53.0,21.0,20.2,20.25,20.85,24.5,Стандартный,2024-10-31
2024-10-31,20.57,420.14,53.0,20.0,20.25,20.25,21.0,21.5,Стандартный,2024-11-01
2024-11-01,20.37,460.48,50.0,19.0,20.2,20.25,20.65,21.0,Стандартный,2024-11-02
2024-11-02,20.4,412.21,44.0,20.0,20.2,20.25,20.6,21.0,Стандартный,2024-11-05
2024-11-05,20.29,565.16,56.0,19.0,20.1,20.25,20.6,21.0,Стандартный,2024-11-06
2024-11-06,20.27,451.06,50.0,18.0,20.15,20.2,20.4,21.0,Стандартный,2024-11-07
2024-11-07,20.3,398.05,41.0,17.0,19.0,20.25,20.5,21.25,Стандартный,2024-11-08
2024-11-08,20.49,485.85,56.0,17.0,20.2,20.35,20.53,21.25,Стандартный,2024-11-11
2024-11-11,20.82,488.91,56.0,19.0,20.4,20.6,21.0,21.5,Стандартный,2024-11-12
2024-11-12,21.09,443.18,54.0,19.0,20.25,20.75,21.25,21.75,Стандартный,2024-11-13
2024-11-13,20.85,388.88,50.0,18.0,20.4,20.75,21.0,21.5,Стандартный,2024-11-14
2024-11-14,20.7,359.74,45.0,15.0,20.5,20.65,20.85,21.5,Стандартный,2024-11-15
2024-11-15,20.78,413.83,50.0,18.0,20.5,20.65,21.0,21.25,Стандартный,2024-11-18
2024-11-18,20.75,387.04,42.0,16.0,20.5,20.7,20.85,21.25,Стандартный,2024-11-19
2024-11-19,20.65,361.3,42.0,19.0,20.5,20.65,21.0,21.25,Стандартный,2024-11-20
2024-11-20,20.69,237.58,30.0,15.0,20.25,20.5,20.85,21.15,Стандартный,2024-11-21
2024-11-21,20.52,337.0,41.0,17.0,20.2,20.5,20.6,21.0,Стандартный,2024-11-22
2024-11-22,20.63,382.5,43.0,17.0,20.4,20.5,21.0,21.5,Стандартный,2024-11-25
2024-11-25,20.44,326.81,36.0,17.0,20.25,20.29,20.6,21.0,Стандартный,2024-11-26
2024-11-26,20.5,271.15,33.0,17.0,20.1,20.5,20.5,20.95,Стандартный,2024-11-27
2024-11-27,20.64,487.0,55.0,19.0,20.45,20.5,20.85,21.5,Стандартный,2024-11-28
2024-11-28,20.87,347.78,45.0,20.0,20.1,20.75,21.25,21.5,Стандартный,2024-11-29
2024-11-29,21.09,283.87,38.0,23.0,20.1,20.75,21.5,22.0,Стандартный,2024-12-02
2024-12-02,21.22,298.04,36.0,18.0,20.1,20.85,21.75,22.25,Стандартный,2024-12-03
2024-12-03,20.96,604.46,45.0,19.0,20.5,20.9,21.25,21.65,Стандартный,2024-12-04
2024-12-04,20.97,387.56,47.0,21.0,20.4,20.8,21.04,21.25,Стандартный,2024-12-05
2024-12-05,20.98,634.22,77.0,22.0,20.4,20.75,21.0,21.35,Стандартный,2024-12-06
2024-12-06,20.73,554.77,56.0,18.0,20.2,20.61,20.85,21.25,Стандартный,2024-12-09
2024-12-09,20.44,203.34,26.0,14.0,20.05,20.25,20.75,20.85,Стандартный,2024-12-10
2024-12-10,20.64,118.85,15.0,14.0,19.9,20.5,20.75,21.05,Стандартный,2024-12-11
2024-12-11,21.31,288.41,34.0,18.0,20.1,20.75,21.5,22.1,Стандартный,2024-12-12
2024-12-12,21.8,268.35,35.0,17.0,21.5,21.75,22.0,22.5,Стандартный,2024-12-13
2024-12-13,21.96,252.42,33.0,14.0,20.85,21.85,22.25,22.75,Стандартный,2024-12-16
2024-12-16,22.02,312.93,36.0,21.0,20.5,21.85,22.25,22.5,Стандартный,2024-12-17
2024-12-17,22.08,350.29,44.0,17.0,21.75,21.9,22.2,22.75,Стандартный,2024-12-18
2024-12-18,21.98,350.99,43.0,22.0,20.5,21.86,22.04,22.5,Стандартный,2024-12-19
2024-12-19,21.97,361.05,48.0,17.0,21.45,22.0,22.05,22.5,Стандартный,2024-12-20
2024-12-20,20.99,398.83,51.0,20.0,20.25,20.5,22.05,22.5,Стандартный,2024-12-23
2024-12-23,20.52,444.71,57.0,21.0,20.2,20.5,20.7,20.9,Стандартный,2024-12-24
2024-12-24,20.48,522.01,55.0,20.0,20.2,20.5,20.55,21.0,Стандартный,2024-12-25
2024-12-25,20.5,484.44,55.0,17.0,20.2,20.5,20.55,21.25,Стандартный,2024-12-26
2024-12-26,20.5,414.81,56.0,22.0,20.15,20.5,20.5,21.0,Стандартный,2024-12-27
2024-12-27,20.47,405.73,42.0,17.0,20.15,20.25,20.5,21.5,Стандартный,2024-12-28
2025-01-09,21.0,646.28,72.0,20.0,20.48,21.0,21.0,21.4,Стандартный,2025-01-10
2025-01-10,20.62,580.93,69.0,17.0,20.23,20.5,20.75,21.15,Стандартный,2025-01-13
2025-01-13,20.49,667.45,82.0,18.0,20.15,20.4,20.5,20.6,Стандартный,2025-01-14
2025-01-14,21.0,449.59,61.0,19.0,20.35,20.75,21.1,21.25,Стандартный,2025-01-15
2025-01-15,20.74,369.58,51.0,18.0,20.5,20.6,20.79,21.05,Стандартный,2025-01-16
2025-01-16,20.85,336.1,46.0,16.0,20.5,20.6,21.15,21.5,Стандартный,2025-01-17
2025-01-17,21.06,393.35,58.0,19.0,20.5,20.75,21.25,21.5,Стандартный,2025-01-20
2025-01-20,21.08,341.53,45.0,19.0,20.75,20.75,21.25,21.5,Стандартный,2025-01-21
2025-01-21,21.18,368.66,54.0,17.0,20.75,20.9,21.25,21.5,Стандартный,2025-01-22
2025-01-22,20.84,386.88,54.0,16.0,20.5,20.75,21.25,21.5,Стандартный,2025-01-23
2025-01-23,20.73,307.53,41.0,15.0,19.9,20.55,20.85,21.25,Стандартный,2025-01-24
2025-01-24,20.73,334.78,46.0,14.0,20.5,20.6,20.75,20.9,Стандартный,2025-01-27
2025-01-27,20.71,307.5,38.0,14.0,20.25,20.5,20.75,20.85,Стандартный,2025-01-28
2025-01-28,20.72,250.22,32.0,13.0,20.41,20.73,20.75,20.9,Стандартный,2025-01-29
2025-01-29,20.68,345.85,40.0,18.0,19.9,20.5,20.75,21.0,Стандартный,2025-01-30
2025-01-30,20.68,186.53,28.0,13.0,20.4,20.65,20.7,20.75,Стандартный,2025-01-31
2025-01-31,20.76,231.57,36.0,14.0,20.4,20.63,20.76,20.8,Стандартный,2025-02-03
2025-02-03,20.56,287.54,36.0,15.0,20.2,20.4,20.65,20.75,Стандартный,2025-02-04
2025-02-04,20.26,222.68,29.0,15.0,19.9,20.25,20.36,20.65,Стандартный,2025-02-05
2025-02-05,20.26,296.99,29.0,15.0,20.15,20.25,20.3,20.4,Стандартный,2025-02-06
2025-02-06,20.26,347.02,35.0,15.0,20.15,20.2,20.3,20.4,Стандартный,2025-02-07
2025-02-07,20.26,270.1,36.0,15.0,20.15,20.2,20.3,20.4,Стандартный,2025-02-10
2025-02-10,20.43,213.59,31.0,15.0,20.2,20.3,20.5,20.9,Стандартный,2025-02-11
2025-02-11,21.14,264.43,36.0,18.0,20.75,21.0,21.25,21.5,Стандартный,2025-02-12
2025-02-12,20.76,189.05,29.0,17.0,20.5,20.75,20.8,21.0,Стандартный,2025-02-13
2025-02-13,20.85,238.9,34.0,16.0,20.75,20.8,20.95,21.25,Стандартный,2025-02-14
2025-02-14,20.98,294.33,43.0,16.0,20.75,20.9,21.0,21.35,Стандартный,2025-02-17
2025-02-17,20.97,517.73,62.0,18.0,20.8,20.9,21.0,21.2,Стандартный,2025-02-18
2025-02-18,20.97,522.94,62.0,14.0,20.7,20.9,21.0,21.1,Стандартный,2025-02-19
2025-02-19,20.97,316.08,46.0,17.0,20.75,20.9,21.0,21.1,Стандартный,2025-02-20
2025-02-20,21.0,215.81,32.0,16.0,20.9,21.0,21.08,21.25,Стандартный,2025-02-21
2025-02-21,21.12,345.41,48.0,17.0,20.9,21.0,21.25,21.35,Стандартный,2025-02-24
2025-02-24,21.07,389.15,47.0,17.0,20.75,21.0,21.23,21.5,Стандартный,2025-02-25
2025-02-25,21.16,494.41,61.0,21.0,19.9,21.0,21.25,21.35,Стандартный,2025-02-26
2025-02-26,21.17,586.74,75.0,18.0,20.75,21.0,21.25,21.25,Стандартный,2025-02-27
2025-02-27,21.16,596.41,71.0,19.0,20.75,21.0,21.25,21.25,Стандартный,2025-02-28
2025-02-28,21.17,364.97,48.0,15.0,20.75,20.98,21.25,21.5,Стандартный,2025-03-03
2025-03-03,21.14,418.65,53.0,18.0,20.85,21.0,21.25,21.5,Стандартный,2025-03-04
2025-03-04,21.24,397.08,52.0,18.0,21.0,21.09,21.35,21.5,Стандартный,2025-03-05
2025-03-05,21.29,356.46,55.0,20.0,19.9,21.1,21.5,21.75,Стандартный,2025-03-06
2025-03-06,21.37,323.44,49.0,20.0,19.9,21.15,21.55,21.75,Стандартный,2025-03-07
2025-03-07,21.4,310.3,47.0,18.0,21.0,21.25,21.6,21.75,Стандартный,2025-03-10
2025-03-10,21.45,403.97,55.0,18.0,21.0,21.25,21.6,21.65,Стандартный,2025-03-11
2025-03-11,21.16,548.39,78.0,23.0,19.9,21.0,21.25,21.5,Стандартный,2025-03-12
2025-03-12,21.21,375.49,53.0,19.0,20.8,21.0,21.35,21.4,Стандартный,2025-03-13
2025-03-13,21.18,303.07,39.0,14.0,21.0,21.0,21.35,21.5,Стандартный,2025-03-14
2025-03-14,21.5,506.47,71.0,17.0,21.0,21.24,21.6,21.75,Стандартный,2025-03-17
2025-03-17,21.41,412.21,48.0,16.0,21.0,21.15,21.5,21.6,Стандартный,2025-03-18
2025-03-18,21.4,412.14,47.0,19.0,19.8,21.16,21.5,21.6,Стандартный,2025-03-19
2025-03-19,21.45,360.34,51.0,19.0,19.8,21.2,21.54,21.75,Стандартный,2025-03-20
2025-03-20,21.45,385.5,47.0,18.0,19.8,21.15,21.6,21.65,Стандартный,2025-03-21
2025-03-21,21.48,390.25,49.0,17.0,19.8,21.2,21.6,21.7,Стандартный,2025-03-24
2025-03-24,21.58,559.0,66.0,19.0,19.8,21.3,21.65,21.75,Стандартный,2025-03-25
2025-03-25,21.54,502.06,63.0,16.0,21.0,21.4,21.65,21.65,Стандартный,2025-03-26
2025-03-26,21.53,373.02,48.0,15.0,21.0,21.34,21.6,21.65,Стандартный,2025-03-27
2025-03-27,21.47,615.1,67.0,17.0,19.9,21.25,21.6,21.65,Стандартный,2025-03-28
2025-03-28,21.06,370.01,48.0,17.0,20.75,21.0,21.2,21.35,Стандартный,2025-03-31
2025-03-31,21.45,212.6,27.0,16.0,21.15,21.3,21.59,21.65,Стандартный,2025-04-01
2025-04-01,21.49,241.79,31.0,18.0,20.05,21.4,21.6,21.65,Стандартный,2025-04-02
2025-04-02,21.54,275.0,35.0,21.0,19.9,21.33,21.6,21.65,Стандартный,2025-04-03
2025-04-03,21.55,323.27,39.0,16.0,21.3,21.5,21.69,21.85,Стандартный,2025-04-04
2025-04-04,21.55,289.37,36.0,15.0,21.25,21.5,21.7,21.8,Стандартный,2025-04-07
2025-04-07,21.66,556.06,56.0,17.0,19.8,21.4,21.71,21.8,Стандартный,2025-04-08
2025-04-08,21.29,610.15,63.0,20.0,20.1,21.0,21.5,21.75,Стандартный,2025-04-09
2025-04-09,21.5,464.73,48.0,17.0,21.15,21.3,21.5,21.7,Стандартный,2025-04-10
2025-04-10,21.53,452.24,52.0,18.0,21.15,21.4,21.55,21.75,Стандартный,2025-04-11
2025-04-11,21.54,552.46,63.0,20.0,20.1,21.4,21.55,21.75,Стандартный,2025-04-14
2025-04-14,21.5,531.26,59.0,19.0,19.8,21.5,21.5,21.7,Стандартный,2025-04-15
2025-04-15,21.28,434.01,49.0,20.0,19.8,21.1,21.35,21.6,Стандартный,2025-04-16
2025-04-16,20.97,348.91,45.0,19.0,19.8,20.75,21.1,21.4,Стандартный,2025-04-17
2025-04-17,20.66,328.66,44.0,20.0,19.8,20.5,20.75,20.83,Стандартный,2025-04-18
2025-04-18,20.65,429.18,57.0,21.0,19.8,20.6,20.7,21.2,Стандартный,2025-04-21
2025-04-21,20.67,362.31,48.0,19.0,19.8,20.6,20.75,20.79,Стандартный,2025-04-22
2025-04-22,20.65,344.25,48.0,17.0,19.8,20.6,20.74,20.8,Стандартный,2025-04-23
2025-04-23,20.69,148.16,28.0,17.0,19.8,20.58,20.75,20.8,Стандартный,2025-04-24
2025-04-24,20.77,466.19,65.0,20.0,19.8,20.65,20.8,20.9,Стандартный,2025-04-25
2025-04-25,20.77,431.26,59.0,16.0,20.3,20.66,20.8,20.85,Стандартный,2025-04-28
2025-04-28,20.62,307.99,50.0,20.0,20.2,20.5,20.75,20.8,Стандартный,2025-04-29
2025-04-29,20.72,353.41,45.0,17.0,20.25,20.5,20.75,21.25,Стандартный,2025-04-30
2025-04-30,20.74,438.22,52.0,18.0,20.25,20.6,20.75,21.0,Стандартный,2025-05-05
2025-05-05,20.65,659.77,70.0,20.0,20.15,20.5,20.75,20.9,Стандартный,2025-05-06
2025-05-06,20.57,513.37,59.0,18.0,20.05,20.43,20.65,20.8,Стандартный,2025-05-07
2025-05-07,20.67,376.67,46.0,20.0,19.8,20.5,20.75,20.85,Стандартный,2025-05-12
2025-05-12,20.67,243.35,36.0,19.0,19.8,20.5,20.75,20.8,Стандартный,2025-05-13
2025-05-13,20.67,368.93,42.0,17.0,19.8,20.55,20.8,20.9,Стандартный,2025-05-14
2025-05-14,20.87,371.81,48.0,19.0,19.8,20.55,21.0,21.25,Стандартный,2025-05-15
2025-05-15,20.93,358.5,45.0,18.0,19.8,20.6,21.1,21.15,Стандартный,2025-05-16
2025-05-16,20.92,426.6,48.0,21.0,19.8,20.7,21.03,21.25,Стандартный,2025-05-19
2025-05-19,20.9,482.33,58.0,21.0,19.8,20.75,21.0,21.25,Стандартный,2025-05-20
2025-05-20,20.87,527.89,58.0,21.0,19.8,20.75,21.0,21.25,Стандартный,2025-05-21
2025-05-21,20.86,554.77,60.0,21.0,19.8,20.68,20.9,21.25,Стандартный,2025-05-22
2025-05-22,20.83,590.87,59.0,17.0,20.4,20.61,20.9,21.25,Стандартный,2025-05-23
2025-05-23,20.79,690.7,70.0,18.0,20.25,20.65,20.9,21.25,Стандартный,2025-05-26
2025-05-26,20.71,580.79,55.0,16.0,20.25,20.45,20.75,20.9,Стандартный,2025-05-27
2025-05-27,20.75,621.51,65.0,20.0,19.85,20.5,20.8,21.25,Стандартный,2025-05-28
2025-05-28,20.89,509.66,52.0,21.0,20.45,20.6,21.0,21.35,Стандартный,2025-05-29
2025-05-29,20.77,365.46,38.0,16.0,20.6,20.7,20.85,21.05,Стандартный,2025-05-30
2025-05-30,21.03,568.24,60.0,17.0,20.7,20.8,21.15,21.55,Стандартный,2025-06-02
2025-06-02,21.08,650.98,60.0,19.0,19.8,20.85,21.15,21.25,Стандартный,2025-06-03
2025-06-03,21.11,626.35,68.0,21.0,19.8,20.9,21.25,21.35,Стандартный,2025-06-04
2025-06-04,20.79,514.21,55.0,18.0,19.8,20.6,20.84,20.95,Стандартный,2025-06-05
2025-06-05,20.79,590.77,62.0,20.0,19.8,20.45,20.85,20.85,Стандартный,2025-06-06
2025-06-06,20.6,569.34,55.0,16.0,19.8,20.25,20.65,20.65,Стандартный,2025-06-09
2025-06-09,19.72,540.99,55.0,19.0,18.8,19.5,19.75,19.9,Стандартный,2025-06-10
2025-06-10,19.8,508.24,57.0,20.0,18.8,19.65,19.85,20.0,Стандартный,2025-06-11
2025-06-11,19.88,515.36,60.0,20.0,18.8,19.7,20.0,20.1,Стандартный,2025-06-16
2025-06-16,19.75,613.09,63.0,21.0,18.8,19.7,19.85,20.0,Стандартный,2025-06-17
2025-06-17,19.79,654.91,66.0,21.0,18.8,19.7,19.85,20.0,Стандартный,2025-06-18
2025-06-18,19.81,539.5,50.0,21.0,18.85,19.65,19.85,20.0,Стандартный,2025-06-19
2025-06-19,19.73,563.28,54.0,18.0,18.85,19.6,19.75,19.85,Стандартный,2025-06-20
2025-06-20,19.73,568.74,56.0,19.0,18.85,19.5,19.75,20.0,Стандартный,2025-06-23
2025-06-23,19.72,496.59,47.0,19.0,18.85,19.43,19.75,20.0,Стандартный,2025-06-24
2025-06-24,19.73,550.75,49.0,18.0,18.85,19.5,19.75,20.0,Стандартный,2025-06-25
2025-06-25,19.73,582.16,56.0,19.0,18.8,19.5,19.75,19.75,Стандартный,2025-06-26
2025-06-26,19.71,486.84,47.0,20.0,18.8,19.4,19.75,20.0,Стандартный,2025-06-27
2025-06-27,19.86,384.43,49.0,19.0,18.85,19.75,20.0,20.1,Стандартный,2025-06-30
2025-06-30,20.23,398.88,43.0,15.0,19.65,19.81,20.25,20.4,Стандартный,2025-07-01
2025-07-01,19.96,511.36,48.0,16.0,18.85,19.85,20.0,20.1,Стандартный,2025-07-02
2025-07-02,20.06,415.3,46.0,20.0,18.85,19.9,20.1,20.15,Стандартный,2025-07-03
2025-07-03,19.99,398.83,46.0,18.0,18.8,19.85,20.0,20.05,Стандартный,2025-07-04
2025-07-04,20.0,500.69,50.0,20.0,18.8,19.85,20.0,20.1,Стандартный,2025-07-07
2025-07-07,20.0,465.73,50.0,19.0,18.8,19.85,20.0,20.15,Стандартный,2025-07-08
2025-07-08,19.95,624.86,71.0,20.0,18.8,19.79,20.0,20.01,Стандартный,2025-07-09
2025-07-09,19.66,586.41,60.0,18.0,18.8,19.4,19.75,19.75,Стандартный,2025-07-10
2025-07-10,19.37,558.72,57.0,17.0,18.8,19.15,19.5,19.5,Стандартный,2025-07-11
2025-07-11,19.25,535.39,46.0,16.0,18.8,19.1,19.25,19.58,Стандартный,2025-07-14
2025-07-14,19.22,638.99,58.0,20.0,18.8,19.1,19.25,19.25,Стандартный,2025-07-15
2025-07-15,19.24,601.11,55.0,18.0,18.8,19.1,19.25,19.3,Стандартный,2025-07-16
2025-07-16,19.17,592.25,52.0,17.0,18.8,19.1,19.15,19.5,Стандартный,2025-07-17
2025-07-17,19.21,589.7,50.0,18.0,18.8,19.1,19.25,19.5,Стандартный,2025-07-18
2025-07-18,19.13,638.0,51.0,19.0,18.8,19.1,19.15,19.5,Стандартный,2025-07-21
2025-07-21,19.1,649.33,48.0,15.0,18.85,19.07,19.15,19.4,Стандартный,2025-07-22
2025-07-22,19.1,680.6,52.0,17.0,18.85,19.05,19.15,19.3,Стандартный,2025-07-23
2025-07-23,19.1,704.8,56.0,17.0,18.85,19.05,19.15,19.4,Стандартный,2025-07-24
2025-07-24,19.11,776.2,61.0,18.0,18.85,19.05,19.15,19.4,Стандартный,2025-07-25
2025-07-25,19.12,541.7,45.0,17.0,18.85,19.05,19.15,19.47,Стандартный,2025-07-28
2025-07-28,18.48,541.99,50.0,17.0,16.85,18.25,18.55,18.9,Стандартный,2025-07-29
2025-07-29,18.58,463.64,40.0,15.0,16.85,18.5,18.6,18.75,Стандартный,2025-07-30
2025-07-30,18.5,519.05,47.0,20.0,16.85,18.35,18.6,18.75,Стандартный,2025-07-31
2025-07-31,18.23,581.39,50.0,14.0,18.02,18.15,18.25,18.6,Стандартный,2025-08-01
2025-08-01,18.09,660.29,57.0,20.0,16.85,17.95,18.1,18.5,Стандартный,2025-08-04
2025-08-04,17.93,803.88,66.0,20.0,16.85,17.8,18.07,18.25,Стандартный,2025-08-05
2025-08-05,17.75,841.02,66.0,16.0,17.6,17.75,17.77,18.25,Стандартный,2025-08-06
2025-08-06,17.77,554.07,50.0,16.0,17.1,17.75,17.8,17.95,Стандартный,2025-08-07
2025-08-07,17.77,594.7,54.0,15.0,17.7,17.73,17.8,17.9,Стандартный,2025-08-08
2025-08-08,17.75,696.85,61.0,18.0,16.8,17.75,17.75,17.85,Стандартный,2025-08-11
2025-08-11,17.59,553.79,46.0,16.0,16.8,17.5,17.7,17.99,Стандартный,2025-08-12
2025-08-12,17.09,459.04,39.0,13.0,16.8,17.05,17.1,17.3,Стандартный,2025-08-13
2025-08-13,17.73,486.49,46.0,15.0,17.5,17.65,17.75,17.95,Стандартный,2025-08-14
2025-08-14,17.77,504.5,50.0,14.0,17.5,17.7,17.85,17.9,Стандартный,2025-08-15
2025-08-15,17.81,413.38,39.0,14.0,17.6,17.75,17.9,17.9,Стандартный,2025-08-18
2025-08-18,17.68,399.0,37.0,15.0,17.4,17.6,17.75,17.85,Стандартный,2025-08-19
2025-08-19,17.74,419.04,38.0,14.0,16.85,17.6,17.75,17.75,Стандартный,2025-08-20
2025-08-20,17.72,444.64,42.0,13.0,17.5,17.6,17.75,17.85,Стандартный,2025-08-21
2025-08-21,17.76,485.82,42.0,14.0,17.5,17.6,17.8,17.85,Стандартный,2025-08-22
2025-08-22,17.74,450.7,44.0,14.0,17.5,17.6,17.8,17.85,Стандартный,2025-08-25
2025-08-25,17.74,609.6,54.0,15.0,17.5,17.6,17.75,17.8,Стандартный,2025-08-26
2025-08-26,17.75,599.15,55.0,16.0,17.4,17.65,17.75,17.8,Стандартный,2025-08-27
2025-08-27,17.72,632.37,45.0,14.0,17.35,17.6,17.75,17.8,Стандартный,2025-08-28
2025-08-28,17.75,339.37,32.0,15.0,16.85,17.65,17.75,17.9,Стандартный,2025-08-29
2025-08-29,17.75,413.5,33.0,15.0,17.1,17.7,17.75,17.85,Стандартный,2025-09-01
2025-09-01,17.75,347.5,30.0,15.0,16.8,17.7,17.75,17.8,Стандартный,2025-09-02
2025-09-02,17.75,420.26,40.0,18.0,16.8,17.67,17.75,17.85,Стандартный,2025-09-03
2025-09-03,17.74,477.25,44.0,16.0,17.5,17.65,17.75,17.9,Стандартный,2025-09-04
2025-09-04,17.75,447.8,43.0,20.0,16.8,17.68,17.75,17.85,Стандартный,2025-09-05
2025-09-05,17.73,458.11,45.0,19.0,16.8,17.6,17.75,17.85,Стандартный,2025-09-08
2025-09-08,17.72,609.86,57.0,20.0,16.8,17.65,17.75,17.8,Стандартный,2025-09-09
2025-09-09,17.75,587.16,60.0,19.0,16.8,17.65,17.75,17.85,Стандартный,2025-09-10
2025-09-10,17.07,421.24,38.0,15.0,16.8,17.05,17.15,17.25,Стандартный,2025-09-11
2025-09-11,17.05,535.53,46.0,17.0,16.8,17.05,17.15,17.3,Стандартный,2025-09-12
2025-09-12,17.06,577.0,50.0,17.0,16.8,17.05,17.1,17.3,Стандартный,2025-09-15
2025-09-15,16.76,659.64,53.0,18.0,15.8,16.73,16.75,17.0,Стандартный,2025-09-16
2025-09-16,16.79,612.99,54.0,20.0,15.8,16.75,16.85,17.0,Стандартный,2025-09-17
2025-09-17,16.83,508.36,45.0,19.0,15.8,16.74,16.85,17.0,Стандартный,2025-09-18
2025-09-18,16.88,480.05,43.0,19.0,15.8,16.75,16.9,17.0,Стандартный,2025-09-19
2025-09-19,16.96,566.64,47.0,18.0,15.8,16.85,16.99,17.22,Стандартный,2025-09-22
2025-09-22,16.96,484.25,48.0,18.0,15.8,16.88,17.0,17.6,Стандартный,2025-09-23
2025-09-23,16.92,528.54,49.0,19.0,15.8,16.85,16.95,17.2,Стандартный,2025-09-24
2025-09-24,16.91,450.79,40.0,18.0,15.8,16.85,16.95,17.22,Стандартный,2025-09-25
2025-09-25,17.0,408.65,41.0,18.0,16.75,16.9,17.0,17.22,Стандартный,2025-09-26
2025-09-26,17.0,382.69,38.0,19.0,16.05,16.9,17.0,17.29,Стандартный,2025-09-29
2025-09-29,17.0,325.36,37.0,18.0,16.75,16.95,17.0,17.25,Стандартный,2025-09-30
2025-09-30,16.99,455.64,44.0,17.0,16.7,16.9,17.0,17.75,Стандартный,2025-10-01
2025-10-01,16.8,591.16,49.0,17.0,16.4,16.75,16.85,17.0,Стандартный,2025-10-02
2025-10-02,16.76,587.65,53.0,16.0,16.35,16.7,16.8,17.0,Стандартный,2025-10-03
2025-10-03,16.79,574.59,53.0,18.0,16.3,16.75,16.8,16.9,Стандартный,2025-10-06
2025-10-06,16.83,515.2,51.0,18.0,16.3,16.8,16.85,17.1,Стандартный,2025-10-07
2025-10-07,16.83,440.82,56.0,19.0,15.8,16.68,16.85,17.07,Стандартный,2025-10-08
2025-10-08,16.75,485.25,56.0,19.0,15.8,16.7,16.75,17.0,Стандартный,2025-10-09
2025-10-09,16.75,534.9,58.0,21.0,15.8,16.65,16.75,17.0,Стандартный,2025-10-10
2025-10-10,16.35,504.6,47.0,19.0,15.8,16.3,16.35,16.7,Стандартный,2025-10-13
2025-10-13,16.35,422.51,41.0,20.0,15.8,16.35,16.35,16.72,Стандартный,2025-10-14
2025-10-14,16.35,343.58,38.0,17.0,15.8,16.35,16.35,16.5,Стандартный,2025-10-15
2025-10-15,16.35,293.93,38.0,21.0,15.8,16.35,16.35,16.5,Стандартный,2025-10-16
2025-10-16,16.39,430.4,42.0,20.0,15.8,16.35,16.4,16.45,Стандартный,2025-10-17
2025-10-17,16.45,513.4,47.0,18.0,15.8,16.45,16.48,16.66,Стандартный,2025-10-20
2025-10-20,16.44,555.06,54.0,17.0,15.8,16.39,16.45,16.8,Стандартный,2025-10-21
2025-10-21,16.37,551.0,54.0,17.0,15.8,16.25,16.45,16.8,Стандартный,2025-10-22
2025-10-22,16.43,630.63,59.0,19.0,15.8,16.3,16.45,16.55,Стандартный,2025-10-23
2025-10-23,16.39,686.33,64.0,20.0,15.8,16.32,16.4,17.0,Стандартный,2025-10-24
2025-10-24,16.42,654.9,58.0,20.0,15.8,16.35,16.45,17.0,Стандартный,2025-10-27
2025-10-27,16.25,564.82,57.0,18.0,16.0,16.15,16.25,16.55,Стандартный,2025-10-28
2025-10-28,16.4,386.5,36.0,17.0,16.15,16.3,16.4,16.75,Стандартный,2025-10-29
2025-10-29,16.37,539.32,52.0,17.0,16.0,16.25,16.4,16.77,Стандартный,2025-10-30
2025-10-30,16.27,335.89,46.0,17.0,16.05,16.15,16.35,16.5,Стандартный,2025-10-31
2025-10-31,16.29,355.75,40.0,16.0,16.15,16.15,16.4,16.55,Стандартный,2025-11-01
2025-11-01,16.33,471.76,55.0,20.0,16.15,16.25,16.39,16.52,Стандартный,2025-11-05
2025-11-05,16.33,365.51,42.0,21.0,15.3,16.27,16.35,16.5,Стандартный,2025-11-06
2025-11-06,16.38,406.0,50.0,22.0,15.3,16.2,16.4,16.45,Стандартный,2025-11-07
2025-11-07,16.44,446.4,51.0,21.0,15.3,16.2,16.45,16.5,Стандартный,2025-11-10
2025-11-10,16.41,399.77,51.0,19.0,15.3,16.2,16.45,16.6,Стандартный,2025-11-11
2025-11-11,16.18,641.03,60.0,20.0,15.3,16.15,16.38,16.5,Стандартный,2025-11-12
2025-11-12,16.36,425.57,48.0,20.0,15.3,16.25,16.35,16.4,Стандартный,2025-11-13
2025-11-13,16.46,375.83,46.0,19.0,15.3,16.25,16.5,16.55,Стандартный,2025-11-14
2025-11-14,16.49,418.25,54.0,20.0,15.3,16.27,16.55,16.6,Стандартный,2025-11-17
2025-11-17,16.41,458.24,58.0,21.0,15.3,16.29,16.4,16.5,Стандартный,2025-11-18
2025-11-18,16.41,415.5,48.0,20.0,15.3,16.2,16.41,16.5,Стандартный,2025-11-19
2025-11-19,16.29,445.46,51.0,20.0,15.3,16.14,16.35,16.45,Стандартный,2025-11-20
2025-11-20,16.25,400.2,48.0,19.0,15.3,16.0,16.25,16.35,Стандартный,2025-11-21
2025-11-21,16.24,392.6,49.0,19.0,15.3,16.1,16.25,16.35,Стандартный,2025-11-24
2025-11-24,16.24,437.28,52.0,19.0,15.3,16.1,16.28,16.35,Стандартный,2025-11-25
2025-11-25,16.24,375.5,49.0,16.0,16.1,16.15,16.26,16.35,Стандартный,2025-11-26
2025-11-26,16.23,529.72,54.0,19.0,16.1,16.1,16.28,16.35,Стандартный,2025-11-27
2025-11-27,16.21,575.28,59.0,18.0,15.9,16.1,16.25,16.35,Стандартный,2025-11-28
2025-11-28,16.25,494.16,61.0,19.0,15.9,16.15,16.3,16.4,Стандартный,2025-12-01
2025-12-01,16.23,543.95,57.0,24.0,15.3,16.1,16.25,16.35,Стандартный,2025-12-02
2025-12-02,16.23,457.85,52.0,21.0,15.3,16.08,16.25,16.35,Стандартный,2025-12-03
2025-12-03,16.2,437.95,51.0,20.0,15.3,16.1,16.3,16.4,Стандартный,2025-12-04
2025-12-04,16.39,426.55,47.0,19.0,15.3,16.15,16.5,16.6,Стандартный,2025-12-05
2025-12-05,16.48,426.03,60.0,21.0,15.3,16.38,16.55,16.65,Стандартный,2025-12-08
2025-12-08,16.49,706.62,79.0,23.0,15.3,16.26,16.5,16.5,Стандартный,2025-12-09
2025-12-09,16.37,750.52,75.0,22.0,15.3,16.26,16.4,16.5,Стандартный,2025-12-10
2025-12-10,16.08,347.4,47.0,19.0,15.3,15.9,16.1,16.1,Стандартный,2025-12-11
2025-12-11,15.99,494.77,52.0,18.0,15.3,15.9,16.0,16.05,Стандартный,2025-12-12
2025-12-12,15.91,579.13,50.0,20.0,15.3,15.8,15.95,16.0,Стандартный,2025-12-15
2025-12-15,15.85,739.13,68.0,20.0,15.3,15.73,15.85,16.0,Стандартный,2025-12-16
2025-12-16,15.84,598.76,62.0,20.0,15.3,15.7,15.85,15.9,Стандартный,2025-12-17
2025-12-17,15.84,536.75,59.0,19.0,15.3,15.74,15.85,15.9,Стандартный,2025-12-18
2025-12-18,15.84,543.5,50.0,17.0,15.3,15.7,15.85,15.95,Стандартный,2025-12-19
2025-12-19,15.85,577.18,60.0,18.0,15.3,15.77,15.85,15.9,Стандартный,2025-12-22
2025-12-22,15.77,549.5,56.0,15.0,15.5,15.74,15.8,16.35,Стандартный,2025-12-23
2025-12-23,16.07,562.27,60.0,19.0,14.8,15.85,16.2,16.2,Стандартный,2025-12-24
2025-12-24,15.88,673.01,65.0,21.0,14.8,15.78,15.99,16.0,Стандартный,2025-12-25
2025-12-25,15.83,699.77,70.0,22.0,14.8,15.75,15.85,16.0,Стандартный,2025-12-26
2025-12-26,15.85,673.7,63.0,17.0,15.65,15.75,15.85,16.0,Стандартный,2025-12-29
2025-12-29,15.85,560.8,45.0,14.0,15.79,15.85,15.85,16.25,Стандартный,2025-12-30
2026-01-12,15.57,629.7,54.0,21.0,14.8,15.5,15.6,15.8,Стандартный,2026-01-13
2026-01-13,15.28,540.11,46.0,20.0,14.8,15.15,15.25,15.5,Стандартный,2026-01-14
2026-01-14,15.63,510.64,51.0,20.0,14.8,15.41,15.7,15.8,Стандартный,2026-01-15
2026-01-15,15.72,692.74,67.0,22.0,14.8,15.6,15.75,16.0,Стандартный,2026-01-16
2026-01-16,15.88,571.62,53.0,18.0,14.8,15.75,15.9,15.9,Стандартный,2026-01-19
2026-01-19,15.78,585.91,51.0,18.0,14.8,15.75,15.85,15.9,Стандартный,2026-01-20
2026-01-20,15.77,757.77,73.0,21.0,14.8,15.75,15.85,15.9,Стандартный,2026-01-21
2026-01-21,15.75,768.5,74.0,21.0,14.8,15.7,15.75,15.9,Стандартный,2026-01-22
2026-01-22,15.74,827.07,72.0,22.0,14.8,15.65,15.75,15.9,Стандартный,2026-01-23
2026-01-23,15.61,800.03,68.0,21.0,14.8,15.57,15.65,15.8,Стандартный,2026-01-26
2026-01-26,15.64,666.56,66.0,21.0,14.8,15.6,15.7,15.85,Стандартный,2026-01-27
2026-01-27,15.64,635.35,62.0,21.0,14.85,15.6,15.65,15.75,Стандартный,2026-01-28
2026-01-28,15.66,598.23,54.0,18.0,15.5,15.5,15.75,16.5,Стандартный,2026-01-29
2026-01-29,15.89,666.62,62.0,21.0,15.5,15.75,15.9,16.0,Стандартный,2026-01-30
2026-01-30,15.83,598.82,57.0,18.0,15.6,15.75,15.9,16.01,Стандартный,2026-02-02
2026-02-02,15.75,804.43,67.0,20.0,15.5,15.71,15.79,16.52,Стандартный,2026-02-03
2026-02-03,15.74,662.9,60.0,17.0,15.5,15.7,15.75,15.8,Стандартный,2026-02-04
2026-02-04,15.61,552.15,53.0,19.0,15.32,15.5,15.65,15.75,Стандартный,2026-02-05
2026-02-05,15.52,763.78,58.0,21.0,14.8,15.35,15.55,15.65,Стандартный,2026-02-06
2026-02-06,15.34,792.43,69.0,19.0,15.1,15.25,15.4,15.55,Стандартный,2026-02-09
2026-02-09,15.26,833.28,65.0,22.0,15.1,15.25,15.3,15.4,Стандартный,2026-02-10
2026-02-10,15.17,716.66,63.0,26.0,14.8,15.1,15.2,15.35,Стандартный,2026-02-11
2026-02-11,15.25,681.35,63.0,22.0,14.8,15.25,15.25,15.45,Стандартный,2026-02-12
2026-02-12,15.25,708.0,61.0,21.0,14.8,15.2,15.25,15.6,Стандартный,2026-02-13
2026-02-13,15.25,862.79,76.0,22.0,14.8,15.15,15.25,15.6,Стандартный,2026-02-16
2026-02-16,15.02,730.17,54.0,21.0,14.3,15.0,15.08,15.25,Стандартный,2026-02-17
2026-02-17,15.12,647.9,52.0,20.0,14.3,15.07,15.2,15.35,Стандартный,2026-02-18
2026-02-18,15.24,612.08,55.0,21.0,14.3,15.15,15.25,15.3,Стандартный,2026-02-19
2026-02-19,15.25,619.52,62.0,23.0,14.3,15.25,15.25,15.35,Стандартный,2026-02-20
2026-02-20,15.3,751.62,70.0,24.0,14.3,15.25,15.35,15.45,Стандартный,2026-02-24
2026-02-24,15.31,623.92,62.0,23.0,14.3,15.25,15.3,15.4,Стандартный,2026-02-25
2026-02-25,15.25,711.88,60.0,22.0,14.3,15.2,15.25,15.35,Стандартный,2026-02-26
2026-02-26,15.25,668.77,60.0,19.0,15.1,15.25,15.25,15.35,Стандартный,2026-02-27
2026-02-27,15.3,578.98,60.0,20.0,15.1,15.25,15.35,15.4,Стандартный,2026-03-02
2026-03-02,15.26,519.93,48.0,22.0,15.1,15.25,15.3,15.5,Стандартный,2026-03-03
2026-03-03,15.29,438.35,46.0,19.0,15.15,15.25,15.3,15.4,Стандартный,2026-03-04
2026-03-04,15.34,443.57,48.0,18.0,15.11,15.25,15.35,15.4,Стандартный,2026-03-05
2026-03-05,15.4,530.8,54.0,21.0,15.15,15.3,15.4,15.5,Стандартный,2026-03-06
2026-03-06,15.4,581.2,52.0,17.0,15.25,15.35,15.4,15.5,Стандартный,2026-03-10
2026-03-10,15.36,563.55,65.0,20.0,14.3,15.28,15.35,15.5,Стандартный,2026-03-11
2026-03-11,15.03,417.92,49.0,23.0,14.3,14.93,15.1,15.3,Стандартный,2026-03-12
2026-03-12,14.96,472.27,57.0,22.0,13.5,14.9,15.0,15.1,Стандартный,2026-03-13
2026-03-13,14.85,487.91,49.0,21.0,14.3,14.75,14.9,15.0,Стандартный,2026-03-16
2026-03-16,14.81,478.52,54.0,23.0,14.3,14.73,14.85,15.0,Стандартный,2026-03-17
2026-03-17,14.76,502.24,52.0,18.0,14.3,14.7,14.76,14.9,Стандартный,2026-03-18
2026-03-18,14.76,486.56,55.0,18.0,14.3,14.7,14.78,14.9,Стандартный,2026-03-19
2026-03-19,14.79,483.1,51.0,19.0,14.3,14.66,14.8,14.95,Стандартный,2026-03-20
2026-03-20,14.79,516.81,58.0,19.0,14.3,14.75,14.8,14.95,Стандартный,2026-03-23
2026-03-23,14.69,545.29,61.0,19.0,14.6,14.65,14.75,14.9,Стандартный,2026-03-24
2026-03-24,14.87,482.22,52.0,19.0,14.65,14.8,14.9,15.9,Стандартный,2026-03-25
2026-03-25,14.9,774.05,80.0,21.0,14.58,14.75,14.91,15.73,Стандартный,2026-03-26
2026-03-26,14.77,820.68,83.0,23.0,13.8,14.71,14.85,15.2,Стандартный,2026-03-27
2026-03-27,14.75,856.63,71.0,20.0,14.45,14.75,14.76,14.95,Стандартный,2026-03-30
2026-03-30,14.82,632.75,60.0,20.0,14.65,14.75,14.85,15.35,Стандартный,2026-03-31
2026-03-31,14.87,588.86,58.0,20.0,14.64,14.75,14.9,15.0,Стандартный,2026-04-01
2026-04-01,14.89,608.98,55.0,18.0,14.6,14.8,14.95,15.25,Стандартный,2026-04-02
2026-04-02,14.91,630.47,56.0,21.0,14.65,14.81,14.95,15.25,Стандартный,2026-04-03
2026-04-03,14.92,861.4,72.0,20.0,14.7,14.85,14.95,15.25,Стандартный,2026-04-06
2026-04-06,14.88,785.47,69.0,17.0,14.48,14.8,14.9,15.0,Стандартный,2026-04-07
2026-04-07,14.83,806.05,69.0,20.0,13.8,14.76,14.85,14.95,Стандартный,2026-04-08
2026-04-08,14.83,689.35,64.0,19.0,13.8,14.77,14.85,14.9,Стандартный,2026-04-09
2026-04-09,14.81,1047.44,88.0,22.0,13.8,14.69,14.85,14.95,Стандартный,2026-04-10
2026-04-10,14.77,992.43,89.0,22.0,13.8,14.6,14.8,14.9,Стандартный,2026-04-13
2026-04-13,14.69,965.68,68.0,19.0,13.8,14.54,14.75,14.8,Стандартный,2026-04-14
2026-04-14,14.49,901.89,64.0,18.0,13.8,14.39,14.5,14.7,Стандартный,2026-04-15
2026-04-15,14.54,771.16,65.0,23.0,13.8,14.5,14.65,14.75,Стандартный,2026-04-16
2026-04-16,14.5,795.2,62.0,23.0,13.8,14.5,14.51,14.7,Стандартный,2026-04-17
2026-04-17,14.48,821.18,64.0,22.0,13.8,14.43,14.5,14.6,Стандартный,2026-04-20
2026-04-20,14.42,814.35,68.0,22.0,13.8,14.4,14.45,14.55,Стандартный,2026-04-21
2026-04-21,14.44,954.7,83.0,23.0,13.8,14.35,14.45,14.55,Стандартный,2026-04-22
2026-04-22,14.44,865.1,80.0,22.0,13.8,14.35,14.45,14.55,Стандартный,2026-04-23
2026-04-23,14.44,959.33,81.0,21.0,13.8,14.3,14.45,14.55,Стандартный,2026-04-24
2026-04-24,14.37,907.55,79.0,24.0,13.8,14.3,14.4,14.85,Стандартный,2026-04-27
2026-04-27,14.44,618.47,55.0,21.0,13.3,14.3,14.5,15.0,Стандартный,2026-04-28
2026-04-28,14.92,743.75,46.0,16.0,14.25,14.75,15.0,15.1,Стандартный,2026-04-29
2026-04-29,14.55,1073.1,68.0,20.0,14.2,14.35,14.6,14.75,Стандартный,2026-04-30
2026-04-30,14.49,880.14,83.0,20.0,14.25,14.35,14.5,14.65,Стандартный,2026-05-04
2026-05-04,14.33,824.8,72.0,22.0,13.3,14.2,14.35,14.45,Стандартный,2026-05-05
2026-05-05,14.19,668.34,63.0,20.0,13.4,14.1,14.2,14.4,Стандартный,2026-05-06
2026-05-06,14.07,775.74,75.0,23.0,13.3,14.0,14.1,14.3,Стандартный,2026-05-07
2026-05-07,14.07,975.17,91.0,24.0,13.3,14.0,14.1,14.4,Стандартный,2026-05-08
2026-05-08,13.86,947.13,86.0,24.0,13.3,13.7,14.05,14.15,Стандартный,2026-05-12
2026-05-12,14.05,661.44,67.0,23.0,13.3,13.75,14.1,14.2,Стандартный,2026-05-13
2026-05-13,14.13,856.9,75.0,21.0,13.3,14.0,14.15,14.32,Стандартный,2026-05-14
2026-05-14,14.2,772.45,68.0,19.0,13.3,14.05,14.25,14.4,Стандартный,2026-05-15
2026-05-15,14.19,866.7,72.0,20.0,13.3,14.0,14.25,14.4,Стандартный,2026-05-18
2026-05-18,14.17,831.3,71.0,19.0,13.3,14.05,14.2,14.2,Стандартный,2026-05-19
2026-05-19,14.21,767.3,63.0,19.0,13.3,14.06,14.25,14.4,Стандартный,2026-05-20
2026-05-20,14.23,822.6,77.0,20.0,13.3,14.1,14.25,14.35,Стандартный,2026-05-21
2026-05-21,14.24,807.35,61.0,21.0,13.3,14.1,14.25,14.35,Стандартный,2026-05-22
2026-05-22,14.2,941.39,76.0,21.0,13.3,14.1,14.2,14.35,Стандартный,2026-05-25
2026-05-25,14.2,834.59,70.0,20.0,13.3,14.05,14.2,14.25,Стандартный,2026-05-26
2026-05-26,14.21,833.05,68.0,24.0,13.3,14.1,14.21,14.25,Стандартный,2026-05-27
2026-05-27,14.25,943.89,81.0,22.0,14.0,14.15,14.3,14.4,Стандартный,2026-05-28
