date,deficit_total_blnrub,deficit_excl_corr_blnrub,cb_claims_total_blnrub,cb_claims_repo_swap_auction_blnrub,cb_claims_secured_loans_auction_blnrub,cb_claims_repo_swap_standing_blnrub,cb_claims_secured_loans_standing_blnrub,cb_liabilities_total_blnrub,cb_liabilities_deposits_auction_blnrub,cb_liabilities_kobr_blnrub,cb_liabilities_deposits_standing_blnrub,cb_unstandard_blnrub,bank_corraccounts_blnrub,required_avg_blnrub,delta_1d_blnrub,delta_5d_blnrub,delta_22d_blnrub,flag_budget_drain,flag_budget_drain_strong
2014-01-01,3481.8,3957.7,4471.8,2883.4,590.2,292.7,705.4,517.6,0.0,517.6,0.0,3.6,1270.0,794.1,,,,0,0
2014-01-09,3422.4,3957.7,4471.8,2883.3,590.2,292.8,705.4,517.6,0.0,517.6,0.0,3.6,1329.4,794.1,59.40000000000009,,,0,0
2014-01-10,3262.1,3593.5,3839.5,2543.3,590.2,4.0,702.1,249.6,0.0,249.6,0.0,3.6,1125.5,794.1,-203.9000000000001,,,0,0
2014-01-13,3302.5,3571.3,3702.5,2509.4,585.6,1.0,606.5,134.9,0.0,134.9,0.0,3.6,1094.6,825.8,-30.90000000000009,,,0,0
2014-01-14,3328.3,3467.6,3595.4,2399.1,585.5,8.2,602.6,131.4,0.0,131.4,0.0,3.6,965.1,825.8,-129.4999999999999,,,0,0
2014-01-15,3339.9,3704.3,3837.5,2449.1,786.1,0.1,602.1,136.8,0.0,136.8,0.0,3.6,1190.2,825.8,225.10000000000002,-79.79999999999995,,0,0
2014-01-16,3445.1,3750.0,3877.8,2489.2,786.1,0.2,602.2,130.9,0.0,130.9,0.0,3.1,1130.7,825.8,-59.5,-198.70000000000005,,0,0
2014-01-17,3502.8,3656.7,3775.7,2384.6,786.1,2.8,602.2,122.1,0.0,122.1,0.0,3.1,979.7,825.8,-151.0,-145.79999999999995,,0,0
2014-01-20,3503.1,3649.8,3765.1,2364.5,786.1,33.2,581.3,118.5,0.0,118.5,0.0,3.1,972.5,825.8,-7.2000000000000455,-122.09999999999991,,0,0
2014-01-21,3711.6,3793.8,3908.7,2524.4,786.1,17.3,580.8,118.0,0.0,118.0,0.0,3.1,908.0,825.8,-64.5,-57.10000000000002,,0,0
2014-01-22,3676.5,3892.0,4013.7,2644.2,786.1,2.1,581.2,124.8,0.0,124.8,0.0,3.1,1041.3,825.8,133.29999999999995,-148.9000000000001,,0,0
2014-01-23,3621.2,3969.4,4084.3,2614.9,786.1,93.4,589.8,118.0,0.0,118.0,0.0,3.1,1174.0,825.8,132.70000000000005,43.299999999999955,,0,0
2014-01-24,3623.0,3943.9,4058.0,2654.2,786.1,28.2,589.5,117.3,0.0,117.3,0.0,3.1,1146.7,825.8,-27.299999999999955,167.0,,0,0
2014-01-27,3600.0,3923.4,4033.2,2634.2,786.1,23.9,588.9,112.9,0.0,112.9,0.0,3.1,1149.2,825.8,2.5,176.70000000000005,,0,0
2014-01-28,3912.0,4186.8,4298.6,2829.0,786.1,91.7,591.7,114.9,0.0,114.9,0.0,3.1,1100.6,825.8,-48.600000000000136,192.5999999999999,,0,0
2014-01-29,3888.9,4212.9,4325.6,2918.3,786.1,29.2,591.9,115.7,0.0,115.7,0.0,3.1,1149.8,825.8,49.200000000000045,108.5,,0,0
2014-01-30,3843.2,4113.9,4223.4,2756.1,786.1,95.0,586.1,112.6,0.0,112.6,0.0,3.1,1096.5,825.8,-53.299999999999955,-77.5,,0,0
2014-01-31,3860.1,4109.2,4218.1,2706.3,786.1,138.0,587.6,112.0,0.0,112.0,0.0,3.1,1074.9,825.8,-21.59999999999991,-71.79999999999995,,0,0
2014-02-03,3899.1,4215.4,4338.3,2735.9,786.1,221.1,595.3,126.0,0.0,126.0,0.0,3.1,1142.1,825.8,67.19999999999982,-7.100000000000136,,0,0
2014-02-04,3803.9,4121.9,4177.5,2695.4,786.1,94.2,601.9,58.7,0.0,58.7,0.0,3.1,1143.8,825.8,1.7000000000000455,43.200000000000045,,0,0
2014-02-05,3673.8,4063.3,4122.8,2694.5,786.1,47.5,594.7,62.6,0.0,62.6,0.0,3.1,1215.3,825.8,71.5,65.5,,0,0
2014-02-06,3599.4,3667.5,3728.0,2344.7,786.1,4.7,592.6,63.6,0.0,63.6,0.0,3.1,893.9,825.8,-321.4,-202.60000000000002,,1,0
2014-02-07,3478.1,3581.5,3646.5,2324.7,786.1,6.3,529.4,68.1,0.0,68.1,0.0,3.1,929.2,825.8,35.30000000000007,-145.70000000000005,-340.79999999999995,0,0
2014-02-10,3386.7,3481.6,3593.5,2324.5,786.1,4.0,479.0,115.0,0.0,115.0,0.0,3.1,920.7,825.8,-8.5,-221.39999999999986,-408.70000000000005,0,0
2014-02-11,3379.7,3585.8,3655.4,2324.5,786.1,65.7,479.2,72.7,0.0,72.7,0.0,3.1,1052.2,846.1,131.5,-91.59999999999991,-73.29999999999995,0,0
2014-02-12,3344.1,3528.7,3594.5,2324.1,786.1,5.3,479.1,68.9,0.0,68.9,0.0,3.1,1030.7,846.1,-21.5,-184.5999999999999,-63.899999999999864,0,0
2014-02-13,3302.2,3625.5,3691.4,2222.8,986.1,3.3,479.1,69.0,0.0,69.0,0.0,3.1,1169.4,846.1,138.70000000000005,275.5000000000001,204.30000000000007,0,0
2014-02-14,3364.4,3615.5,3692.1,2222.6,986.1,4.0,479.4,79.7,0.0,79.7,0.0,3.1,1097.2,846.1,-72.20000000000005,168.0,-93.0,0,0
2014-02-17,3432.2,3623.6,3690.5,2222.6,986.1,3.8,478.0,70.0,0.0,70.0,0.0,3.1,1037.5,846.1,-59.700000000000045,116.79999999999995,-93.20000000000005,0,0
2014-02-18,3480.5,3625.9,3691.8,2222.6,986.1,4.9,478.2,68.9,0.0,68.9,0.0,3.1,991.5,846.1,-46.0,-60.700000000000045,11.799999999999955,0,0
2014-02-19,3476.9,3621.4,3693.6,2222.5,986.1,7.1,477.9,75.2,0.0,75.2,0.0,3.1,990.6,846.1,-0.8999999999999773,-40.10000000000002,18.100000000000023,0,0
2014-02-20,3523.3,3733.8,3801.8,2301.7,986.1,38.9,475.1,71.1,0.0,71.1,0.0,3.1,1056.6,846.1,65.99999999999989,-112.80000000000018,148.5999999999999,0,0
2014-02-21,3619.5,3752.0,3819.7,2300.4,985.8,58.4,475.2,70.7,0.0,70.7,0.0,3.1,978.6,846.1,-77.99999999999989,-118.60000000000002,-62.69999999999993,0,0
2014-02-24,3521.5,3727.3,3785.7,2300.4,985.8,24.1,475.4,61.5,0.0,61.5,0.0,3.1,1051.9,846.1,73.30000000000007,14.400000000000091,-122.09999999999991,0,0
2014-02-25,3577.8,3774.8,3838.1,2300.2,985.8,76.4,475.7,66.4,0.0,66.4,0.0,3.1,1043.1,846.1,-8.800000000000182,51.59999999999991,-103.60000000000014,0,0
2014-02-26,3770.3,3838.7,3900.2,2299.6,985.8,139.1,475.7,64.6,0.0,64.6,0.0,3.1,914.5,846.1,-128.5999999999999,-76.10000000000002,-234.70000000000005,0,0
2014-02-27,3683.0,4001.2,4074.5,2261.2,985.8,353.5,473.9,76.4,0.0,76.4,0.0,3.1,1164.3,846.1,249.79999999999995,107.70000000000005,63.700000000000045,0,0
2014-02-28,3664.8,3728.1,3802.6,2260.4,985.8,82.4,473.9,77.6,0.0,77.6,0.0,3.1,909.4,846.1,-254.89999999999998,-69.20000000000005,-240.39999999999998,0,0
2014-03-03,3609.7,3764.7,3868.4,2258.7,985.7,150.7,473.2,106.9,0.0,106.9,0.0,3.1,1001.1,846.1,91.70000000000005,-50.80000000000007,-95.39999999999998,0,0
2014-03-04,3535.5,3950.7,4075.2,2258.4,985.7,358.4,472.7,127.6,0.0,127.6,0.0,3.1,1261.3,846.1,260.19999999999993,218.20000000000005,186.39999999999986,0,0
2014-03-05,3828.9,4103.8,4170.8,2619.1,985.7,92.2,473.7,73.0,0.0,73.0,0.0,6.0,1121.0,846.1,-140.29999999999995,206.5,-21.09999999999991,0,0
2014-03-06,3791.1,3913.5,3978.5,2412.4,985.3,106.8,474.1,71.0,0.0,71.0,0.0,6.0,968.5,846.1,-152.5,-195.79999999999995,-175.29999999999995,0,0
2014-03-07,3785.7,3884.8,3949.9,2408.8,985.3,77.6,478.3,71.1,0.0,71.1,0.0,6.0,945.2,846.1,-23.299999999999955,35.80000000000007,-270.0999999999999,0,0
2014-03-11,3769.9,3839.9,3900.0,2407.9,985.3,19.7,487.0,66.0,0.0,66.0,0.0,6.0,936.0,866.0,-9.200000000000045,-65.10000000000002,42.10000000000002,0,0
2014-03-12,3788.4,3942.3,4020.3,2405.4,985.3,147.3,482.4,84.1,0.0,84.1,0.0,6.0,1019.9,866.0,83.89999999999998,-241.39999999999998,90.69999999999993,0,0
2014-03-13,3659.9,4111.7,4172.4,2252.2,1185.3,255.1,479.9,66.7,0.0,66.7,0.0,6.0,1317.8,866.0,297.9,196.79999999999995,397.0999999999999,0,0
2014-03-14,3896.2,4143.1,4202.2,2244.4,1185.1,285.7,487.0,65.1,0.0,65.1,0.0,6.0,1112.9,866.0,-204.89999999999986,144.4000000000001,60.700000000000045,0,0
2014-03-17,3945.1,4265.1,4366.6,2332.9,1184.9,368.4,480.3,107.4,0.0,107.4,0.0,6.0,1186.0,866.0,73.09999999999991,240.79999999999995,155.29999999999995,0,0
2014-03-18,4160.3,4400.8,4487.6,2637.4,1184.9,183.3,482.0,92.8,0.0,92.8,0.0,6.0,1106.5,866.0,-79.5,170.5,-62.90000000000009,0,0
2014-03-19,4164.6,4351.2,4435.1,2625.9,1184.9,170.4,453.9,90.0,0.0,90.0,0.0,6.0,1052.6,866.0,-53.90000000000009,32.69999999999993,-44.600000000000136,0,0
2014-03-20,4211.7,4399.2,4467.3,2589.5,1184.9,323.5,369.4,74.0,0.0,74.0,0.0,6.0,1053.5,866.0,0.900000000000091,-264.29999999999995,16.0,0,0
2014-03-21,4259.0,4419.2,4483.6,2586.5,1184.9,339.8,372.4,70.4,0.0,70.4,0.0,6.0,1026.2,866.0,-27.299999999999955,-86.70000000000005,34.700000000000045,0,0
2014-03-24,4240.8,4454.4,4521.4,2583.2,1184.9,384.7,368.6,73.0,0.0,73.0,0.0,6.0,1079.6,866.0,53.399999999999864,-106.40000000000009,88.99999999999989,0,0
2014-03-25,4337.7,4576.0,4644.4,2702.5,1184.9,390.3,366.6,74.4,0.0,74.4,0.0,6.0,1104.3,866.0,24.700000000000045,-2.2000000000000455,47.700000000000045,0,0
2014-03-26,4561.9,4749.7,4833.4,2785.9,1184.7,495.5,367.3,89.7,0.0,89.7,0.0,6.0,1053.8,866.0,-50.5,1.2000000000000455,75.19999999999993,0,0
2014-03-27,4581.3,4831.7,4906.4,2913.2,1184.5,438.3,370.3,80.7,0.0,80.7,0.0,6.0,1116.4,866.0,62.600000000000136,62.90000000000009,64.5,0,0
2014-03-28,4640.8,4772.0,4839.7,2959.8,1184.5,415.2,280.1,73.7,0.0,73.7,0.0,6.0,997.2,866.0,-119.20000000000005,-29.0,-45.899999999999864,0,0
2014-03-31,4724.3,4879.8,4946.6,3041.2,1184.5,437.4,283.5,72.8,0.0,72.8,0.0,6.0,1021.5,866.0,24.299999999999955,-58.09999999999991,107.0,0,0
2014-04-01,4614.5,4911.1,5023.8,2956.1,1184.5,515.7,367.4,118.7,0.0,118.7,0.0,6.0,1162.6,866.0,141.0999999999999,58.299999999999955,-1.7000000000000455,0,0
2014-04-02,4468.8,4694.3,4771.9,2967.0,1184.5,252.6,367.8,83.6,0.0,83.6,0.0,6.0,1091.5,866.0,-71.09999999999991,37.700000000000045,182.10000000000002,0,0
2014-04-03,4405.4,4546.7,4615.5,2871.2,1184.5,189.4,370.3,74.7,0.0,74.7,0.0,6.0,1007.3,866.0,-84.20000000000005,-109.10000000000014,6.199999999999932,0,0
2014-04-04,4353.6,4434.1,4508.3,2869.3,1184.4,84.6,369.9,80.2,0.0,80.2,0.0,6.0,946.5,866.0,-60.799999999999955,-50.700000000000045,-314.79999999999995,0,0
2014-04-07,4328.5,4386.3,4454.9,2868.8,1184.4,30.8,370.9,74.7,0.0,74.7,0.0,6.0,923.8,866.0,-22.700000000000045,-97.70000000000005,-197.20000000000005,0,0
2014-04-08,4312.2,4393.0,4462.6,2868.7,1184.4,40.0,369.5,75.5,0.0,75.5,0.0,6.0,946.8,866.0,23.0,-215.79999999999995,-21.700000000000045,0,0
2014-04-09,4230.5,4350.8,4451.2,2867.5,1184.4,28.0,371.3,106.4,0.0,106.4,0.0,6.0,986.3,866.0,39.5,-105.20000000000005,41.09999999999991,0,0
2014-04-10,4217.2,4175.3,4591.6,3014.2,1184.4,15.7,377.3,422.2,0.0,422.2,0.0,5.9,824.1,866.0,-162.19999999999993,-183.19999999999993,-111.89999999999998,0,0
2014-04-11,4258.0,4520.6,4584.5,3013.5,1184.4,15.0,371.6,69.8,0.0,69.8,0.0,5.9,1146.0,883.4,321.9,199.5,126.10000000000002,0,0
2014-04-14,4259.8,4432.1,4503.4,3013.2,1183.6,16.7,290.0,77.1,0.0,77.1,0.0,5.8,1055.7,883.4,-90.29999999999995,131.9000000000001,-262.0999999999999,0,0
2014-04-15,4320.6,4470.8,4541.5,3012.7,1183.6,54.4,290.9,76.6,0.0,76.6,0.0,5.8,1033.6,883.4,-22.100000000000136,86.79999999999995,-79.30000000000018,0,0
2014-04-16,4364.4,4567.1,4636.3,3011.0,1183.6,150.6,291.1,75.0,0.0,75.0,0.0,5.8,1086.1,883.4,52.5,99.79999999999995,-99.90000000000009,0,0
2014-04-17,4277.1,4503.2,4576.1,2803.9,1405.6,74.2,292.3,78.7,0.0,78.7,0.0,5.8,1109.5,883.4,23.40000000000009,285.4,3.0,0,0
2014-04-18,4341.3,4488.3,4563.1,2802.9,1405.6,61.3,293.2,80.3,0.0,80.3,0.0,5.5,1030.4,883.4,-79.09999999999991,-115.59999999999991,-22.199999999999818,0,0
2014-04-21,4489.3,4557.9,4632.0,2802.3,1405.5,130.7,293.5,79.7,0.0,79.7,0.0,5.5,952.0,883.4,-78.40000000000009,-103.70000000000005,-101.5,0,0
2014-04-22,4672.4,4891.5,4953.7,3091.7,1405.3,162.8,293.9,67.7,0.0,67.7,0.0,5.5,1102.5,883.4,150.5,68.90000000000009,76.29999999999995,0,0
2014-04-23,4628.3,4844.6,4920.1,3090.8,1405.3,129.6,294.4,81.0,0.0,81.0,0.0,5.5,1099.7,883.4,-2.7999999999999545,13.600000000000136,20.100000000000136,0,0
2014-04-24,4628.6,4879.3,4945.8,3168.0,1405.3,79.5,292.9,72.0,0.0,72.0,0.0,5.5,1134.1,883.4,34.399999999999864,24.59999999999991,29.799999999999955,0,0
2014-04-25,4759.8,4963.5,5025.6,3167.0,1405.3,156.9,296.4,67.6,0.0,67.6,0.0,5.5,1087.1,883.4,-47.0,56.69999999999982,33.299999999999955,0,0
2014-04-28,5002.1,5278.6,5345.2,3165.4,1405.3,475.1,299.4,72.2,0.0,72.2,0.0,5.5,1159.9,883.4,72.80000000000018,207.9000000000001,43.5,0,0
2014-04-29,5057.3,5254.7,5326.6,3278.1,1405.3,343.9,299.2,77.4,0.0,77.4,0.0,5.5,1080.8,883.4,-79.10000000000014,-21.700000000000045,83.59999999999991,0,0
2014-04-30,4958.5,5207.2,5288.4,3274.8,1405.3,305.9,302.3,86.7,0.0,86.7,0.0,5.5,1132.1,883.4,51.299999999999955,32.399999999999864,110.59999999999991,0,0
2014-05-05,4929.6,5062.7,5155.6,3152.9,1405.3,295.0,302.4,98.5,0.0,98.5,0.0,5.5,1016.5,883.4,-115.59999999999991,-117.59999999999991,-146.0999999999999,0,0
2014-05-06,4862.2,5089.1,5168.0,3151.7,1405.3,310.2,300.8,84.5,0.0,84.5,0.0,5.5,1110.3,883.4,93.79999999999995,23.200000000000045,18.799999999999955,0,0
2014-05-07,4800.6,5086.9,5162.5,3150.5,1405.3,307.1,299.6,81.2,0.0,81.2,0.0,5.5,1169.7,883.4,59.40000000000009,9.799999999999955,162.4000000000001,0,0
2014-05-08,4745.8,4961.0,5039.3,3291.1,1401.4,50.9,295.9,83.8,0.0,83.8,0.0,5.5,1098.6,883.4,-71.10000000000014,17.799999999999955,152.0999999999999,0,0
2014-05-12,4682.8,4720.8,4989.7,3290.5,1401.1,2.0,296.1,274.4,0.0,274.4,0.0,5.5,932.6,894.6,-165.9999999999999,-199.4999999999999,8.800000000000068,0,0
2014-05-13,4794.1,5045.3,5104.1,3290.1,1401.1,117.2,295.7,64.3,0.0,64.3,0.0,5.5,1145.8,894.6,213.19999999999993,129.29999999999995,199.0,0,0
2014-05-14,4732.0,5002.7,5057.4,3289.5,1401.1,73.2,293.7,60.2,0.0,60.2,0.0,5.5,1165.3,894.6,19.5,55.0,179.0,0,0
2014-05-15,4757.0,4985.4,5044.8,2954.1,1688.2,101.4,301.2,64.9,0.0,64.9,0.0,5.5,1123.0,894.6,-42.299999999999955,-46.700000000000045,298.9,0,0
2014-05-16,4849.6,5035.8,5105.5,2952.5,1688.2,160.5,304.3,75.2,0.0,75.2,0.0,5.5,1080.8,894.6,-42.200000000000045,-17.799999999999955,-65.20000000000005,0,0
2014-05-19,4870.0,4996.4,5059.0,2952.2,1688.2,116.2,302.4,68.1,0.0,68.1,0.0,5.5,1021.0,894.6,-59.799999999999955,88.39999999999998,-34.700000000000045,0,0
2014-05-20,4882.3,5098.5,5155.5,2951.9,1688.2,213.9,301.5,62.9,0.0,62.9,0.0,5.8,1110.8,894.6,89.79999999999995,-35.0,77.20000000000005,0,0
2014-05-21,4991.2,5271.9,5328.9,3148.0,1688.2,195.5,297.3,62.8,0.0,62.8,0.0,5.8,1175.3,894.6,64.5,10.0,89.20000000000005,0,0
2014-05-22,4878.4,5199.2,5304.5,3149.6,1688.2,167.5,299.2,111.0,0.0,111.0,0.0,5.8,1215.4,894.6,40.100000000000136,92.40000000000009,105.90000000000009,0,0
2014-05-23,4738.5,5099.0,5159.2,3149.0,1688.2,23.7,298.3,66.0,0.0,66.0,0.0,5.8,1255.1,894.6,39.69999999999982,174.29999999999995,224.69999999999982,0,0
2014-05-26,4691.6,5055.2,5144.3,3148.7,1688.2,7.7,299.7,94.9,0.0,94.9,0.0,5.8,1258.2,894.6,3.1000000000001364,237.20000000000005,306.20000000000005,0,0
2014-05-27,4902.7,5087.0,5159.3,3148.6,1688.2,26.6,295.9,78.1,0.0,78.1,0.0,5.8,1078.9,894.6,-179.29999999999995,-31.899999999999864,-23.59999999999991,0,0
2014-05-28,4790.7,5070.9,5139.5,3148.4,1688.2,7.3,295.6,74.3,0.0,74.3,0.0,5.8,1174.8,894.6,95.89999999999986,-0.5,75.09999999999991,0,0
2014-05-29,4780.4,4868.6,4934.4,2777.7,1682.7,84.5,389.6,71.6,0.0,71.6,0.0,5.8,982.8,894.6,-192.0,-232.60000000000014,-151.29999999999995,0,0
2014-05-30,4726.3,4852.5,4932.4,2776.0,1682.6,81.4,392.4,85.7,0.0,85.7,0.0,5.8,1020.8,894.6,38.0,-234.29999999999995,-66.29999999999995,0,0
2014-06-02,4632.1,4787.7,4870.0,2775.7,1682.6,19.1,392.6,88.1,0.0,88.1,0.0,5.8,1050.2,894.6,29.40000000000009,-208.0,-109.70000000000005,0,0
2014-06-03,4562.2,4786.1,4869.3,2775.5,1682.6,16.2,395.1,89.0,0.0,89.0,0.0,5.8,1118.5,894.6,68.29999999999995,39.59999999999991,37.700000000000045,0,0
2014-06-04,4482.0,4793.4,4865.2,2775.1,1682.6,17.9,389.6,77.6,0.0,77.6,0.0,5.8,1206.0,894.6,87.5,31.200000000000045,73.90000000000009,0,0
2014-06-05,4504.9,4390.0,4454.6,2369.9,1682.6,12.6,389.5,70.4,0.0,70.4,0.0,5.8,779.7,894.6,-426.29999999999995,-203.0999999999999,-236.79999999999995,1,0
2014-06-06,4462.7,4387.7,4455.4,2368.5,1682.5,17.9,386.5,73.5,0.0,73.5,0.0,5.8,819.6,894.6,39.89999999999998,-201.19999999999993,-290.69999999999993,0,0
2014-06-09,4502.7,4462.9,4529.5,2368.2,1681.6,97.7,382.1,72.4,0.0,72.4,0.0,5.8,854.8,894.6,35.19999999999993,-195.4000000000001,-314.9000000000001,0,0
2014-06-10,4500.6,4683.2,4753.4,2368.1,1681.6,325.1,378.5,76.1,0.0,76.1,0.0,5.9,1077.2,894.6,222.4000000000001,-41.299999999999955,-21.399999999999864,0,0
2014-06-11,4505.4,4534.2,4591.9,2367.6,1681.5,162.9,379.9,66.6,0.0,66.6,0.0,8.9,909.5,880.7,-167.70000000000005,-296.5,-23.100000000000023,0,0
2014-06-16,4553.9,4770.2,4812.4,2392.0,1982.6,56.5,381.4,52.4,0.0,52.4,0.0,10.1,1097.0,880.7,187.5,317.29999999999995,-48.799999999999955,0,0
2014-06-17,4737.1,4932.7,4984.1,2391.6,1982.6,228.5,381.5,61.5,0.0,61.5,0.0,10.1,1076.3,880.7,-20.700000000000045,256.69999999999993,-89.0,0,0
2014-06-18,4719.0,4919.4,4974.2,2390.7,1982.6,218.4,382.5,64.9,0.0,64.9,0.0,10.1,1081.1,880.7,4.7999999999999545,226.29999999999995,-41.90000000000009,0,0
2014-06-19,4599.0,4821.3,4890.3,2483.7,1982.6,37.2,386.8,79.2,0.0,79.2,0.0,10.1,1103.0,880.7,21.90000000000009,25.799999999999955,22.200000000000045,0,0
2014-06-20,4688.8,4823.8,4881.7,2480.3,1982.6,32.6,386.3,68.1,0.0,68.1,0.0,10.1,1015.7,880.7,-87.29999999999995,106.20000000000005,-5.2999999999999545,0,0
2014-06-23,4650.9,4799.0,4871.5,2479.9,1982.6,23.1,386.0,82.6,0.0,82.6,0.0,10.1,1028.8,880.7,13.099999999999909,-68.20000000000005,-82.0,0,0
2014-06-24,4647.8,4854.6,4915.3,2478.8,1982.6,67.9,386.0,70.8,0.0,70.8,0.0,10.1,1087.5,880.7,58.700000000000045,11.200000000000045,-87.79999999999995,0,0
2014-06-25,4512.0,4833.2,4955.6,2478.7,1982.6,110.4,384.0,132.5,0.0,132.5,0.0,10.1,1201.9,880.7,114.40000000000009,120.80000000000018,-13.5,0,0
2014-06-26,4739.2,5062.5,5171.9,2571.0,1982.5,230.1,388.3,119.6,0.0,119.6,0.0,10.1,1204.0,880.7,2.099999999999909,101.0,-51.09999999999991,0,0
2014-06-27,4775.1,5032.7,5096.0,2570.9,1982.5,156.5,386.1,75.9,0.0,75.9,0.0,12.5,1138.3,880.7,-65.70000000000005,122.59999999999991,-119.90000000000009,0,0
2014-06-30,4724.7,5023.4,5094.2,2570.9,1982.5,133.4,407.3,83.4,0.0,83.4,0.0,12.5,1179.4,880.7,41.100000000000136,150.60000000000014,100.5,0,0
2014-07-01,4619.1,5109.9,5186.4,2570.7,1982.5,223.8,409.3,89.0,0.0,89.0,0.0,12.5,1371.5,880.7,192.0999999999999,284.0,196.70000000000005,0,0
2014-07-02,4524.5,5038.8,5108.5,2570.4,1982.5,106.4,449.2,82.3,0.0,82.3,0.0,12.5,1395.0,880.7,23.5,193.0999999999999,412.20000000000005,0,0
2014-07-03,4528.1,4769.5,4883.2,2252.0,1982.5,198.7,450.0,126.8,0.0,126.8,0.0,13.0,1122.1,880.7,-272.9000000000001,-81.90000000000009,101.29999999999995,0,0
2014-07-04,4471.2,4729.0,4841.8,2251.8,1982.5,158.5,449.0,125.8,0.0,125.8,0.0,13.0,1138.5,880.7,16.40000000000009,0.20000000000004547,88.29999999999995,0,0
2014-07-07,4624.7,4623.7,4702.2,2251.8,1850.6,149.5,450.3,91.6,0.0,91.6,0.0,13.0,879.7,880.7,-258.79999999999995,-299.70000000000005,-238.79999999999995,0,0
2014-07-08,4598.8,4628.1,4703.3,2251.6,1850.2,147.6,453.9,88.3,0.0,88.3,0.0,13.0,910.0,880.7,30.299999999999955,-461.5,-296.0,0,0
2014-07-09,4551.6,4581.3,4696.5,2251.4,1850.2,138.9,456.1,128.2,0.0,128.2,0.0,13.0,910.4,880.7,0.39999999999997726,-484.6,130.69999999999993,0,0
2014-07-10,4579.1,4498.5,4771.0,2453.7,1850.2,12.4,454.7,285.5,169.8,115.7,0.0,13.0,800.1,880.7,-110.29999999999995,-321.9999999999999,-19.5,0,0
2014-07-11,4602.3,4722.7,4792.2,2453.5,1849.0,35.1,454.7,82.6,0.0,82.6,0.0,13.0,997.8,877.4,197.69999999999993,-140.70000000000005,143.0,0,0
2014-07-14,4624.1,4720.6,4790.4,2452.7,1835.7,72.7,429.3,82.1,0.0,82.1,0.0,12.2,973.9,877.4,-23.899999999999977,94.19999999999993,-103.30000000000007,0,0
2014-07-15,4645.5,4781.3,4846.0,2452.3,1835.2,59.1,499.4,77.0,0.0,77.0,0.0,12.2,1013.2,877.4,39.30000000000007,103.20000000000005,103.70000000000005,0,0
2014-07-16,4657.8,4894.3,4959.6,2452.0,1835.2,172.5,499.9,77.3,0.0,77.3,0.0,12.0,1113.9,877.4,100.70000000000005,203.5000000000001,16.90000000000009,0,0
2014-07-17,4704.1,5087.8,5157.4,2707.1,1869.5,57.5,523.3,81.6,0.0,81.6,0.0,12.0,1261.1,877.4,147.19999999999982,460.9999999999999,184.79999999999995,0,0
2014-07-18,4775.1,4986.8,5047.4,2706.5,1869.4,17.9,453.5,73.4,0.0,73.4,0.0,12.9,1089.1,877.4,-172.0,91.29999999999995,8.0,0,0
2014-07-21,4775.6,5021.3,5094.1,2702.1,1869.4,67.9,454.6,85.7,0.0,85.7,0.0,12.9,1123.1,877.4,34.0,149.19999999999993,20.09999999999991,0,0
2014-07-22,5110.9,5311.1,5375.8,2751.3,1869.4,250.5,504.5,77.6,0.0,77.6,0.0,12.9,1077.6,877.4,-45.5,64.39999999999986,61.899999999999864,0,0
2014-07-23,4977.4,5304.4,5369.4,2864.3,1869.4,135.3,500.4,77.9,0.0,77.9,0.0,12.9,1204.4,877.4,126.80000000000018,90.5,175.60000000000014,0,0
2014-07-24,4918.2,5200.5,5269.2,2892.2,1869.4,56.2,451.3,81.5,0.0,81.5,0.0,12.9,1159.7,877.4,-44.700000000000045,-101.39999999999986,72.20000000000005,0,0
2014-07-25,5023.1,5218.5,5285.3,2891.8,1869.3,71.9,452.3,80.6,0.0,80.6,0.0,13.9,1072.8,877.4,-86.90000000000009,-16.299999999999955,-129.10000000000014,0,0
2014-07-28,5142.2,5202.0,5264.3,2891.2,1824.3,117.2,431.5,76.2,0.0,76.2,0.0,13.9,937.2,877.4,-135.5999999999999,-185.89999999999986,-266.79999999999995,0,0
2014-07-29,5216.7,5247.6,5322.9,2957.4,1824.3,95.5,445.8,89.2,0.0,89.2,0.0,13.9,908.3,877.4,-28.90000000000009,-169.29999999999995,-230.0,0,0
2014-07-30,4980.8,5232.0,5296.6,2956.0,1824.3,80.9,435.4,78.5,0.0,78.5,0.0,13.9,1128.6,877.4,220.29999999999995,-75.80000000000018,-50.80000000000018,0,0
2014-07-31,4884.9,5180.8,5261.7,2684.2,2028.2,48.4,500.9,94.7,0.0,94.7,0.0,13.9,1173.3,877.4,44.700000000000045,13.599999999999909,-198.20000000000005,0,0
2014-08-01,4814.7,5155.6,5249.5,2682.3,2028.2,31.6,507.4,107.8,0.0,107.8,0.0,13.9,1218.3,877.4,45.0,145.5,-176.70000000000005,0,0
2014-08-04,4757.3,5058.9,5197.5,2681.3,1992.0,20.1,504.1,152.4,0.0,152.4,0.0,13.9,1179.0,877.4,-39.299999999999955,241.79999999999995,56.90000000000009,0,0
2014-08-05,4690.6,4734.3,5195.6,2680.3,1985.0,20.9,509.5,475.2,360.0,115.2,0.0,13.9,921.1,877.4,-257.9,12.800000000000068,-217.39999999999998,0,0
2014-08-06,4518.1,4710.0,5190.2,2679.6,1984.6,21.4,504.6,494.1,360.0,134.1,0.0,13.9,1069.3,877.4,148.19999999999993,-59.299999999999955,189.5999999999999,0,0
2014-08-07,4553.6,4630.0,4790.3,2293.6,1984.6,3.7,508.5,177.4,0.0,177.4,0.0,17.1,953.8,877.4,-115.5,-219.5,43.799999999999955,0,0
2014-08-08,4538.2,4417.1,4793.4,2280.6,1984.5,4.2,524.1,393.3,180.0,213.3,0.0,17.1,756.3,877.4,-197.5,-462.0,-154.10000000000002,0,0
2014-08-11,4569.8,4520.1,4792.1,2279.7,1981.6,5.0,525.9,289.1,190.0,99.1,0.0,17.1,783.9,833.6,27.600000000000023,-395.1,-16.200000000000045,0,0
2014-08-12,4560.3,4717.2,4792.2,2279.5,1981.6,8.1,523.0,92.0,0.0,92.0,0.0,17.1,990.5,833.6,206.60000000000002,69.39999999999998,-7.2999999999999545,0,0
2014-08-13,4499.0,4701.2,4799.1,2276.4,1981.6,8.5,532.5,115.0,0.0,115.0,0.0,17.1,1035.8,833.6,45.299999999999955,-33.5,61.89999999999998,0,0
2014-08-14,4494.1,4950.3,5055.8,2343.7,2102.4,80.0,529.6,122.5,0.0,122.5,0.0,17.1,1289.8,833.6,254.0,336.0,276.5999999999999,0,0
2014-08-15,4579.8,4895.9,5052.7,2343.5,2102.4,77.7,529.1,173.9,0.0,173.9,0.0,17.1,1149.7,833.6,-140.0999999999999,393.4000000000001,35.799999999999955,0,0
2014-08-18,4594.2,4903.7,5062.7,2343.4,2102.4,76.6,540.3,176.0,0.0,176.0,0.0,17.1,1143.1,833.6,-6.600000000000136,359.19999999999993,-118.0,0,0
2014-08-19,4870.8,5038.7,5122.8,2342.9,2102.3,77.0,600.6,101.1,0.0,101.1,0.0,17.1,1001.5,833.6,-141.5999999999999,11.0,-87.59999999999991,0,0
2014-08-20,4835.6,5076.6,5149.1,2342.3,2102.3,77.7,626.8,89.6,0.0,89.6,0.0,17.1,1074.6,833.6,73.09999999999991,38.799999999999955,-48.5,0,0
2014-08-21,4899.4,5188.2,5275.2,2583.2,2093.3,2.4,596.3,104.1,0.0,104.1,0.0,17.1,1122.4,833.6,47.80000000000018,-167.39999999999986,44.80000000000018,0,0
2014-08-22,4933.6,5160.1,5239.3,2582.7,2093.3,2.4,561.0,96.3,0.0,96.3,0.0,17.0,1060.1,833.6,-62.30000000000018,-89.60000000000014,-144.30000000000018,0,0
2014-08-25,4802.9,5181.9,5251.5,2582.5,2093.3,1.9,573.8,86.6,0.0,86.6,0.0,17.0,1212.6,833.6,152.5,69.5,52.899999999999864,0,0
2014-08-26,5022.6,5193.8,5256.3,2582.1,2093.2,2.1,578.8,79.6,0.0,79.6,0.0,17.0,1004.8,833.6,-207.79999999999995,3.2999999999999545,-68.0,0,0
2014-08-27,4876.7,5158.1,5226.2,2581.8,2043.2,6.3,594.8,85.2,0.0,85.2,0.0,17.0,1115.0,833.6,110.20000000000005,40.40000000000009,177.79999999999995,0,0
2014-08-28,4869.8,5027.8,5120.7,2413.8,2043.2,7.8,655.8,109.9,0.0,109.9,0.0,17.0,991.6,833.6,-123.39999999999998,-130.80000000000007,83.30000000000007,0,0
2014-08-29,4903.3,5033.0,5142.3,2413.1,2043.1,15.2,670.9,126.3,0.0,126.3,0.0,17.0,963.3,833.6,-28.300000000000068,-96.79999999999995,-165.29999999999995,0,0
2014-09-01,4872.3,5027.7,5144.6,2411.8,2043.1,21.7,668.1,134.0,0.0,134.0,0.0,17.0,989.0,833.6,25.700000000000045,-223.5999999999999,-184.29999999999995,0,0
2014-09-02,4791.6,5006.2,5140.4,2408.6,2043.1,18.4,670.3,151.2,0.0,151.2,0.0,17.0,1048.2,833.6,59.200000000000045,43.40000000000009,-170.0999999999999,0,0
2014-09-03,4701.5,4959.1,5131.8,2406.1,2043.1,15.5,667.1,189.7,0.0,189.7,0.0,17.0,1091.2,833.6,43.0,-23.799999999999955,-87.79999999999995,0,0
2014-09-04,4582.5,4609.6,4822.2,2103.3,2043.1,6.3,669.5,229.6,0.0,229.6,0.0,17.0,860.7,833.6,-230.5,-130.89999999999998,-60.39999999999998,0,0
2014-09-05,4556.5,4531.4,4812.8,2100.4,2042.1,5.6,664.8,298.4,0.0,298.4,0.0,17.0,808.5,833.6,-52.200000000000045,-154.79999999999995,-260.79999999999995,0,0
2014-09-08,4652.6,4523.2,4811.8,2100.3,2041.1,3.0,667.4,305.7,0.0,305.7,0.0,17.0,704.2,833.6,-104.29999999999995,-284.79999999999995,-249.5999999999999,0,0
2014-09-09,4779.6,4772.5,5106.7,2100.1,2041.1,302.2,663.2,351.2,0.0,351.2,0.0,17.0,826.5,833.6,122.29999999999995,-221.70000000000005,70.20000000000005,0,0
2014-09-10,4727.2,4603.1,4961.7,2099.6,2041.1,152.7,668.2,375.6,0.0,375.6,0.0,17.0,709.5,833.6,-117.0,-381.70000000000005,-74.39999999999998,0,0
2014-09-11,4745.6,4888.3,5067.9,2253.6,2143.9,3.9,666.5,196.6,0.0,196.6,0.0,17.0,1003.8,861.1,294.29999999999995,143.0999999999999,13.299999999999955,0,0
2014-09-12,4774.2,4935.3,5068.0,2251.2,2143.7,3.8,669.4,149.4,0.0,149.4,0.0,16.7,1022.2,861.1,18.40000000000009,213.70000000000005,-13.599999999999909,0,0
2014-09-15,4813.5,4955.7,5117.0,2250.8,2143.7,3.4,719.1,178.0,0.0,178.0,0.0,16.7,1003.3,861.1,-18.90000000000009,299.0999999999999,-286.5,0,0
2014-09-16,4878.2,4964.7,5127.8,2250.2,2143.7,8.0,725.9,179.9,0.0,179.9,0.0,16.7,947.6,861.1,-55.69999999999993,121.10000000000002,-202.10000000000002,0,0
2014-09-17,4857.0,4955.1,5164.5,2247.9,2142.0,30.9,743.7,226.2,0.0,226.2,0.0,16.7,959.2,861.1,11.600000000000023,249.70000000000005,-183.89999999999986,0,0
2014-09-18,4762.0,5023.8,5245.6,2153.4,2142.0,197.5,752.6,238.6,0.0,238.6,0.0,16.7,1122.9,861.1,163.70000000000005,119.10000000000014,121.40000000000009,0,0
2014-09-19,4721.6,5115.3,5268.0,2301.9,2142.0,74.2,749.9,169.5,0.0,169.5,0.0,16.7,1254.8,861.1,131.89999999999986,232.5999999999999,180.20000000000005,0,0
2014-09-22,4749.2,5145.1,5278.5,2301.5,2142.0,107.4,727.6,149.2,0.0,149.2,0.0,15.7,1257.0,861.1,2.2000000000000455,253.70000000000005,134.5999999999999,0,0
2014-09-23,4855.2,5086.0,5226.5,2301.4,2142.0,101.5,681.6,156.3,0.0,156.3,0.0,15.7,1091.9,861.1,-165.0999999999999,144.30000000000007,31.800000000000182,0,0
2014-09-24,4627.7,5071.0,5216.7,2300.4,2142.0,91.1,683.3,161.5,0.0,161.5,0.0,15.7,1304.4,861.1,212.5,345.20000000000005,91.80000000000018,0,0
2014-09-25,4669.0,5170.6,5301.8,2403.8,2142.0,123.4,632.6,147.0,0.0,147.0,0.0,15.7,1362.7,861.1,58.299999999999955,239.79999999999995,357.9000000000001,0,0
2014-09-26,4823.4,5137.5,5241.5,2403.1,2142.0,67.4,628.9,121.3,0.0,121.3,0.0,17.3,1175.2,861.1,-187.5,-79.59999999999991,60.200000000000045,0,0
2014-09-29,4769.0,5200.8,5302.3,2402.9,2142.0,129.2,628.1,118.8,0.0,118.8,0.0,17.3,1292.9,861.1,117.70000000000005,35.90000000000009,301.30000000000007,0,0
2014-09-30,4721.7,5298.6,5440.3,2402.7,2142.0,136.6,759.1,159.9,0.0,159.9,0.0,18.1,1438.0,861.1,145.0999999999999,346.0999999999999,474.70000000000005,0,0
2014-10-01,4601.1,5098.6,5319.5,2402.3,2139.3,138.3,639.6,216.0,0.0,216.0,0.0,-4.8,1358.6,861.1,-79.40000000000009,54.19999999999982,369.5999999999999,0,0
2014-10-02,4527.7,4462.9,4616.3,1832.9,2139.3,43.6,600.6,171.6,0.0,171.6,0.0,18.1,796.3,861.1,-562.3,-566.4000000000001,-251.9000000000001,1,1
2014-10-03,4512.5,4336.9,4574.9,1832.6,2139.2,1.8,601.4,237.4,0.0,237.4,0.0,-0.6,685.5,861.1,-110.79999999999995,-489.70000000000005,-405.70000000000005,0,0
2014-10-06,4468.3,4182.0,4595.7,1832.4,2138.8,2.2,622.3,420.6,0.0,420.6,0.0,6.8,574.8,861.1,-110.70000000000005,-718.1000000000001,-285.9000000000001,0,0
2014-10-07,4502.1,4261.7,4595.8,1831.8,2138.7,3.3,621.9,352.2,0.0,352.2,0.0,18.1,620.7,861.1,45.90000000000009,-817.3,-187.79999999999995,0,0
2014-10-08,4461.1,4296.9,4593.8,1830.9,2138.4,3.7,620.8,309.6,0.0,309.6,0.0,12.7,696.9,861.1,76.19999999999993,-661.6999999999999,-7.300000000000068,0,0
2014-10-09,4689.4,4475.4,4745.3,1993.1,2138.4,2.8,611.0,288.0,0.0,288.0,0.0,18.1,647.1,861.1,-49.799999999999955,-149.19999999999993,-179.39999999999998,0,0
2014-10-10,4690.2,4563.7,4744.0,1991.9,2138.2,3.1,610.8,197.7,0.0,197.7,0.0,17.5,734.6,861.1,87.5,49.10000000000002,25.100000000000023,0,0
2014-10-13,4736.5,4629.6,4760.8,1991.7,2130.3,26.8,611.9,148.6,0.0,148.6,0.0,17.5,764.8,871.7,30.199999999999932,190.0,-239.0,0,0
2014-10-14,4774.0,4905.9,5027.4,2210.6,2128.6,2.4,685.7,139.0,0.0,139.0,0.0,17.5,1003.6,871.7,238.80000000000007,382.9,-18.600000000000023,0,0
2014-10-15,4910.4,4943.7,5033.0,2209.4,2128.6,8.8,686.2,106.7,0.0,106.7,0.0,17.5,905.0,871.7,-98.60000000000002,208.10000000000002,-98.29999999999995,0,0
2014-10-16,5014.4,5210.6,5290.6,2382.9,2188.0,6.1,713.6,97.5,0.0,97.5,0.0,17.5,1067.9,871.7,162.9000000000001,420.80000000000007,120.30000000000007,0,0
2014-10-17,5145.3,5257.7,5345.2,2382.0,2188.0,31.2,744.0,104.3,0.0,104.3,0.0,16.8,984.1,871.7,-83.80000000000007,249.5,24.899999999999977,0,0
2014-10-20,5210.0,5534.7,5614.3,2681.8,2188.0,2.0,742.5,96.3,0.0,96.3,0.0,16.7,1196.4,871.7,212.30000000000007,431.60000000000014,73.5,0,0
2014-10-21,5369.2,5574.2,5644.8,2701.6,2188.0,34.3,720.9,87.3,0.0,87.3,0.0,16.7,1076.7,871.7,-119.70000000000005,73.10000000000002,-178.0999999999999,0,0
2014-10-22,5311.9,5501.4,5596.5,2701.1,2188.0,35.7,671.7,111.8,0.0,111.8,0.0,16.7,1061.2,871.7,-15.5,156.20000000000005,-195.79999999999995,0,0
2014-10-23,5208.9,5567.5,5644.8,2773.5,2188.0,9.7,673.6,94.0,0.0,94.0,0.0,16.7,1230.3,871.7,169.0999999999999,162.39999999999986,138.39999999999986,0,0
2014-10-24,5191.4,5568.4,5639.5,2772.3,2188.0,7.3,671.9,87.8,0.0,87.8,0.0,16.7,1248.7,871.7,18.40000000000009,264.6,-55.700000000000045,0,0
2014-10-27,5326.5,5568.7,5645.3,2771.8,2188.0,6.7,678.9,93.3,0.0,93.3,0.0,16.7,1113.9,871.7,-134.79999999999995,-82.5,-248.79999999999995,0,0
2014-10-28,5592.5,5736.4,5811.4,2891.7,2188.0,47.0,684.8,91.7,0.0,91.7,0.0,16.7,1015.6,871.7,-98.30000000000007,-61.10000000000002,-159.60000000000002,0,0
2014-10-29,5685.8,5721.2,5779.5,2891.4,2187.5,11.5,689.1,75.0,0.0,75.0,0.0,16.7,907.1,871.7,-108.5,-154.10000000000002,-385.80000000000007,0,0
2014-10-30,5670.5,5811.4,5872.3,2885.5,2186.8,17.3,782.7,77.7,0.0,77.7,0.0,16.7,1012.6,871.7,105.5,-217.69999999999993,-425.4,0,0
2014-10-31,5739.8,5867.3,5936.2,2883.4,2186.8,78.3,787.6,85.6,0.0,85.6,0.0,16.7,999.2,871.7,-13.399999999999977,-249.5,-359.39999999999986,0,0
2014-11-05,5727.1,5926.3,6051.0,2882.2,2186.4,267.2,715.2,141.4,0.0,141.4,0.0,16.7,1070.9,871.7,71.70000000000005,-43.0,274.60000000000014,0,0
2014-11-06,5623.7,6043.1,6110.0,2854.4,2186.3,275.2,794.1,83.9,0.0,83.9,0.0,16.9,1291.1,871.7,220.19999999999982,275.4999999999999,605.5999999999999,0,0
2014-11-07,5570.8,5851.6,5939.5,2853.6,2182.5,203.2,700.2,104.7,0.0,104.7,0.0,16.9,1152.5,871.7,-138.5999999999999,245.39999999999998,577.7,0,0
2014-11-10,5393.2,5605.8,5753.5,2852.4,2173.9,114.6,612.6,164.7,64.6,100.0,0.0,16.9,1084.3,871.7,-68.20000000000005,71.69999999999993,463.5999999999999,0,0
2014-11-11,5392.3,5789.1,5861.8,2851.0,2159.0,237.5,614.2,89.6,0.0,89.6,0.0,16.9,1305.8,909.0,221.5,306.5999999999999,608.9,0,0
2014-11-12,5297.0,5784.0,5855.6,2845.7,2155.6,239.8,614.5,88.9,0.0,88.9,0.0,17.3,1396.0,909.0,90.20000000000005,325.0999999999999,748.9,0,0
2014-11-13,5364.6,5610.8,5702.8,2698.0,2295.5,96.7,612.6,108.9,0.0,108.9,0.0,16.9,1155.2,909.0,-240.79999999999995,-135.89999999999986,420.6,0,0
2014-11-14,5400.5,5602.5,5662.9,2697.5,2295.4,56.9,613.1,77.7,0.0,77.7,0.0,17.3,1111.0,909.0,-44.200000000000045,-41.5,346.20000000000005,0,0
2014-11-17,5413.4,5603.5,5668.3,2697.3,2295.4,64.2,611.4,82.0,0.0,82.0,0.0,17.3,1099.1,909.0,-11.900000000000091,14.799999999999955,95.49999999999989,0,0
2014-11-18,5439.2,5634.7,5721.7,2696.2,2295.4,68.2,661.9,104.2,0.0,104.2,0.0,17.2,1104.5,909.0,5.400000000000091,-201.29999999999995,199.5,0,0
2014-11-19,5476.9,5661.6,5723.5,2695.5,2295.4,84.9,647.8,78.8,0.0,78.8,0.0,16.9,1093.7,909.0,-10.799999999999955,-302.29999999999995,25.799999999999955,0,0
2014-11-20,5520.9,5747.0,5803.8,2695.0,2295.4,155.7,657.7,73.7,0.0,73.7,0.0,16.9,1135.1,909.0,41.399999999999864,-20.100000000000136,150.9999999999999,0,0
2014-11-21,5658.9,5716.7,5775.1,2694.6,2295.3,130.2,655.0,75.3,0.0,75.3,0.0,16.9,966.8,909.0,-168.29999999999995,-144.20000000000005,-229.60000000000014,0,0
2014-11-24,5710.9,5827.2,5887.3,2693.7,2294.9,199.4,699.3,77.0,0.0,77.0,0.0,16.9,1025.3,909.0,58.5,-73.79999999999995,-51.40000000000009,0,0
2014-11-25,5779.8,5941.3,6014.7,2691.3,2294.3,324.4,704.8,90.3,0.0,90.3,0.0,16.9,1070.5,909.0,45.200000000000045,-34.0,9.299999999999955,0,0
2014-11-26,5904.2,6124.6,6194.3,2890.0,2294.3,316.7,693.4,86.6,0.0,86.6,0.0,16.9,1129.4,909.0,58.90000000000009,35.700000000000045,-100.89999999999986,0,0
2014-11-27,5821.6,6169.1,6273.2,2795.2,2294.3,510.9,672.8,120.9,0.0,120.9,0.0,16.9,1256.5,909.0,127.09999999999991,121.40000000000009,7.7999999999999545,0,0
2014-11-28,5809.8,6197.1,6288.3,2794.7,2294.3,475.0,724.3,107.9,0.0,107.9,0.0,16.8,1296.3,909.0,39.799999999999955,329.5,182.39999999999986,0,0
2014-12-01,5736.2,6208.6,6408.8,2793.5,2293.3,536.4,785.6,188.8,0.0,188.8,0.0,-11.5,1381.4,909.0,85.10000000000014,356.10000000000014,365.80000000000007,0,0
2014-12-02,5678.3,6033.7,6220.4,2792.0,2293.2,402.5,732.7,203.3,0.0,203.3,0.0,16.6,1264.4,909.0,-117.0,193.9000000000001,357.30000000000007,0,0
2014-12-03,5634.6,6063.9,6313.9,2790.3,2293.1,395.0,835.5,266.6,0.0,266.6,0.0,16.6,1338.3,909.0,73.89999999999986,208.89999999999986,325.69999999999993,0,0
2014-12-04,5757.3,5641.8,5910.9,2775.2,2284.0,19.0,832.6,285.6,0.0,285.6,0.0,16.6,793.5,909.0,-544.8,-463.0,-205.70000000000005,1,1
2014-12-05,5840.1,5678.2,5895.2,2772.5,2262.2,24.5,836.0,233.6,0.0,233.6,0.0,16.6,747.1,909.0,-46.39999999999998,-549.1999999999999,-323.80000000000007,0,0
2014-12-08,5858.3,5775.1,5981.0,2767.4,2185.7,251.1,776.7,222.5,0.0,222.5,0.0,16.6,825.8,909.0,78.69999999999993,-555.6000000000001,-465.29999999999995,0,0
2014-12-09,5908.2,5707.4,5857.3,2763.6,2185.7,133.9,774.1,166.6,0.0,166.6,0.0,16.6,708.2,909.0,-117.59999999999991,-556.2,-444.29999999999995,0,0
2014-12-10,5889.1,5806.9,5976.3,2757.6,2184.4,67.2,967.1,185.9,0.0,185.9,0.0,16.6,826.8,909.0,118.59999999999991,-511.5,-257.5,0,0
2014-12-11,6129.3,6732.6,6820.9,3216.0,2272.5,215.5,1116.9,104.9,0.0,104.9,0.0,16.6,1570.2,966.9,743.4000000000001,776.7,264.4000000000001,0,0
2014-12-12,6014.3,7148.9,7213.5,3211.3,2271.6,562.1,1168.5,81.2,0.0,81.2,0.0,16.6,2101.5,966.9,531.3,1354.4,705.5,0,0
2014-12-15,6185.2,6719.7,6857.4,3210.8,2271.6,200.0,1175.1,154.3,0.0,154.3,0.0,16.6,1501.4,966.9,-600.0999999999999,675.6000000000001,346.20000000000005,1,1
2014-12-16,6346.8,6777.3,6929.9,3209.1,2271.6,273.7,1175.5,169.2,0.0,169.2,0.0,16.6,1397.4,966.9,-104.0,689.2,286.4000000000001,0,0
2014-12-17,6369.1,7089.1,7302.6,3126.7,2271.2,627.5,1277.2,228.1,0.0,228.1,0.0,14.6,1686.9,966.9,289.5,860.1000000000001,587.8000000000002,0,0
2014-12-18,6467.3,6957.3,7268.4,3239.8,2268.5,395.9,1364.3,327.7,0.0,327.7,0.0,16.6,1456.9,966.9,-230.0,-113.29999999999995,352.4000000000001,0,0
2014-12-19,6161.0,7078.4,7391.9,3073.7,2267.6,662.2,1388.4,268.2,0.0,268.2,0.0,-45.3,1884.3,966.9,427.39999999999986,-217.20000000000005,790.5999999999999,0,0
2014-12-22,6731.8,7626.6,8004.0,3564.4,2267.2,477.6,1694.8,332.8,0.0,332.8,0.0,-44.7,1861.7,966.9,-22.59999999999991,360.29999999999995,726.6000000000001,0,0
2014-12-23,7012.4,7489.4,7731.7,3441.4,2266.9,274.6,1748.8,208.2,0.0,208.2,0.0,-34.1,1443.9,966.9,-417.79999999999995,46.5,477.10000000000014,1,0
2014-12-24,6795.6,7461.7,7693.6,3400.9,2239.6,224.5,1828.6,248.2,0.0,248.2,0.0,16.2,1633.0,966.9,189.0999999999999,-53.90000000000009,607.7,0,0
2014-12-25,6959.6,7250.8,7689.0,3179.1,2483.1,108.8,1918.0,454.4,0.0,454.4,0.0,16.2,1258.1,966.9,-374.9000000000001,-198.80000000000018,187.5999999999999,1,0
2014-12-26,7014.3,7268.7,7701.4,3194.6,2470.1,61.3,1975.4,451.3,0.0,451.3,0.0,18.6,1221.3,966.9,-36.799999999999955,-663.0,91.89999999999986,0,0
2014-12-29,6986.9,7333.7,7736.5,3217.8,2466.2,74.4,1978.1,368.7,0.0,368.7,0.0,-34.1,1313.7,966.9,92.40000000000009,-548.0,57.200000000000045,0,0
2014-12-30,6974.6,7319.6,7825.6,3230.9,2456.2,83.7,2054.8,524.8,0.0,524.8,0.0,18.8,1311.9,966.9,-1.7999999999999545,-132.0,15.600000000000136,0,0
2014-12-31,6475.7,6855.8,7441.1,2707.8,2444.2,217.8,2071.3,522.0,0.0,522.0,0.0,-63.3,1347.0,966.9,35.09999999999991,-286.0,-34.40000000000009,0,0
2015-01-01,6217.3,6465.9,7333.7,2707.8,2370.9,217.8,2037.2,804.5,0.0,804.5,0.0,-63.3,1215.5,966.9,-131.5,-42.59999999999991,-48.90000000000009,0,0
2015-01-12,6076.3,6571.3,7439.2,2707.8,2370.9,323.3,2037.2,804.5,0.0,804.5,0.0,-63.3,1542.1,1047.1,326.5999999999999,320.79999999999995,203.79999999999995,0,0
2015-01-13,6014.7,6770.7,7179.3,2703.9,2370.5,40.8,2064.2,432.1,0.0,432.1,0.0,23.5,1803.1,1047.1,261.0,489.39999999999986,1009.5999999999999,0,0
2015-01-14,5861.3,6671.7,7133.7,2700.3,2370.4,35.7,2027.3,485.5,114.2,371.3,0.0,23.5,1857.5,1047.1,54.40000000000009,545.5999999999999,1110.4,0,0
2015-01-15,6129.7,6482.3,7007.5,2458.1,2589.3,22.8,1937.1,548.6,227.5,321.1,0.0,23.5,1399.7,1047.1,-457.79999999999995,52.700000000000045,573.9000000000001,1,0
2015-01-16,6389.1,6593.8,6954.9,2455.7,2579.3,21.7,1898.1,384.6,0.0,384.6,0.0,23.5,1251.8,1047.1,-147.9000000000001,36.299999999999955,543.5999999999999,0,0
2015-01-19,6405.3,6603.7,6912.2,2454.6,2571.2,18.5,1868.0,331.9,0.0,331.9,0.0,23.4,1245.5,1047.1,-6.2999999999999545,-296.5999999999999,418.70000000000005,0,0
2015-01-20,6264.4,6557.1,6891.7,2454.2,2570.9,21.1,1845.5,358.5,0.0,358.5,0.0,23.8,1339.8,1047.1,94.29999999999995,-463.29999999999995,-230.4000000000001,0,0
2015-01-21,6221.6,6430.9,6889.2,2452.9,2570.9,19.6,1845.9,481.1,223.3,257.7,0.0,22.7,1256.4,1047.1,-83.39999999999986,-601.0999999999999,-845.0999999999999,0,0
2015-01-22,6016.9,6347.8,6842.6,2207.3,2560.5,235.3,1839.4,517.5,250.0,267.5,0.0,22.7,1378.0,1047.1,121.59999999999991,-21.700000000000045,-123.40000000000009,0,0
2015-01-23,5929.2,6330.1,6722.5,2207.1,2560.2,224.9,1730.3,415.1,190.0,225.1,0.0,22.7,1448.0,1047.1,70.0,196.20000000000005,50.59999999999991,0,0
2015-01-26,5772.6,6126.7,6567.1,2206.8,2560.0,235.6,1564.8,462.6,300.0,162.6,0.0,22.2,1401.2,1047.1,-46.799999999999955,155.70000000000005,-285.70000000000005,0,0
2015-01-27,6134.0,6298.7,6519.7,2206.6,2545.0,209.6,1558.5,243.1,0.0,243.1,0.0,22.1,1211.8,1047.1,-189.4000000000001,-128.0,-245.10000000000014,0,0
2015-01-28,5985.6,6316.2,6516.4,2206.0,2544.9,217.3,1548.2,222.2,0.0,222.2,0.0,21.9,1377.7,1047.1,165.9000000000001,121.29999999999995,-506.5999999999999,0,0
2015-01-29,5650.4,5857.4,6160.4,2076.9,2544.7,16.2,1522.5,320.6,0.0,320.6,0.0,17.6,1254.1,1047.1,-123.60000000000014,-123.90000000000009,-607.6000000000001,0,0
2015-01-30,5591.8,5594.6,6108.1,2065.0,2542.4,30.9,1469.9,535.5,0.0,535.5,0.0,21.9,1049.9,1047.1,-204.19999999999982,-398.0999999999999,-394.0,0,0
2015-02-02,5392.4,5226.0,5961.9,2064.6,2542.3,72.0,1283.1,757.9,294.6,463.2,0.0,21.9,880.7,1047.1,-169.20000000000005,-520.5,-752.3,0,0
2015-02-03,5337.7,5247.0,5876.1,2064.2,2539.8,44.8,1227.2,651.1,423.2,227.8,0.0,21.9,956.4,1047.1,75.69999999999993,-255.39999999999998,-301.69999999999993,0,0
2015-02-04,5160.6,5073.4,5854.3,2063.6,2539.8,28.2,1222.7,802.8,410.0,392.8,0.0,21.9,959.9,1047.1,3.5,-417.80000000000007,-261.4,0,0
2015-02-05,4889.8,4890.4,5352.1,1303.9,2492.5,333.0,1222.7,483.4,0.0,483.4,0.0,21.7,1047.7,1047.1,87.80000000000007,-206.39999999999986,-266.0,0,0
2015-02-06,4761.2,4647.7,5219.2,1301.9,2485.2,257.1,1175.0,593.4,0.0,593.4,0.0,21.9,933.6,1047.1,-114.10000000000002,-116.30000000000007,-378.30000000000007,0,0
2015-02-09,4712.8,4455.0,5114.5,1301.8,2478.6,180.4,1153.7,681.4,0.0,681.4,0.0,21.9,789.3,1047.1,-144.30000000000007,-91.40000000000009,-557.7,0,0
2015-02-10,4848.2,5083.8,5452.2,1301.0,2477.4,523.7,1150.1,390.3,220.0,170.3,0.0,21.9,1282.7,1047.1,493.4000000000001,326.30000000000007,67.20000000000005,0,0
2015-02-11,4801.6,5011.9,5169.7,1300.2,2477.4,244.7,1147.3,180.5,0.0,180.5,0.0,22.7,1277.0,1066.7,-5.7000000000000455,317.1,-265.0999999999999,0,0
2015-02-12,5003.2,5093.6,5423.1,1203.0,2769.8,308.3,1142.0,325.4,0.0,325.4,0.0,-4.1,1157.1,1066.7,-119.90000000000009,109.39999999999986,-646.0,0,0
2015-02-13,5037.3,5130.4,5406.0,1202.6,2760.1,312.7,1130.5,298.3,0.0,298.3,0.0,22.7,1159.8,1066.7,2.7000000000000455,226.19999999999993,-697.7,0,0
2015-02-16,4875.8,5072.3,5268.4,1202.5,2760.1,181.2,1124.6,218.8,0.0,218.8,0.0,22.7,1263.2,1066.7,103.40000000000009,473.9000000000001,-136.5,0,0
2015-02-17,4880.4,5025.2,5245.4,1202.4,2760.1,185.9,1096.9,242.9,0.0,242.9,0.0,22.7,1211.5,1066.7,-51.700000000000045,-71.20000000000005,-40.299999999999955,0,0
2015-02-18,4839.3,5129.8,5307.9,1201.3,2755.8,245.3,1105.5,200.9,0.0,200.9,0.0,22.8,1357.2,1066.7,145.70000000000005,80.20000000000005,111.70000000000005,0,0
2015-02-19,4933.6,5228.0,5382.0,1454.4,2755.8,67.0,1104.8,176.8,0.0,176.8,0.0,22.8,1361.1,1066.7,3.8999999999998636,204.0,21.299999999999955,0,0
2015-02-20,4947.5,5245.3,5390.4,1454.2,2755.4,77.5,1103.3,167.8,0.0,167.8,0.0,22.8,1364.5,1066.7,3.400000000000091,204.70000000000005,108.09999999999991,0,0
2015-02-24,5068.0,5275.6,5403.4,1454.1,2754.7,86.6,1107.9,150.6,0.0,150.6,0.0,22.8,1274.3,1066.7,-90.20000000000005,11.099999999999909,-103.70000000000005,0,0
2015-02-25,4920.2,5217.5,5427.6,1453.6,2754.7,120.6,1098.7,232.9,0.0,232.9,0.0,22.8,1364.0,1066.7,89.70000000000005,152.5,-84.0,0,0
2015-02-26,5202.8,5331.3,5453.9,1434.3,2751.2,176.7,1091.7,145.4,0.0,145.4,0.0,22.8,1195.2,1066.7,-168.79999999999995,-162.0,-206.0,0,0
2015-02-27,5173.8,5257.0,5376.8,1432.8,2751.2,99.8,1092.9,142.5,0.0,142.5,0.0,22.8,1149.9,1066.7,-45.299999999999955,-211.19999999999982,-61.899999999999864,0,0
2015-03-02,5139.4,5219.4,5506.1,1432.3,2751.2,229.6,1093.0,309.6,0.0,309.6,0.0,22.8,1146.7,1066.7,-3.2000000000000455,-217.79999999999995,-231.0,0,0
2015-03-03,5207.7,5208.9,5421.6,1431.3,2751.1,155.7,1083.5,235.5,0.0,235.5,0.0,22.8,1067.9,1066.7,-78.79999999999995,-206.39999999999986,-186.19999999999982,0,0
2015-03-04,5082.4,5164.9,5383.3,1430.6,2751.1,132.6,1069.0,241.1,0.0,241.1,0.0,22.7,1149.2,1066.7,81.29999999999995,-214.79999999999995,99.29999999999995,0,0
2015-03-05,4778.5,4674.4,4927.2,1334.0,2704.1,193.7,695.4,275.0,0.0,275.0,0.0,22.2,962.6,1066.7,-186.60000000000002,-232.60000000000002,81.89999999999998,0,0
2015-03-06,4802.1,4776.7,4885.9,1333.9,2704.1,170.5,677.5,133.7,0.0,133.7,0.0,24.4,1041.3,1066.7,78.69999999999993,-108.60000000000014,84.89999999999998,0,0
2015-03-10,4588.7,4728.2,4832.2,1333.5,2659.6,167.2,671.8,124.1,0.0,124.1,0.0,20.2,1206.2,1066.7,164.9000000000001,59.5,246.30000000000007,0,0
2015-03-11,4482.8,4823.0,4929.8,1331.1,2659.6,273.4,665.8,131.3,0.0,131.3,0.0,24.5,1443.0,1102.8,236.79999999999995,375.0999999999999,395.29999999999995,0,0
2015-03-12,4540.8,4840.9,4978.9,1354.1,2951.5,54.0,619.3,162.1,0.0,162.1,0.0,24.0,1402.9,1102.8,-40.09999999999991,253.70000000000005,469.30000000000007,0,0
2015-03-13,4524.6,4687.0,4969.7,1354.1,2951.3,42.6,621.8,306.7,0.0,306.7,0.0,24.0,1265.2,1102.8,-137.70000000000005,302.6,475.9000000000001,0,0
2015-03-16,4767.6,4712.5,4959.9,1353.6,2951.3,33.6,621.5,271.9,0.0,271.9,0.0,24.5,1047.7,1102.8,-217.5,6.400000000000091,-235.0,0,0
2015-03-17,4772.5,4898.1,5060.1,1353.6,2926.2,153.1,627.3,186.5,0.0,186.5,0.0,24.4,1228.4,1102.8,180.70000000000005,22.200000000000045,-48.59999999999991,0,0
2015-03-18,4689.6,4902.7,5038.6,1353.0,2906.1,143.3,636.2,160.3,0.0,160.3,0.0,24.4,1315.9,1102.8,87.5,-127.09999999999991,158.80000000000018,0,0
2015-03-19,4787.6,5063.9,5170.8,1454.0,2906.0,207.0,603.9,131.3,0.0,131.3,0.0,24.4,1379.1,1102.8,63.19999999999982,-23.800000000000182,219.29999999999995,0,0
2015-03-20,4851.9,5027.9,5179.8,1623.1,2906.0,40.1,610.7,181.5,0.0,181.5,0.0,29.6,1278.8,1102.8,-100.29999999999995,13.599999999999909,15.599999999999909,0,0
2015-03-23,4701.1,4926.6,5020.7,1450.4,2906.0,54.5,609.8,123.6,0.0,123.6,0.0,29.5,1328.3,1102.8,49.5,280.5999999999999,116.79999999999995,0,0
2015-03-24,4644.9,4919.7,5023.4,1450.4,2906.0,61.2,605.9,133.3,0.0,133.3,0.0,29.5,1377.6,1102.8,49.299999999999955,149.19999999999982,20.399999999999864,0,0
2015-03-25,4612.8,4922.4,5029.1,1450.1,2892.0,75.5,611.6,136.3,0.0,136.3,0.0,29.5,1412.4,1102.8,34.80000000000018,96.5,51.30000000000018,0,0
2015-03-26,5175.6,5324.0,5416.3,1574.3,2892.0,342.6,607.3,121.8,0.0,121.8,0.0,29.5,1251.2,1102.8,-161.20000000000005,-127.89999999999986,-113.29999999999995,0,0
2015-03-27,5077.3,5190.9,5285.8,1752.5,2892.0,46.0,595.3,124.4,0.0,124.4,0.0,29.5,1216.4,1102.8,-34.799999999999955,-62.399999999999864,-57.899999999999864,0,0
2015-03-30,5106.8,5181.9,5273.6,1571.2,2892.0,218.0,592.5,121.3,0.0,121.3,0.0,29.5,1177.9,1102.8,-38.5,-150.39999999999986,-186.0999999999999,0,0
2015-03-31,5232.6,5346.0,5540.3,1911.4,2892.0,136.3,600.7,225.8,0.0,225.8,0.0,31.5,1216.2,1102.8,38.299999999999955,-161.39999999999986,21.0,0,0
2015-04-01,5031.2,5270.7,5530.3,1910.8,2892.0,123.6,603.9,292.1,0.0,292.1,0.0,32.6,1342.3,1102.8,126.09999999999991,-70.10000000000014,192.39999999999986,0,0
2015-04-02,4888.3,5024.3,5213.2,1654.6,2891.9,75.4,591.4,221.4,0.0,221.4,0.0,32.6,1238.8,1102.8,-103.5,-12.400000000000091,92.09999999999991,0,0
2015-04-03,4836.3,4911.4,5089.6,1653.9,2806.9,46.3,582.5,210.9,0.0,210.9,0.0,32.7,1177.9,1102.8,-60.899999999999864,-38.5,110.0,0,0
2015-04-06,4933.3,4908.5,5082.5,1653.1,2793.8,54.9,580.8,206.7,0.0,206.7,0.0,32.7,1078.0,1102.8,-99.90000000000009,-99.90000000000009,-71.20000000000005,0,0
2015-04-07,4906.6,4929.8,5109.2,1651.8,2793.6,84.1,579.7,212.0,0.0,212.0,0.0,32.6,1126.0,1102.8,48.0,-90.20000000000005,163.39999999999998,0,0
2015-04-08,4702.9,4754.8,5147.9,1650.5,2784.8,135.4,577.1,425.6,0.0,425.6,0.0,32.6,1154.7,1102.8,28.700000000000045,-187.5999999999999,113.40000000000009,0,0
2015-04-09,4777.9,4624.5,4806.5,1455.8,2760.8,33.4,556.6,214.6,0.0,214.6,0.0,32.6,949.4,1102.8,-205.30000000000007,-289.4,-256.80000000000007,0,0
2015-04-10,4785.2,4516.8,4809.3,1452.1,2757.2,43.6,556.4,325.1,0.0,325.1,0.0,32.6,834.4,1102.8,-115.0,-343.5000000000001,-608.6,0,0
2015-04-13,4740.8,4742.5,4950.0,1450.4,2751.3,193.6,554.8,239.3,0.0,239.3,0.0,31.8,1065.0,1063.3,230.60000000000002,-13.0,-337.9000000000001,0,0
2015-04-14,4745.8,4744.1,4981.7,1447.1,2746.9,238.8,548.8,269.3,0.0,269.3,0.0,31.8,1061.6,1063.3,-3.400000000000091,-64.40000000000009,-203.60000000000014,0,0
2015-04-15,4788.2,4839.8,5013.0,1446.4,2746.9,272.0,547.7,204.9,0.0,204.9,0.0,31.7,1114.9,1063.3,53.30000000000018,-39.799999999999955,67.20000000000005,0,0
2015-04-16,5093.0,5293.9,5467.0,2065.6,2641.2,201.8,558.4,204.7,0.0,204.7,0.0,31.7,1264.2,1063.3,149.29999999999995,314.80000000000007,35.799999999999955,0,0
2015-04-17,5089.3,5313.8,5482.2,2061.8,2635.5,224.8,560.1,199.6,0.0,199.6,0.0,31.2,1287.8,1063.3,23.59999999999991,453.4,-28.100000000000136,0,0
2015-04-20,5049.8,5293.5,5464.7,2061.7,2632.1,182.8,588.1,202.3,0.0,202.3,0.0,31.1,1307.0,1063.3,19.200000000000045,242.0,-72.09999999999991,0,0
2015-04-21,5211.2,5482.2,5648.7,2291.3,2626.6,82.7,648.1,197.3,0.0,197.3,0.0,30.8,1334.3,1063.3,27.299999999999955,272.70000000000005,55.5,0,0
2015-04-22,5294.0,5512.3,5671.5,2289.6,2624.8,178.8,578.2,190.8,0.0,190.8,0.0,31.6,1281.6,1063.3,-52.700000000000045,166.69999999999982,-46.700000000000045,0,0
2015-04-23,5074.7,5372.6,5540.6,2366.4,2617.3,40.0,516.9,199.7,0.0,199.7,0.0,31.6,1361.2,1063.3,79.60000000000014,97.0,-16.399999999999864,0,0
2015-04-24,5085.0,5298.6,5510.2,2365.8,2613.2,14.5,516.7,243.1,0.0,243.1,0.0,31.4,1276.9,1063.3,-84.29999999999995,-10.899999999999864,-135.5,0,0
2015-04-27,5276.5,5454.3,5637.4,2360.3,2612.4,147.2,517.4,214.5,0.0,214.5,0.0,31.4,1241.1,1063.3,-35.80000000000018,-65.90000000000009,-10.100000000000136,0,0
2015-04-28,5219.1,5582.6,5750.7,2459.3,2612.4,163.7,515.3,201.8,0.0,201.8,0.0,33.7,1426.8,1063.3,185.70000000000005,92.5,210.39999999999986,0,0
2015-04-29,5415.6,5645.3,5807.8,2457.0,2612.2,222.4,516.1,196.2,0.0,196.2,0.0,33.7,1293.0,1063.3,-133.79999999999995,11.400000000000091,115.09999999999991,0,0
2015-04-30,5304.3,5422.9,5594.9,2267.6,2612.1,97.2,617.9,205.7,0.0,205.7,0.0,33.7,1181.9,1063.3,-111.09999999999991,-179.29999999999995,-34.299999999999955,0,0
2015-05-05,5239.8,5197.6,5474.3,2133.0,2612.1,70.2,659.0,313.9,0.0,313.9,0.0,37.2,1021.1,1063.3,-160.80000000000007,-255.80000000000007,-321.19999999999993,0,0
2015-05-06,5086.0,5281.8,5469.5,2132.5,2612.1,102.7,622.3,226.3,0.0,226.3,0.0,38.6,1259.1,1063.3,237.9999999999999,18.0,20.299999999999955,0,0
2015-05-07,5027.7,5181.3,5383.5,2246.9,2571.6,44.9,520.1,240.8,0.0,240.8,0.0,38.6,1216.9,1063.3,-42.19999999999982,-209.89999999999986,39.0,0,0
2015-05-08,4978.5,5096.8,5348.0,2244.9,2571.5,16.7,514.9,290.6,0.0,290.6,0.0,39.4,1181.6,1063.3,-35.30000000000018,-111.40000000000009,103.59999999999991,0,0
2015-05-12,4846.8,5017.2,5350.5,2244.7,2571.5,19.8,514.5,373.2,0.0,373.2,0.0,39.9,1176.6,1006.2,-5.0,-5.300000000000182,50.59999999999991,0,0
2015-05-13,4749.6,5252.9,5428.9,2244.0,2555.0,119.5,510.3,215.8,0.0,215.8,0.0,39.9,1509.5,1006.2,332.9000000000001,488.4,354.79999999999995,0,0
2015-05-14,4733.1,4777.7,4951.8,1623.9,2694.4,124.9,508.6,214.2,0.0,214.2,0.0,40.1,1050.8,1006.2,-458.70000000000005,-208.29999999999995,101.39999999999998,1,0
2015-05-15,4716.2,4822.9,4990.5,1622.0,2694.4,166.4,507.7,207.2,0.0,207.2,0.0,39.6,1112.9,1006.2,62.100000000000136,-104.0,278.5000000000001,0,0
2015-05-18,4720.6,4691.9,4861.1,1621.9,2671.7,76.0,491.6,209.3,0.0,209.3,0.0,40.1,977.5,1006.2,-135.4000000000001,-204.0999999999999,-87.5,0,0
2015-05-19,4666.3,4756.4,4925.2,1621.8,2671.7,151.8,479.8,208.3,0.0,208.3,0.0,39.4,1096.3,1006.2,118.79999999999995,-80.29999999999995,34.700000000000045,0,0
2015-05-20,4567.8,4678.7,4846.8,1620.8,2671.7,75.6,478.7,208.5,0.0,208.5,0.0,40.4,1117.1,1006.2,20.799999999999955,-392.4000000000001,2.199999999999818,0,0
2015-05-21,4608.6,5108.5,5273.6,2175.3,2671.7,49.1,377.5,207.0,0.0,207.0,0.0,41.8,1506.1,1006.2,389.0,455.29999999999995,241.89999999999986,0,0
2015-05-22,4589.7,5076.8,5272.8,2175.1,2671.7,49.2,376.8,237.8,0.0,237.8,0.0,41.8,1493.3,1006.2,-12.799999999999955,380.39999999999986,205.5,0,0
2015-05-25,4594.4,5074.1,5270.5,2174.9,2671.7,46.9,376.9,237.8,0.0,237.8,0.0,41.4,1485.9,1006.2,-7.399999999999864,508.4000000000001,178.9000000000001,0,0
2015-05-26,5010.6,5118.6,5277.7,2174.9,2669.3,56.6,377.0,200.5,0.0,200.5,0.0,41.4,1114.2,1006.2,-371.70000000000005,17.90000000000009,-220.0999999999999,1,0
2015-05-27,4945.9,5101.9,5259.8,2174.7,2644.4,62.3,378.4,199.2,0.0,199.2,0.0,41.4,1162.2,1006.2,48.0,45.100000000000136,-119.39999999999986,0,0
2015-05-28,4786.1,4675.7,4831.9,1784.3,2644.2,25.0,378.3,197.5,0.0,197.5,0.0,41.4,895.8,1006.2,-266.4000000000001,-610.3,-465.4000000000001,0,0
2015-05-29,4734.9,4665.7,4822.9,1783.4,2643.4,29.0,367.1,198.6,0.0,198.6,0.0,41.4,937.0,1006.2,41.200000000000045,-556.3,-339.9000000000001,0,0
2015-06-01,4681.3,4629.9,4835.3,1782.7,2643.2,43.3,366.2,246.8,0.0,246.8,0.0,41.4,954.8,1006.2,17.799999999999955,-531.1000000000001,-286.29999999999995,0,0
2015-06-02,4524.1,4657.7,4824.7,1782.3,2643.2,28.5,370.8,208.4,0.0,208.4,0.0,41.4,1139.8,1006.2,185.0,25.59999999999991,-287.0,0,0
2015-06-03,4366.5,4602.2,4772.0,1782.1,2608.2,26.3,355.4,212.4,0.0,212.4,0.0,42.6,1241.9,1006.2,102.10000000000014,79.70000000000005,-51.09999999999991,0,0
2015-06-04,4342.0,4302.5,4473.4,1293.2,2586.2,241.6,352.5,213.5,0.0,213.5,0.0,42.6,966.7,1006.2,-275.20000000000005,70.90000000000009,-215.20000000000005,0,0
2015-06-05,4286.5,4303.0,4541.6,1293.1,2586.2,317.7,344.6,281.2,0.0,281.2,0.0,42.6,1022.7,1006.2,56.0,85.70000000000005,1.6000000000000227,0,0
2015-06-08,4255.8,4264.8,4527.2,1492.9,2583.9,105.2,345.2,305.2,0.0,305.2,0.0,42.8,1015.2,1006.2,-7.5,60.40000000000009,-243.89999999999986,0,0
2015-06-09,4225.4,4343.0,4620.4,1552.2,2570.3,153.5,344.4,320.7,0.0,320.7,0.0,43.2,1123.8,1006.2,108.59999999999991,-16.0,-93.10000000000014,0,0
2015-06-10,4173.8,4318.7,4570.3,1291.6,2570.3,364.5,343.8,294.8,0.0,294.8,0.0,43.2,1151.1,1006.2,27.299999999999955,-90.80000000000018,-30.5,0,0
2015-06-11,4465.6,4444.9,4691.9,1583.9,2706.6,58.5,342.8,290.2,0.0,290.2,0.0,43.2,999.9,1020.6,-151.19999999999993,33.19999999999993,-176.69999999999993,0,0
2015-06-15,4513.7,4437.4,4676.8,1580.4,2706.4,47.0,343.0,282.5,0.0,282.5,0.0,43.2,944.3,1020.6,-55.60000000000002,-78.40000000000009,-565.2,0,0
2015-06-16,4597.0,4494.3,4753.9,1579.9,2706.4,124.3,343.3,304.2,0.0,304.2,0.0,44.6,917.9,1020.6,-26.399999999999977,-97.30000000000007,-132.89999999999998,0,0
2015-06-17,4427.1,4548.6,4814.7,1579.9,2703.0,191.2,340.6,310.7,0.0,310.7,0.0,44.6,1142.1,1020.6,224.19999999999993,18.299999999999955,29.199999999999818,0,0
2015-06-18,4252.8,4659.3,4944.6,1703.9,2703.0,195.2,342.6,329.5,0.0,329.5,0.0,44.1,1427.1,1020.6,285.0,276.0,449.5999999999999,0,0
2015-06-19,4187.8,4656.7,4918.6,1699.1,2694.9,182.1,342.5,306.7,0.0,306.7,0.0,44.8,1489.5,1020.6,62.40000000000009,489.6,393.20000000000005,0,0
2015-06-22,4128.1,4640.3,4911.5,1695.9,2694.9,181.2,339.5,316.1,0.0,316.1,0.0,44.9,1532.8,1020.6,43.299999999999955,588.5,415.70000000000005,0,0
2015-06-23,4186.5,4637.7,4900.1,1694.4,2685.4,181.6,338.6,315.8,0.0,315.8,0.0,53.5,1471.8,1020.6,-61.0,553.9,-34.299999999999955,0,0
2015-06-24,4062.0,4638.6,4891.9,1694.4,2685.4,175.1,337.0,306.8,0.0,306.8,0.0,53.5,1597.2,1020.6,125.40000000000009,455.10000000000014,103.90000000000009,0,0
2015-06-25,4069.6,4496.1,4779.6,1573.6,2685.4,183.6,337.0,337.0,0.0,337.0,0.0,53.5,1447.1,1020.6,-150.10000000000014,20.0,-38.80000000000018,0,0
2015-06-26,4520.7,4655.1,4834.3,1573.6,2685.4,238.2,337.2,233.2,0.0,233.2,0.0,54.0,1155.0,1020.6,-292.0999999999999,-334.5,40.799999999999955,0,0
2015-06-29,4586.9,4575.9,4764.5,1572.9,2685.4,168.1,338.0,244.2,0.0,244.2,0.0,55.6,1009.6,1020.6,-145.39999999999998,-523.1999999999999,-152.60000000000002,0,0
2015-06-30,4579.7,4667.5,4846.0,1572.8,2685.4,248.7,339.1,234.7,0.0,234.7,0.0,56.2,1108.4,1020.6,98.80000000000007,-363.39999999999986,212.60000000000014,0,0
2015-07-01,4402.2,4689.7,4926.7,1572.3,2685.0,325.8,343.6,293.1,0.0,293.1,0.0,56.2,1308.1,1020.6,199.69999999999982,-289.10000000000014,371.0999999999999,0,0
2015-07-02,4210.2,4337.6,4573.7,1453.1,2670.3,118.3,332.0,292.3,0.0,292.3,0.0,56.2,1148.0,1020.6,-160.0999999999999,-299.0999999999999,193.20000000000005,0,0
2015-07-03,4154.4,4302.7,4540.7,1452.8,2653.5,105.7,328.7,301.0,0.0,301.0,0.0,62.9,1168.9,1020.6,20.90000000000009,13.900000000000091,29.100000000000136,0,0
2015-07-06,4223.8,4268.8,4512.0,1451.6,2653.5,76.6,330.3,307.4,0.0,307.4,0.0,64.2,1065.6,1020.6,-103.30000000000018,55.999999999999886,-176.30000000000018,0,0
2015-07-07,4179.9,4225.2,4503.6,1451.6,2653.4,67.5,331.0,345.8,0.0,345.8,0.0,67.4,1065.9,1020.6,0.3000000000001819,-42.5,99.20000000000005,0,0
2015-07-08,4156.5,4031.1,4493.9,1451.5,2647.4,68.0,327.0,530.2,0.0,530.2,0.0,67.4,895.2,1020.6,-170.70000000000005,-412.89999999999986,-127.5,0,0
2015-07-09,4034.5,3942.3,4370.1,1373.2,2647.4,20.1,329.4,495.2,0.0,495.2,0.0,67.4,928.4,1020.6,33.19999999999993,-219.60000000000002,-86.80000000000007,0,0
2015-07-10,4031.9,3927.3,4372.6,1373.0,2647.1,26.0,326.5,494.9,0.0,494.9,0.0,49.6,916.0,1020.6,-12.399999999999977,-252.9000000000001,-207.79999999999995,0,0
2015-07-13,4054.1,4177.8,4373.9,1372.9,2645.6,29.4,326.0,263.3,0.0,263.3,0.0,67.2,1172.1,1048.4,256.0999999999999,106.5,21.0,0,0
2015-07-14,4014.2,4192.4,4381.1,1372.8,2645.6,36.9,325.7,256.8,0.0,256.8,0.0,68.1,1226.6,1048.4,54.5,160.69999999999982,226.69999999999993,0,0
2015-07-15,3904.3,4196.6,4382.3,1372.7,2645.5,36.1,328.1,253.7,0.0,253.7,0.0,68.0,1340.7,1048.4,114.10000000000014,445.5,396.4000000000001,0,0
2015-07-16,3986.3,4074.2,4256.0,1232.8,2624.3,67.3,331.7,250.3,0.0,250.3,0.0,68.5,1136.3,1048.4,-204.4000000000001,207.89999999999998,218.39999999999998,0,0
2015-07-17,3938.1,4185.8,4367.3,1232.8,2624.3,184.2,326.0,250.3,0.0,250.3,0.0,68.8,1296.1,1048.4,159.79999999999995,380.0999999999999,154.0,0,0
2015-07-20,3890.3,4033.4,4214.5,1232.8,2614.3,42.2,325.3,249.6,0.0,249.6,0.0,68.5,1191.5,1048.4,-104.59999999999991,19.40000000000009,-235.5999999999999,0,0
2015-07-21,3875.1,4061.8,4271.3,1232.7,2614.3,99.5,324.9,277.9,0.0,277.9,0.0,68.5,1235.1,1048.4,43.59999999999991,8.5,-254.4000000000001,0,0
2015-07-22,3797.1,4025.8,4214.1,1232.4,2612.1,44.5,325.1,257.1,0.0,257.1,0.0,68.7,1277.1,1048.4,42.0,-63.600000000000136,-255.70000000000005,0,0
2015-07-23,3766.4,4310.2,4601.6,1623.7,2612.1,39.3,326.5,360.1,0.0,360.1,0.0,68.7,1592.2,1048.4,315.10000000000014,455.9000000000001,120.40000000000009,0,0
2015-07-24,3891.8,4306.2,4595.9,1623.2,2608.0,38.3,326.4,359.0,0.0,359.0,0.0,69.3,1462.8,1048.4,-129.4000000000001,166.70000000000005,-134.4000000000001,0,0
2015-07-27,4055.2,4277.3,4546.1,1623.2,2558.0,38.8,326.1,337.2,0.0,337.2,0.0,68.5,1270.5,1048.4,-192.29999999999995,79.0,-176.5999999999999,0,0
2015-07-28,4399.0,4345.4,4545.9,1622.8,2558.0,39.6,325.5,269.0,0.0,269.0,0.0,68.5,994.8,1048.4,-275.70000000000005,-240.29999999999995,-160.20000000000005,0,0
2015-07-29,4235.3,4341.6,4544.4,1619.8,2558.0,42.0,324.5,271.3,0.0,271.3,0.0,68.5,1154.7,1048.4,159.9000000000001,-122.39999999999986,145.10000000000002,0,0
2015-07-30,4194.3,4326.0,4568.4,1593.7,2632.8,18.2,323.8,310.9,0.0,310.9,0.0,68.5,1180.1,1048.4,25.399999999999864,-412.10000000000014,71.69999999999982,0,0
2015-07-31,4171.9,4215.1,4609.8,1593.6,2632.8,59.5,323.9,463.5,0.0,463.5,0.0,68.8,1091.6,1048.4,-88.5,-371.20000000000005,-216.5,0,0
2015-08-03,4077.7,4317.9,4570.9,1593.0,2632.8,27.4,317.7,321.7,0.0,321.7,0.0,68.7,1288.6,1048.4,197.0,18.09999999999991,140.5999999999999,0,0
2015-08-04,4024.4,4327.1,4559.6,1592.3,2632.8,17.9,316.6,293.9,0.0,293.9,0.0,61.5,1351.1,1048.4,62.5,356.29999999999995,182.19999999999982,0,0
2015-08-05,3908.2,4208.2,4564.8,1592.2,2632.0,22.1,318.6,429.9,0.0,429.9,0.0,73.3,1348.4,1048.4,-2.699999999999818,193.70000000000005,282.8000000000002,0,0
2015-08-06,3859.4,3814.8,4119.8,1122.5,2631.9,46.5,319.0,379.2,0.0,379.2,0.0,74.2,1003.8,1048.4,-344.60000000000014,-176.29999999999995,-62.100000000000136,1,0
2015-08-07,3850.1,3790.3,4086.6,1113.7,2609.4,46.1,317.4,374.7,0.0,374.7,0.0,78.5,988.6,1048.4,-15.199999999999932,-102.99999999999989,93.39999999999998,0,0
2015-08-10,3777.5,3676.7,4086.7,1113.5,2609.0,43.8,320.3,485.2,0.0,485.2,0.0,75.1,947.6,1048.4,-41.0,-340.9999999999999,19.200000000000045,0,0
2015-08-11,3686.0,3887.1,4066.9,1113.2,2579.7,55.2,318.8,260.5,0.0,260.5,0.0,80.7,1269.7,1068.6,322.1,-81.39999999999986,353.70000000000005,0,0
2015-08-12,3643.6,3913.4,4064.0,1113.1,2579.7,50.7,320.5,235.4,0.0,235.4,0.0,84.8,1338.4,1068.6,68.70000000000005,-10.0,166.30000000000018,0,0
2015-08-13,3590.9,3693.7,3860.8,902.0,2600.5,41.1,317.2,253.0,0.0,253.0,0.0,85.9,1171.4,1068.6,-167.0,167.60000000000014,-55.19999999999982,0,0
2015-08-14,3663.0,3732.9,3863.2,901.9,2599.7,45.6,316.0,216.5,0.0,216.5,0.0,86.2,1138.5,1068.6,-32.90000000000009,149.89999999999998,-202.20000000000005,0,0
2015-08-17,3637.5,3740.7,3858.6,901.9,2599.7,42.3,314.7,206.5,0.0,206.5,0.0,88.6,1171.8,1068.6,33.299999999999955,224.19999999999993,35.5,0,0
2015-08-18,3563.0,3749.5,3861.3,901.9,2599.7,45.2,314.5,200.2,0.0,200.2,0.0,88.3,1255.1,1068.6,83.29999999999995,-14.600000000000136,-41.0,0,0
2015-08-19,3569.6,3750.0,3863.8,901.8,2599.5,48.0,314.5,201.5,0.0,201.5,0.0,87.7,1249.0,1068.6,-6.099999999999909,-89.40000000000009,57.5,0,0
2015-08-20,3540.2,3883.6,4011.8,1082.4,2599.3,15.7,314.4,224.1,0.0,224.1,0.0,96.0,1412.0,1068.6,163.0,240.5999999999999,176.9000000000001,0,0
2015-08-21,3720.2,3893.9,4016.6,1082.2,2599.3,20.4,314.6,219.6,0.0,219.6,0.0,96.9,1242.3,1068.6,-169.70000000000005,103.79999999999995,-34.799999999999955,0,0
2015-08-24,3601.1,3897.6,4020.8,1081.9,2599.3,24.9,314.7,220.0,0.0,220.0,0.0,96.8,1365.1,1068.6,122.79999999999995,193.29999999999995,-227.10000000000014,0,0
2015-08-25,3629.8,3899.4,4027.5,1081.7,2599.2,31.5,315.0,227.9,0.0,227.9,0.0,99.8,1338.2,1068.6,-26.899999999999864,83.10000000000014,-124.59999999999991,0,0
2015-08-26,4069.3,3985.6,4102.6,1081.3,2599.2,105.2,316.8,216.8,0.0,216.8,0.0,99.8,984.9,1068.6,-353.30000000000007,-264.1,-285.6,1,0
2015-08-27,4033.8,4048.7,4170.4,1232.7,2599.2,23.5,315.0,221.6,0.0,221.6,0.0,100.0,1083.5,1068.6,98.60000000000002,-328.5,88.70000000000005,0,0
2015-08-28,3889.1,4039.8,4159.0,1231.3,2599.2,13.7,314.7,219.5,0.0,219.5,0.0,100.3,1219.3,1068.6,135.79999999999995,-23.0,64.59999999999991,0,0
2015-08-31,3863.1,4051.4,4157.6,1227.2,2599.0,15.8,315.5,206.5,0.0,206.5,0.0,100.3,1256.9,1068.6,37.600000000000136,-108.19999999999982,76.80000000000018,0,0
2015-09-01,3813.0,4041.5,4227.9,1226.8,2598.8,87.4,315.0,291.0,0.0,291.0,0.0,104.6,1297.1,1068.6,40.19999999999982,-41.100000000000136,205.5,0,0
2015-09-02,3731.0,4049.5,4201.2,1226.7,2598.8,60.4,315.3,262.6,0.0,262.6,0.0,111.0,1387.1,1068.6,90.0,402.19999999999993,98.5,0,0
2015-09-03,3663.8,3628.2,3780.3,731.6,2598.7,134.0,315.9,263.0,0.0,263.0,0.0,110.9,1033.0,1068.6,-354.0999999999999,-50.5,-318.0999999999999,1,0
2015-09-04,3560.3,3608.7,3780.3,731.6,2598.3,135.0,315.5,273.8,0.0,273.8,0.0,102.2,1117.0,1068.6,84.0,-102.29999999999995,-231.4000000000001,0,0
2015-09-07,3523.3,3536.3,3724.5,731.5,2548.1,125.7,319.1,290.4,0.0,290.4,0.0,102.2,1081.6,1068.6,-35.40000000000009,-175.30000000000018,77.79999999999995,0,0
2015-09-08,3512.7,3544.4,3721.4,728.9,2548.1,130.2,314.2,279.2,0.0,279.2,0.0,102.2,1100.3,1068.6,18.700000000000045,-196.79999999999995,111.69999999999993,0,0
2015-09-09,3320.4,3458.2,3698.6,728.6,2520.6,135.6,313.8,342.9,0.0,342.9,0.0,102.4,1206.4,1068.6,106.10000000000014,-180.69999999999982,258.80000000000007,0,0
2015-09-10,3429.5,3190.5,3774.8,952.1,2483.9,19.4,319.5,675.5,0.0,675.5,0.0,91.2,829.6,1068.6,-376.80000000000007,-203.39999999999998,-440.1,1,0
2015-09-11,3514.6,3623.5,3761.9,951.9,2474.9,19.6,315.5,241.1,0.0,241.1,0.0,102.7,1366.1,1257.2,536.4999999999999,249.0999999999999,27.699999999999818,0,0
2015-09-14,3568.0,3549.5,3678.0,951.9,2474.9,56.4,194.8,233.7,0.0,233.7,0.0,105.3,1238.7,1257.2,-127.39999999999986,157.10000000000014,67.29999999999995,0,0
2015-09-15,3628.3,3595.1,3722.8,951.8,2474.9,162.8,133.3,232.9,0.0,232.9,0.0,105.3,1224.0,1257.2,-14.700000000000045,123.70000000000005,85.5,0,0
2015-09-16,3512.3,3581.2,3698.8,951.7,2474.8,138.8,133.5,223.9,0.0,223.9,0.0,106.3,1326.1,1257.2,102.09999999999991,119.69999999999982,154.29999999999995,0,0
2015-09-17,3524.5,3755.1,3873.9,1102.4,2474.8,162.2,134.5,225.2,0.0,225.2,0.0,106.3,1487.8,1257.2,161.70000000000005,658.1999999999999,232.70000000000005,0,0
2015-09-18,3584.7,3742.7,3855.3,1098.9,2474.8,147.8,133.8,219.2,0.0,219.2,0.0,106.6,1415.2,1257.2,-72.59999999999991,49.100000000000136,166.20000000000005,0,0
2015-09-21,3482.5,3829.4,3940.7,1097.8,2474.8,234.3,133.9,217.0,0.0,217.0,0.0,105.8,1604.1,1257.2,188.89999999999986,365.39999999999986,192.0999999999999,0,0
2015-09-22,3451.1,3755.7,3868.4,1097.6,2473.2,161.8,135.8,218.8,0.0,218.8,0.0,106.2,1561.8,1257.2,-42.299999999999955,337.79999999999995,319.5,0,0
2015-09-23,3387.5,3763.7,3889.4,1097.4,2473.2,186.0,132.9,231.2,0.0,231.2,0.0,105.5,1633.4,1257.2,71.60000000000014,307.3000000000002,268.3000000000002,0,0
2015-09-24,3306.6,3951.2,4091.6,1443.2,2473.1,42.3,132.9,245.9,0.0,245.9,0.0,105.5,1901.8,1257.2,268.39999999999986,414.0,563.5999999999999,0,0
2015-09-25,3398.6,3912.9,4080.0,1443.2,2473.1,40.8,123.0,273.1,0.0,273.1,0.0,105.9,1771.5,1257.2,-130.29999999999995,356.29999999999995,786.6,0,0
2015-09-28,3784.3,3928.4,4083.7,1441.4,2472.6,42.3,127.4,259.7,0.0,259.7,0.0,104.5,1401.3,1257.2,-370.20000000000005,-202.79999999999995,317.79999999999995,1,0
2015-09-29,3932.9,3909.7,4090.9,1441.3,2472.3,49.2,128.0,284.6,0.0,284.6,0.0,103.5,1234.0,1257.2,-167.29999999999995,-327.79999999999995,14.700000000000045,0,0
2015-09-30,3617.8,3932.8,4096.0,1441.3,2472.3,53.8,128.6,266.8,0.0,266.8,0.0,103.5,1572.2,1257.2,338.20000000000005,-61.200000000000045,315.29999999999995,0,0
2015-10-01,3394.2,3590.8,3767.6,912.0,2438.8,289.3,127.5,280.5,0.0,280.5,0.0,103.8,1453.8,1257.2,-118.40000000000009,-448.0,156.70000000000005,0,0
2015-10-02,3378.8,3458.7,3614.1,911.9,2438.2,133.4,130.6,259.7,0.0,259.7,0.0,104.3,1337.1,1257.2,-116.70000000000005,-434.4000000000001,-50.0,0,0
2015-10-05,3279.2,3456.2,3598.3,911.8,2438.2,117.8,130.5,246.4,0.0,246.4,0.0,104.3,1434.2,1257.2,97.10000000000014,32.90000000000009,401.20000000000005,0,0
2015-10-06,3194.8,3351.7,3597.5,911.8,2438.1,117.1,130.5,350.1,0.0,350.1,0.0,104.4,1414.1,1257.2,-20.100000000000136,180.0999999999999,297.0999999999999,0,0
2015-10-07,3297.9,3251.1,3569.0,911.8,2411.7,115.4,130.1,426.0,0.0,426.0,0.0,108.0,1210.4,1257.2,-203.69999999999982,-361.79999999999995,128.80000000000018,0,0
2015-10-08,3265.0,2975.6,3322.2,731.6,2400.0,65.3,125.3,455.0,0.0,455.0,0.0,108.5,967.8,1257.2,-242.60000000000014,-486.0,-132.5,0,0
2015-10-09,3226.5,3050.6,3316.2,728.4,2398.0,63.3,126.6,374.3,0.0,374.3,0.0,108.8,1081.3,1257.2,113.5,-255.79999999999995,-125.10000000000014,0,0
2015-10-12,3351.1,3099.0,3321.4,728.4,2395.8,69.8,127.5,331.2,0.0,331.2,0.0,108.8,1068.5,1320.6,-12.799999999999955,-365.70000000000005,238.89999999999998,0,0
2015-10-13,3205.3,3240.8,3387.2,728.0,2395.1,143.8,120.3,257.0,0.0,257.0,0.0,110.6,1356.1,1320.6,287.5999999999999,-58.0,-10.0,0,0
2015-10-14,3167.3,3226.2,3354.0,727.9,2395.1,103.4,127.6,238.4,0.0,238.4,0.0,110.6,1379.5,1320.6,23.40000000000009,169.0999999999999,140.79999999999995,0,0
2015-10-15,3147.9,3292.3,3407.5,1032.5,2218.0,34.6,122.4,225.9,0.0,225.9,0.0,110.7,1465.0,1320.6,85.5,497.20000000000005,241.0,0,0
2015-10-16,3247.0,3351.9,3464.5,1032.4,2217.7,92.0,122.4,223.2,0.0,223.2,0.0,110.6,1425.5,1320.6,-39.5,344.20000000000005,99.40000000000009,0,0
2015-10-19,3131.2,3338.0,3447.8,1031.4,2217.6,76.1,122.6,220.4,0.0,220.4,0.0,110.6,1527.4,1320.6,101.90000000000009,458.9000000000001,39.600000000000136,0,0
2015-10-20,3079.3,3313.9,3430.7,1027.8,2217.6,60.7,124.6,227.1,0.0,227.1,0.0,110.4,1555.2,1320.6,27.799999999999955,199.10000000000014,140.0,0,0
2015-10-21,3045.7,3361.4,3474.2,1027.2,2217.6,105.3,124.1,223.8,0.0,223.8,0.0,110.9,1636.3,1320.6,81.09999999999991,256.79999999999995,32.200000000000045,0,0
2015-10-22,3140.5,3529.9,3653.6,1162.8,2217.3,147.0,126.4,234.1,0.0,234.1,0.0,110.4,1710.0,1320.6,73.70000000000005,245.0,148.20000000000005,0,0
2015-10-23,3144.7,3500.7,3592.8,1161.8,2217.3,89.9,123.8,203.6,0.0,203.6,0.0,111.5,1676.6,1320.6,-33.40000000000009,251.0999999999999,43.19999999999982,0,0
2015-10-26,3189.1,3425.0,3527.2,1161.2,2217.3,25.0,123.6,214.1,0.0,214.1,0.0,111.9,1556.5,1320.6,-120.09999999999991,29.09999999999991,-345.29999999999995,0,0
2015-10-27,3564.9,3455.8,3535.2,1160.2,2217.3,35.7,122.0,191.8,0.0,191.8,0.0,112.5,1211.5,1320.6,-345.0,-343.70000000000005,-560.0,1,0
2015-10-28,3262.4,3441.5,3528.2,1159.8,2217.3,31.9,119.2,199.7,0.0,199.7,0.0,113.0,1499.7,1320.6,288.20000000000005,-136.5999999999999,98.40000000000009,0,0
2015-10-29,3338.9,3389.1,3466.9,1093.0,2216.8,39.6,117.5,192.6,0.0,192.6,0.0,114.8,1370.8,1320.6,-128.9000000000001,-339.20000000000005,136.79999999999995,0,0
2015-10-30,3253.4,3375.3,3465.5,1092.7,2216.7,36.2,120.0,206.8,0.0,206.8,0.0,116.5,1442.5,1320.6,71.70000000000005,-234.0999999999999,-129.70000000000005,0,0
2015-11-02,3272.4,3372.7,3505.2,1092.3,2216.7,77.3,118.8,252.5,0.0,252.5,0.0,119.9,1420.9,1320.6,-21.59999999999991,-135.5999999999999,-32.899999999999864,0,0
2015-11-03,3220.0,3376.4,3462.5,1092.1,2216.4,34.7,119.2,206.2,0.0,206.2,0.0,120.1,1477.0,1320.6,56.09999999999991,265.5,139.9000000000001,0,0
2015-11-05,2929.8,3368.9,3455.0,1088.5,2216.4,32.9,117.1,206.2,0.0,206.2,0.0,120.1,1759.7,1320.6,282.70000000000005,260.0,325.5,0,0
2015-11-06,2849.8,2978.2,3075.6,571.3,2195.6,189.1,119.6,219.8,0.0,219.8,0.0,122.3,1449.0,1320.6,-310.70000000000005,78.20000000000005,34.90000000000009,1,0
2015-11-09,2789.1,2937.8,3031.4,571.3,2195.5,145.1,119.5,215.7,0.0,215.7,0.0,122.2,1469.3,1320.6,20.299999999999955,26.799999999999955,258.89999999999986,0,0
2015-11-10,2707.3,2714.4,3012.9,571.2,2195.5,126.7,119.5,420.8,0.0,420.8,0.0,122.2,1327.7,1320.6,-141.5999999999999,-93.20000000000005,359.9000000000001,0,0
2015-11-11,2562.8,2936.9,3022.9,571.2,2195.5,136.6,119.5,208.9,0.0,208.9,0.0,123.0,1664.1,1290.0,336.39999999999986,187.0999999999999,582.8,0,0
2015-11-12,2567.4,2772.8,2881.2,771.9,1971.2,18.0,120.1,233.8,0.0,233.8,0.0,125.4,1495.4,1290.0,-168.69999999999982,-264.29999999999995,426.9000000000001,0,0
2015-11-13,2584.1,2702.0,2878.7,771.8,1971.2,17.0,118.7,304.2,0.0,304.2,0.0,127.5,1407.9,1290.0,-87.5,-41.09999999999991,51.80000000000018,0,0
2015-11-16,2634.1,2673.9,2882.0,771.6,1971.2,21.6,117.7,336.5,0.0,336.5,0.0,128.4,1329.8,1290.0,-78.10000000000014,-139.5,-49.700000000000045,0,0
2015-11-17,2707.7,2719.7,2931.2,771.5,1971.2,70.6,117.9,343.8,0.0,343.8,0.0,132.3,1302.0,1290.0,-27.799999999999955,-25.700000000000045,-163.0,0,0
2015-11-18,2585.4,2633.8,2954.5,771.4,1971.2,92.4,119.5,453.3,0.0,453.3,0.0,132.5,1338.4,1290.0,36.40000000000009,-325.6999999999998,-87.09999999999991,0,0
2015-11-19,2671.6,2929.8,3217.4,982.1,1971.2,146.1,117.9,420.3,0.0,420.3,0.0,132.7,1548.2,1290.0,209.79999999999995,52.799999999999955,20.799999999999955,0,0
2015-11-20,2616.4,2948.4,3249.9,978.5,1967.9,186.2,117.3,434.4,0.0,434.4,0.0,133.0,1622.0,1290.0,73.79999999999995,214.0999999999999,66.79999999999995,0,0
2015-11-23,2533.3,2889.1,3166.8,978.5,1967.9,96.2,124.2,428.3,0.0,428.3,0.0,150.6,1645.8,1290.0,23.799999999999955,316.0,9.5,0,0
2015-11-24,2409.8,2853.6,3134.1,978.5,1967.9,69.6,118.2,430.9,0.0,430.9,0.0,150.4,1733.8,1290.0,88.0,431.79999999999995,23.799999999999955,0,0
2015-11-25,2319.6,2862.8,3139.5,978.4,1967.9,76.4,116.7,427.1,0.0,427.1,0.0,150.4,1833.2,1290.0,99.40000000000009,494.79999999999995,156.60000000000014,0,0
2015-11-26,2740.3,2827.1,3067.0,952.3,1967.9,31.4,115.4,390.7,0.0,390.7,0.0,150.8,1376.8,1290.0,-456.4000000000001,-171.4000000000001,-179.70000000000005,1,0
2015-11-27,2737.3,2869.3,3106.0,951.9,1967.9,70.9,115.3,390.8,0.0,390.8,0.0,154.1,1422.0,1290.0,45.200000000000045,-200.0,210.5,0,0
2015-11-30,2768.5,2891.6,3111.8,951.9,1967.9,76.9,115.1,374.3,0.0,374.3,0.0,154.1,1413.1,1290.0,-8.900000000000091,-232.70000000000005,-86.60000000000014,0,0
2015-12-01,2769.6,2863.2,3125.0,951.8,1967.9,90.0,115.3,417.6,0.0,417.6,0.0,155.8,1383.6,1290.0,-29.5,-350.20000000000005,12.799999999999955,0,0
2015-12-02,2649.1,2854.1,3138.8,951.6,1967.9,104.4,114.9,440.8,0.0,440.8,0.0,156.2,1495.0,1290.0,111.40000000000009,-338.20000000000005,52.5,0,0
2015-12-03,2637.1,2544.7,2823.3,551.2,1937.0,221.2,113.9,434.9,0.0,434.9,0.0,156.3,1197.6,1290.0,-297.4000000000001,-179.20000000000005,-223.30000000000018,0,0
2015-12-04,2595.2,2615.3,2892.3,551.1,1936.7,282.6,121.9,433.9,0.0,433.9,0.0,156.8,1310.1,1290.0,112.5,-111.90000000000009,-166.9000000000001,0,0
2015-12-07,2561.4,2381.0,2672.7,551.1,1733.2,274.5,113.9,450.3,0.0,450.3,0.0,158.5,1109.6,1290.0,-200.5,-303.5,-650.1000000000001,0,0
2015-12-08,2534.4,2433.0,2727.1,551.1,1733.2,328.8,113.9,452.6,0.0,452.6,0.0,158.6,1188.6,1290.0,79.0,-195.0,-260.4000000000001,0,0
2015-12-09,2460.3,2741.3,3021.9,551.0,1733.2,524.9,212.7,439.2,0.0,439.2,0.0,158.6,1571.0,1290.0,382.4000000000001,76.0,101.70000000000005,0,0
2015-12-10,2447.2,2457.2,2887.7,751.7,1762.2,159.3,214.5,563.2,0.0,563.2,0.0,132.7,1300.0,1290.0,-271.0,102.40000000000009,-27.700000000000045,0,0
2015-12-11,2471.0,2730.7,3020.7,751.6,1762.2,392.8,114.0,449.1,0.0,449.1,0.0,159.2,1578.4,1318.7,278.4000000000001,268.3000000000002,-85.69999999999982,0,0
2015-12-14,2443.7,2753.8,2936.6,751.6,1761.9,309.3,113.8,342.5,0.0,342.5,0.0,159.7,1628.8,1318.7,50.399999999999864,519.2,133.39999999999986,0,0
2015-12-15,2522.0,2960.7,3049.0,751.4,1761.9,421.9,113.8,251.5,0.0,251.5,0.0,163.1,1757.4,1318.7,128.60000000000014,568.8000000000002,349.5,0,0
2015-12-16,2551.7,3101.7,3172.6,751.4,1761.9,545.9,113.3,234.8,0.0,234.8,0.0,163.9,1868.7,1318.7,111.29999999999995,297.70000000000005,538.9000000000001,0,0
2015-12-17,2527.6,2990.8,3055.0,1001.9,1761.7,178.2,113.4,228.1,0.0,228.1,0.0,163.9,1781.9,1318.7,-86.79999999999995,481.9000000000001,479.9000000000001,0,0
2015-12-18,2549.0,3094.4,3135.8,1001.7,1761.7,257.1,115.3,208.7,0.0,208.7,0.0,167.3,1864.1,1318.7,82.19999999999982,285.6999999999998,525.6999999999998,0,0
2015-12-21,2644.5,3130.5,3174.7,1001.6,1761.7,297.1,114.4,211.7,0.0,211.7,0.0,167.6,1804.7,1318.7,-59.399999999999864,175.9000000000001,256.5,0,0
2015-12-22,2542.6,3141.5,3229.7,1001.4,1761.7,291.5,175.2,258.9,0.0,258.9,0.0,170.6,1917.6,1318.7,112.89999999999986,160.19999999999982,295.5999999999999,0,0
2015-12-23,2420.9,3012.3,3122.3,1001.3,1689.0,277.0,155.0,281.6,0.0,281.6,0.0,171.6,1910.1,1318.7,-7.5,41.399999999999864,264.29999999999995,0,0
2015-12-24,2795.9,3070.5,3312.5,1318.5,1689.0,151.2,153.9,413.9,0.0,413.9,0.0,171.9,1593.3,1318.7,-316.79999999999995,-188.60000000000014,-140.5,1,0
2015-12-25,2868.3,3056.9,3327.5,1318.4,1688.1,167.3,153.7,443.8,0.0,443.8,0.0,173.3,1507.3,1318.7,-86.0,-356.79999999999995,-325.9000000000001,0,0
2015-12-28,3100.2,3171.2,3411.1,1313.6,1668.1,276.8,152.7,413.2,0.0,413.2,0.0,173.3,1389.7,1318.7,-117.59999999999991,-415.0,12.900000000000091,0,0
2015-12-29,3159.3,3343.3,3534.5,1313.4,1666.7,355.9,198.5,368.9,0.0,368.9,0.0,177.7,1502.7,1318.7,113.0,-414.89999999999986,80.70000000000005,0,0
2015-12-30,2793.3,3366.2,3625.5,1313.0,1666.5,393.2,252.8,436.1,0.0,436.1,0.0,176.8,1891.6,1318.7,388.89999999999986,-18.5,478.5,0,0
2015-12-31,3020.6,3065.4,3588.2,1448.5,1624.3,276.2,239.2,701.3,0.0,701.3,0.0,178.5,1363.5,1318.7,-528.0999999999999,-229.79999999999995,-20.09999999999991,1,1
2016-01-01,2862.1,3137.4,3516.6,1448.5,1553.8,276.2,238.1,557.8,0.0,557.8,0.0,178.5,1594.0,1318.7,230.5,86.70000000000005,99.0,0,0
2016-01-11,2817.0,3140.9,3520.1,1448.5,1553.8,279.7,238.1,557.8,0.0,557.8,0.0,178.5,1691.0,1367.1,97.0,301.29999999999995,493.4000000000001,0,0
2016-01-12,2627.0,3278.3,3468.3,1448.2,1553.8,227.9,238.4,368.8,0.0,368.8,0.0,178.9,2018.4,1367.1,327.4000000000001,515.7,708.3000000000002,0,0
2016-01-13,2540.4,3159.8,3355.5,1447.2,1553.8,117.8,236.6,379.3,0.0,379.3,0.0,183.6,1986.5,1367.1,-31.90000000000009,94.90000000000009,876.9000000000001,0,0
2016-01-14,2583.7,2833.7,2924.8,841.9,1518.0,399.3,165.6,279.1,0.0,279.1,0.0,188.0,1617.1,1367.1,-369.4000000000001,253.5999999999999,428.5,1,0
2016-01-15,2413.0,2766.8,2867.5,841.8,1518.0,342.7,165.0,289.0,0.0,289.0,0.0,188.3,1720.9,1367.1,103.80000000000018,126.90000000000009,149.9000000000001,0,0
2016-01-18,2448.2,2723.8,2839.1,841.8,1517.9,313.9,165.4,303.6,0.0,303.6,0.0,188.3,1642.7,1367.1,-78.20000000000005,-48.299999999999955,342.70000000000005,0,0
2016-01-19,2457.9,2781.9,2906.8,841.7,1517.9,312.2,235.0,317.9,0.0,317.9,0.0,193.0,1691.1,1367.1,48.399999999999864,-327.3000000000002,112.69999999999982,0,0
2016-01-20,2301.9,2680.3,2853.3,841.7,1517.9,327.2,166.5,366.6,0.0,366.6,0.0,193.6,1745.5,1367.1,54.40000000000009,-241.0,116.70000000000005,0,0
2016-01-21,2096.9,2365.9,2570.2,621.4,1517.9,264.6,166.3,400.0,0.0,400.0,0.0,195.7,1636.1,1367.1,-109.40000000000009,19.0,-121.30000000000018,0,0
2016-01-22,2116.9,2457.3,2600.7,621.0,1517.9,296.2,165.6,340.3,0.0,340.3,0.0,196.9,1707.5,1367.1,71.40000000000009,-13.400000000000091,-161.20000000000005,0,0
2016-01-25,2231.0,2398.7,2591.3,620.7,1517.9,286.5,166.1,389.1,0.0,389.1,0.0,196.6,1534.8,1367.1,-172.70000000000005,-107.90000000000009,-247.10000000000014,0,0
2016-01-26,2793.8,2714.1,2818.7,618.9,1517.9,515.8,166.0,301.6,0.0,301.6,0.0,196.9,1287.4,1367.1,-247.39999999999986,-403.6999999999998,-576.6999999999998,0,0
2016-01-27,2802.6,2762.5,2880.7,616.9,1517.9,581.4,164.4,315.1,0.0,315.1,0.0,196.9,1327.0,1367.1,39.59999999999991,-418.5,-477.70000000000005,0,0
2016-01-28,2603.5,2423.2,2501.1,771.8,1424.4,140.5,164.4,275.0,0.0,275.0,0.0,197.1,1186.8,1367.1,-140.20000000000005,-449.29999999999995,-730.8,0,0
2016-01-29,2401.5,2393.7,2474.9,771.7,1424.4,104.2,174.5,278.0,0.0,278.0,0.0,196.8,1359.3,1367.1,172.5,-348.20000000000005,-550.8,0,0
2016-02-01,2198.3,2578.2,2786.3,771.5,1424.4,249.1,341.2,406.0,0.0,406.0,0.0,198.0,1747.0,1367.1,387.70000000000005,212.20000000000005,153.70000000000005,0,0
2016-02-02,2125.5,2264.0,2524.5,767.2,1424.4,68.4,264.4,458.4,0.0,458.4,0.0,198.0,1505.6,1367.1,-241.4000000000001,218.19999999999982,-1.7000000000000455,0,0
2016-02-03,1816.1,2115.7,2261.3,767.2,1254.4,65.6,174.0,342.2,0.0,342.2,0.0,196.6,1666.7,1367.1,161.10000000000014,339.70000000000005,277.0,0,0
2016-02-04,1629.3,1650.1,1758.2,100.2,1129.4,354.8,173.6,306.3,0.0,306.3,0.0,198.3,1387.9,1367.1,-278.79999999999995,201.10000000000014,-114.79999999999995,0,0
2016-02-05,1689.8,1637.0,1736.0,100.2,1129.3,332.8,173.7,298.9,0.0,298.9,0.0,199.8,1314.3,1367.1,-73.60000000000014,-45.0,-577.3,0,0
2016-02-08,1690.1,1599.7,1717.5,99.5,1129.1,315.1,173.8,317.5,0.0,317.5,0.0,199.7,1276.7,1367.1,-37.59999999999991,-470.29999999999995,-86.79999999999995,0,0
2016-02-09,1639.2,1230.0,1709.1,99.5,1129.1,306.8,173.7,680.1,0.0,680.1,0.0,201.0,957.9,1367.1,-318.80000000000007,-547.6999999999999,-636.1,1,0
2016-02-10,1419.8,892.9,1697.8,99.4,1129.1,287.9,181.4,1008.1,0.0,1008.1,0.0,203.3,840.2,1367.1,-117.69999999999993,-826.5,-850.8,0,0
2016-02-11,987.7,1321.6,1446.5,380.9,981.0,41.2,43.5,328.4,0.0,328.4,0.0,203.5,1701.0,1367.1,860.8,313.0999999999999,-317.4000000000001,0,0
2016-02-12,1018.6,1340.6,1443.5,380.7,981.0,40.2,41.6,307.4,0.0,307.4,0.0,204.5,1738.2,1416.2,37.200000000000045,423.9000000000001,-248.29999999999995,0,0
2016-02-15,1044.5,1341.8,1451.4,380.7,980.9,48.4,41.4,315.1,0.0,315.1,0.0,205.5,1713.5,1416.2,-24.700000000000045,436.79999999999995,96.40000000000009,0,0
2016-02-16,1255.4,1331.3,1465.9,380.7,980.9,59.5,44.8,340.2,0.0,340.2,0.0,205.7,1492.1,1416.2,-221.4000000000001,534.1999999999999,-228.80000000000018,0,0
2016-02-17,1192.4,1382.7,1478.7,380.6,980.9,72.6,44.6,303.4,0.0,303.4,0.0,207.4,1606.5,1416.2,114.40000000000009,766.3,-36.200000000000045,0,0
2016-02-18,1432.0,1490.3,1571.8,541.2,931.4,53.3,45.9,289.3,0.0,289.3,0.0,207.8,1474.5,1416.2,-132.0,-226.5,-216.5999999999999,0,0
2016-02-19,1328.2,1547.2,1659.5,540.8,931.4,141.7,45.6,319.9,0.0,319.9,0.0,207.7,1635.2,1416.2,160.70000000000005,-103.0,-110.29999999999995,0,0
2016-02-20,1355.7,1530.3,1666.3,537.1,931.4,152.2,45.7,344.2,0.0,344.2,0.0,208.2,1590.8,1416.2,-44.40000000000009,-122.70000000000005,-45.299999999999955,0,0
2016-02-24,1234.9,1484.3,1683.5,537.1,931.4,169.3,45.7,405.7,0.0,405.7,0.0,206.6,1665.6,1416.2,74.79999999999995,173.5,-41.90000000000009,0,0
2016-02-25,1271.8,1485.3,1622.1,491.1,931.4,139.5,60.2,343.0,0.0,343.0,0.0,206.2,1629.7,1416.2,-35.899999999999864,23.200000000000045,94.90000000000009,0,0
2016-02-26,1639.3,1538.3,1643.8,491.0,931.4,159.8,61.6,314.0,0.0,314.0,0.0,208.4,1315.2,1416.2,-314.5,-159.29999999999995,27.799999999999955,1,0
2016-02-29,1606.5,1522.2,1604.6,491.0,931.4,117.1,65.2,291.5,0.0,291.5,0.0,209.1,1331.9,1416.2,16.700000000000045,-303.29999999999995,4.900000000000091,0,0
2016-03-01,1564.4,1921.7,2051.2,491.0,931.4,336.7,292.1,338.7,0.0,338.7,0.0,209.3,1773.5,1416.2,441.5999999999999,182.70000000000005,586.7,0,0
2016-03-02,1329.8,1470.9,1557.0,490.9,931.2,70.3,64.6,296.2,0.0,296.2,0.0,210.2,1557.3,1416.2,-216.20000000000005,-108.29999999999995,198.0,0,0
2016-03-03,1299.5,1355.2,1440.4,431.0,770.6,150.9,87.9,296.5,0.0,296.5,0.0,211.4,1471.9,1416.2,-85.39999999999986,-157.79999999999995,-275.0999999999999,0,0
2016-03-04,1249.1,1358.3,1428.2,424.1,770.6,158.2,75.3,281.5,0.0,281.5,0.0,211.5,1525.4,1416.2,53.5,210.20000000000005,19.800000000000182,0,0
2016-03-09,1155.6,1331.1,1429.8,424.1,770.6,149.8,85.3,301.1,0.0,301.1,0.0,202.4,1591.7,1416.2,66.29999999999995,259.79999999999995,-75.0,0,0
2016-03-10,1087.8,1258.2,1380.5,441.0,744.9,139.9,54.8,339.7,0.0,339.7,0.0,217.4,1586.6,1416.2,-5.100000000000136,-186.9000000000001,198.69999999999982,0,0
2016-03-11,1122.5,1131.1,1349.4,440.9,744.9,108.9,54.7,436.6,0.0,436.6,0.0,218.3,1447.7,1439.1,-138.89999999999986,-109.59999999999991,133.4000000000001,0,0
2016-03-14,1105.6,1134.1,1338.6,432.8,744.9,106.9,54.1,420.3,0.0,420.3,0.0,215.8,1467.6,1439.1,19.899999999999864,-4.300000000000182,190.89999999999986,0,0
2016-03-15,1165.5,1135.5,1356.2,432.5,744.9,124.7,54.2,439.6,0.0,439.6,0.0,218.8,1409.1,1439.1,-58.5,-116.30000000000018,451.19999999999993,0,0
2016-03-16,1184.2,1111.7,1342.0,432.3,744.9,110.8,54.0,450.8,0.0,450.8,0.0,220.5,1366.6,1439.1,-42.5,-225.10000000000014,526.3999999999999,0,0
2016-03-17,1184.0,1398.9,1607.8,671.5,744.9,138.4,53.1,429.5,0.0,429.5,0.0,220.6,1654.0,1439.1,287.4000000000001,67.40000000000009,-47.0,0,0
2016-03-18,1148.7,1324.4,1494.0,671.0,744.9,25.3,52.8,390.2,0.0,390.2,0.0,220.6,1614.8,1439.1,-39.200000000000045,167.0999999999999,-123.40000000000009,0,0
2016-03-21,1022.0,1322.7,1496.9,667.9,744.9,29.0,55.1,394.6,0.0,394.6,0.0,220.4,1739.8,1439.1,125.0,272.20000000000005,26.299999999999955,0,0
2016-03-22,1009.0,1206.6,1464.8,667.7,744.9,10.2,42.1,478.8,0.0,478.8,0.0,220.6,1636.7,1439.1,-103.09999999999991,227.60000000000014,144.60000000000014,0,0
2016-03-23,1225.9,1413.4,1483.3,667.2,744.9,29.3,41.9,292.8,0.0,292.8,0.0,222.9,1626.6,1439.1,-10.100000000000136,260.0,20.09999999999991,0,0
2016-03-24,1206.5,1494.1,1598.0,801.8,744.9,9.3,42.0,326.8,0.0,326.8,0.0,222.9,1726.7,1439.1,100.10000000000014,72.70000000000005,252.20000000000005,0,0
2016-03-25,1299.6,1504.6,1598.6,801.7,744.9,9.9,42.0,317.3,0.0,317.3,0.0,223.2,1644.1,1439.1,-82.60000000000014,29.299999999999955,8.899999999999864,0,0
2016-03-28,1764.0,1578.9,1632.2,800.3,744.9,41.4,45.7,276.6,0.0,276.6,0.0,223.3,1254.0,1439.1,-390.0999999999999,-485.79999999999995,-336.79999999999995,1,0
2016-03-29,1683.3,1755.7,1798.3,799.6,744.9,199.5,54.4,266.0,0.0,266.0,0.0,223.4,1511.5,1439.1,257.5,-125.20000000000005,-154.0999999999999,0,0
2016-03-30,1575.4,1701.8,1752.7,798.8,744.9,165.3,43.8,277.5,0.0,277.5,0.0,226.5,1565.5,1439.1,54.0,-61.09999999999991,-64.20000000000005,0,0
2016-03-31,1513.5,1598.9,1656.5,661.5,744.9,206.4,43.7,284.6,0.0,284.6,0.0,227.0,1524.5,1439.1,-41.0,-202.20000000000005,209.29999999999995,0,0
2016-04-01,1316.7,2055.0,2228.9,650.3,744.9,192.6,641.2,400.9,0.0,400.9,0.0,227.0,2177.4,1439.1,652.9000000000001,533.3000000000002,845.5,0,0
2016-04-04,1105.9,1409.0,1463.1,650.0,744.9,26.5,41.8,282.7,0.0,282.7,0.0,228.6,1742.2,1439.1,-435.20000000000005,488.20000000000005,-31.299999999999955,1,0
2016-04-05,1079.7,1172.5,1461.2,650.0,744.8,24.7,41.8,517.3,0.0,517.3,0.0,228.6,1531.9,1439.1,-210.29999999999995,20.40000000000009,-25.399999999999864,0,0
2016-04-06,1016.6,803.2,1463.5,649.3,736.3,29.7,48.2,889.2,0.0,889.2,0.0,228.9,1225.7,1439.1,-306.20000000000005,-339.79999999999995,-246.20000000000005,1,0
2016-04-07,987.7,1069.9,1153.3,220.5,736.3,154.7,41.8,312.7,0.0,312.7,0.0,229.4,1521.3,1439.1,295.5999999999999,-3.2000000000000455,-4.100000000000136,0,0
2016-04-08,883.7,1068.8,1144.2,220.5,736.3,146.7,40.8,304.8,0.0,304.8,0.0,229.4,1565.2,1380.1,43.90000000000009,-612.2,-26.5,0,0
2016-04-11,924.5,1010.7,1073.0,220.4,736.3,75.5,40.8,293.3,0.0,293.3,0.0,230.9,1466.3,1380.1,-98.90000000000009,-275.9000000000001,-120.29999999999995,0,0
2016-04-12,846.3,965.8,1042.2,220.4,736.3,46.4,39.1,306.3,0.0,306.3,0.0,229.9,1499.6,1380.1,33.299999999999955,-32.30000000000018,51.899999999999864,0,0
2016-04-13,791.2,951.1,1035.2,220.3,733.8,42.1,39.1,314.2,0.0,314.2,0.0,230.1,1540.0,1380.1,40.40000000000009,314.29999999999995,72.40000000000009,0,0
2016-04-14,740.5,933.4,1027.7,250.6,727.3,10.9,38.9,324.8,0.0,324.8,0.0,230.5,1573.0,1380.1,33.0,51.700000000000045,163.9000000000001,0,0
2016-04-15,829.6,976.9,1026.1,250.5,727.3,8.1,40.2,279.4,0.0,279.4,0.0,230.2,1527.4,1380.1,-45.59999999999991,-37.799999999999955,160.80000000000018,0,0
2016-04-18,899.9,977.0,1025.2,250.4,727.3,8.2,39.3,278.5,0.0,278.5,0.0,230.2,1457.2,1380.1,-70.20000000000005,-9.099999999999909,-196.79999999999995,0,0
2016-04-19,922.7,973.9,1027.7,250.4,727.3,10.0,40.0,283.3,0.0,283.3,0.0,229.4,1431.3,1380.1,-25.90000000000009,-68.29999999999995,-183.5,0,0
2016-04-20,812.8,977.0,1025.7,250.4,727.3,8.0,40.0,277.8,0.0,277.8,0.0,229.2,1544.3,1380.1,113.0,4.2999999999999545,-195.5,0,0
2016-04-21,728.8,1118.7,1195.8,541.2,603.9,10.9,39.9,313.8,0.0,313.8,0.0,236.8,1770.0,1380.1,225.70000000000005,197.0,133.29999999999995,0,0
2016-04-22,718.7,1080.5,1180.2,533.9,594.9,9.7,41.7,337.3,0.0,337.3,0.0,237.7,1741.9,1380.1,-28.09999999999991,214.5,115.30000000000018,0,0
2016-04-25,763.3,1056.6,1181.0,533.1,594.9,13.7,39.3,361.6,0.0,361.6,0.0,237.2,1673.4,1380.1,-68.5,216.20000000000005,-53.299999999999955,0,0
2016-04-26,1211.3,1089.3,1188.3,533.1,594.9,21.0,39.3,336.1,0.0,336.1,0.0,237.2,1258.1,1380.1,-415.3000000000002,-173.20000000000005,-386.0,1,0
2016-04-27,1018.1,1020.8,1187.5,533.1,594.9,20.4,39.1,405.1,0.0,405.1,0.0,238.5,1382.8,1380.1,124.70000000000005,-161.5,128.79999999999995,0,0
2016-04-28,968.2,1009.3,1068.4,432.0,573.9,23.4,39.1,296.8,0.0,296.8,0.0,237.8,1421.2,1380.1,38.40000000000009,-348.79999999999995,-90.29999999999995,0,0
2016-04-29,1149.6,1061.4,1082.4,429.2,573.9,41.1,38.2,258.9,0.0,258.9,0.0,238.0,1291.9,1380.1,-129.29999999999995,-450.0,-273.5999999999999,0,0
2016-05-04,1143.6,1329.4,1347.1,429.0,573.4,215.5,129.2,257.2,0.0,257.2,0.0,239.5,1565.9,1380.1,274.0,-107.5,41.40000000000009,0,0
2016-05-05,1124.2,1025.4,1032.8,410.9,573.4,9.7,38.9,247.0,0.0,247.0,0.0,239.6,1281.3,1380.1,-284.60000000000014,23.200000000000045,-896.1000000000001,0,0
2016-05-06,1002.2,1011.4,1033.3,410.5,573.4,7.7,41.6,261.4,0.0,261.4,0.0,239.6,1389.3,1380.1,108.0,6.5,-352.9000000000001,0,0
2016-05-10,741.4,972.3,1032.8,410.5,570.8,8.3,43.1,300.1,0.0,300.1,0.0,239.7,1611.0,1380.1,221.70000000000005,189.79999999999995,79.09999999999991,0,0
2016-05-11,578.5,414.0,1027.0,410.4,570.8,7.1,38.7,852.7,0.0,852.7,0.0,239.7,1215.6,1380.1,-395.4000000000001,-76.30000000000018,-10.100000000000136,1,0
2016-05-12,593.2,627.7,706.8,210.5,379.7,76.5,40.2,318.9,0.0,318.9,0.0,239.9,1414.6,1380.1,199.0,-151.30000000000018,-106.70000000000005,0,0
2016-05-13,651.9,614.8,662.1,210.4,379.7,33.3,38.7,287.8,0.0,287.8,0.0,240.5,1414.0,1451.1,-0.599999999999909,132.70000000000005,-151.20000000000005,0,0
2016-05-16,664.6,604.3,639.0,210.4,379.7,10.3,38.7,276.1,0.0,276.1,0.0,241.4,1390.8,1451.1,-23.200000000000045,1.5,-75.5,0,0
2016-05-17,703.5,731.8,775.8,210.2,379.7,147.3,38.6,283.9,0.0,283.9,0.0,239.9,1479.4,1451.1,88.60000000000014,-131.5999999999999,-20.199999999999818,0,0
2016-05-18,560.1,810.7,885.6,210.2,379.7,259.2,36.6,314.9,0.0,314.9,0.0,240.0,1701.7,1451.1,222.29999999999995,486.10000000000014,161.70000000000005,0,0
2016-05-19,561.1,720.8,794.0,430.9,296.7,28.1,38.3,314.0,0.0,314.0,0.0,240.7,1610.8,1451.1,-90.90000000000009,196.20000000000005,37.799999999999955,0,0
2016-05-20,524.8,723.4,792.7,430.9,296.7,27.0,38.1,310.3,0.0,310.3,0.0,240.9,1649.7,1451.1,38.90000000000009,235.70000000000005,122.29999999999995,0,0
2016-05-23,571.5,800.2,851.8,430.9,296.7,86.8,37.4,292.8,0.0,292.8,0.0,241.2,1679.8,1451.1,30.09999999999991,289.0,222.5999999999999,0,0
2016-05-24,743.1,846.6,906.3,430.8,296.7,139.9,38.8,302.1,0.0,302.1,0.0,242.4,1554.6,1451.1,-125.20000000000005,75.19999999999982,123.29999999999995,0,0
2016-05-25,610.5,752.4,802.7,430.8,296.7,38.0,37.1,297.0,0.0,297.0,0.0,246.7,1593.0,1451.1,38.40000000000009,-108.70000000000005,48.700000000000045,0,0
2016-05-26,897.3,909.2,957.4,611.3,296.7,10.7,38.6,295.3,0.0,295.3,0.0,247.1,1463.0,1451.1,-130.0,-147.79999999999995,-307.0,0,0
2016-05-27,829.8,910.9,960.8,611.2,296.6,11.9,41.0,297.6,0.0,297.6,0.0,247.7,1532.2,1451.1,69.20000000000005,-117.5,-209.70000000000005,0,0
2016-05-30,747.9,916.9,948.5,605.1,296.6,11.2,35.5,279.2,0.0,279.2,0.0,247.7,1620.1,1451.1,87.89999999999986,-59.700000000000045,-53.30000000000018,0,0
2016-05-31,695.2,1003.7,1052.3,605.1,296.6,114.5,36.2,296.2,0.0,296.2,0.0,247.6,1759.6,1451.1,139.5,205.0,501.5,0,0
2016-06-01,795.8,1170.6,1261.4,605.0,296.6,75.2,284.5,340.3,0.0,340.3,0.0,249.6,1825.9,1451.1,66.30000000000018,232.9000000000001,443.10000000000014,0,0
2016-06-02,719.8,697.4,735.4,150.3,296.6,252.7,35.7,287.8,0.0,287.8,0.0,249.8,1428.7,1451.1,-397.20000000000005,-34.299999999999955,7.5,1,0
2016-06-03,697.0,580.9,618.0,150.3,296.6,135.5,35.7,286.8,0.0,286.8,0.0,249.6,1335.0,1451.1,-93.70000000000005,-197.20000000000005,43.09999999999991,0,0
2016-06-06,469.4,572.5,611.7,150.3,296.6,139.2,25.7,288.8,0.0,288.8,0.0,249.5,1554.2,1451.1,219.20000000000005,-65.89999999999986,-11.700000000000045,0,0
2016-06-07,380.6,545.6,624.3,150.3,296.6,151.1,26.3,328.7,0.0,328.7,0.0,250.0,1616.1,1451.1,61.899999999999864,-143.5,334.79999999999995,0,0
2016-06-08,305.7,494.6,593.0,150.3,296.6,116.8,29.3,350.0,0.0,350.0,0.0,251.6,1640.0,1451.1,23.90000000000009,-185.9000000000001,250.70000000000005,0,0
2016-06-09,357.9,453.9,507.5,180.4,219.9,81.6,25.5,305.3,0.0,305.3,0.0,251.6,1547.1,1451.1,-92.90000000000009,118.39999999999986,-63.90000000000009,0,0
2016-06-10,400.9,452.6,516.4,180.4,219.9,90.4,25.6,315.7,0.0,315.7,0.0,252.0,1494.7,1443.0,-52.399999999999864,159.70000000000005,279.10000000000014,0,0
2016-06-14,458.4,475.5,510.4,180.1,219.9,84.1,26.2,286.9,0.0,286.9,0.0,252.0,1460.1,1443.0,-34.600000000000136,-94.10000000000014,45.5,0,0
2016-06-15,466.7,500.2,504.9,180.1,219.9,79.4,25.5,257.0,0.0,257.0,0.0,252.2,1476.5,1443.0,16.40000000000009,-139.5999999999999,62.5,0,0
2016-06-16,534.3,506.8,550.4,150.3,219.9,145.9,34.3,296.9,0.0,296.9,0.0,253.3,1415.5,1443.0,-61.0,-224.5,24.700000000000045,0,0
2016-06-17,531.4,528.5,556.9,150.3,219.9,162.5,24.2,282.4,0.0,282.4,0.0,254.0,1440.1,1443.0,24.59999999999991,-107.0,-39.30000000000018,0,0
2016-06-20,469.2,559.9,569.1,150.3,219.9,174.6,24.2,263.7,0.0,263.7,0.0,254.6,1533.7,1443.0,93.60000000000014,39.0,-168.0,0,0
2016-06-21,389.6,512.1,575.1,150.2,219.9,180.8,24.2,317.8,0.0,317.8,0.0,254.7,1565.5,1443.0,31.799999999999955,105.40000000000009,-45.299999999999955,0,0
2016-06-22,339.2,474.1,553.7,150.2,219.9,157.9,25.7,335.6,0.0,335.6,0.0,255.9,1577.9,1443.0,12.400000000000091,101.40000000000009,-71.79999999999995,0,0
2016-06-23,313.6,581.2,687.0,360.8,219.9,80.6,25.7,362.1,0.0,362.1,0.0,256.3,1710.6,1443.0,132.69999999999982,295.0999999999999,30.799999999999955,0,0
2016-06-24,289.1,595.5,696.7,360.8,219.9,89.2,26.8,357.9,0.0,357.9,0.0,256.6,1749.4,1443.0,38.80000000000018,309.3000000000002,194.80000000000018,0,0
2016-06-27,402.4,604.5,683.8,359.8,219.9,77.2,26.8,324.2,0.0,324.2,0.0,244.9,1645.1,1443.0,-104.30000000000018,111.39999999999986,52.09999999999991,0,0
2016-06-28,798.1,784.0,818.1,359.8,219.9,210.1,28.2,289.2,0.0,289.2,0.0,255.1,1428.9,1443.0,-216.19999999999982,-136.5999999999999,-34.09999999999991,0,0
2016-06-29,807.9,793.1,832.3,359.7,219.9,225.9,26.8,296.7,0.0,296.7,0.0,257.5,1428.2,1443.0,-0.7000000000000455,-149.70000000000005,-104.0,0,0
2016-06-30,579.6,709.2,775.4,370.8,219.6,156.6,28.4,324.1,0.0,324.1,0.0,258.0,1572.6,1443.0,144.39999999999986,-138.0,-47.5,0,0
2016-07-01,642.3,911.7,1109.0,370.7,219.6,273.7,244.9,436.8,0.0,436.8,0.0,239.5,1712.4,1443.0,139.80000000000018,-37.0,-47.19999999999982,0,0
2016-07-04,332.5,584.3,698.7,370.7,219.6,72.8,35.6,381.8,0.0,381.8,0.0,267.4,1694.8,1443.0,-17.600000000000136,49.700000000000045,-131.10000000000014,0,0
2016-07-05,274.1,518.7,668.8,370.7,219.6,50.5,28.0,418.0,0.0,418.0,0.0,267.8,1687.6,1443.0,-7.2000000000000455,258.6999999999998,258.89999999999986,0,0
2016-07-06,219.0,461.4,666.8,368.2,219.6,48.1,31.0,470.0,0.0,470.0,0.0,264.6,1685.4,1443.0,-2.199999999999818,257.20000000000005,350.4000000000001,0,0
2016-07-07,254.0,535.0,603.5,100.2,219.6,248.7,35.1,337.7,0.0,337.7,0.0,269.2,1724.0,1443.0,38.59999999999991,151.4000000000001,169.79999999999995,0,0
2016-07-08,244.6,498.8,582.5,100.2,219.6,234.8,28.0,353.7,0.0,353.7,0.0,270.0,1696.8,1442.6,-27.200000000000045,-15.600000000000136,80.70000000000005,0,0
2016-07-11,266.9,546.5,569.3,100.2,219.6,221.3,28.2,293.2,0.0,293.2,0.0,270.5,1722.2,1442.6,25.40000000000009,27.40000000000009,82.20000000000005,0,0
2016-07-12,193.0,469.5,566.5,100.2,219.6,221.4,25.3,367.6,0.0,367.6,0.0,270.7,1719.1,1442.6,-3.1000000000001364,31.5,172.0,0,0
2016-07-13,191.2,496.4,553.0,100.2,219.6,207.9,25.3,328.0,0.0,328.0,0.0,271.4,1747.8,1442.6,28.700000000000045,62.399999999999864,253.0999999999999,0,0
2016-07-14,270.1,511.2,565.0,120.3,219.6,199.8,25.3,325.8,0.0,325.8,0.0,271.9,1683.7,1442.6,-64.09999999999991,-40.299999999999955,223.60000000000014,0,0
2016-07-15,400.9,498.2,573.3,120.3,219.6,208.6,24.9,348.0,0.0,348.0,0.0,272.8,1539.9,1442.6,-143.79999999999995,-156.89999999999986,63.40000000000009,0,0
2016-07-18,479.9,513.7,536.1,120.3,219.6,169.3,27.0,295.5,0.0,295.5,0.0,273.1,1476.4,1442.6,-63.5,-245.79999999999995,60.90000000000009,0,0
2016-07-19,498.7,487.4,545.9,120.3,219.6,181.1,25.0,330.5,0.0,330.5,0.0,272.0,1431.3,1442.6,-45.100000000000136,-287.79999999999995,-8.799999999999955,0,0
2016-07-20,424.4,472.9,513.0,120.0,219.6,148.2,25.3,312.1,0.0,312.1,0.0,272.0,1491.1,1442.6,59.799999999999955,-256.70000000000005,-42.600000000000136,0,0
2016-07-21,442.8,728.7,806.1,530.4,219.6,33.3,22.9,349.9,0.0,349.9,0.0,272.5,1728.5,1442.6,237.4000000000001,44.799999999999955,163.0,0,0
2016-07-22,444.1,705.4,806.6,530.3,219.6,31.5,25.1,373.9,0.0,373.9,0.0,272.7,1703.9,1442.6,-24.59999999999991,164.0,126.0,0,0
2016-07-25,505.2,729.1,802.2,530.1,219.6,29.8,22.8,346.3,0.0,346.3,0.0,273.1,1666.5,1442.6,-37.40000000000009,190.0999999999999,-44.09999999999991,0,0
2016-07-26,869.6,832.9,831.2,529.6,219.6,57.4,24.6,271.8,0.0,271.8,0.0,273.4,1405.9,1442.6,-260.5999999999999,-25.399999999999864,-343.5,0,0
2016-07-27,778.9,835.2,833.3,529.5,219.6,61.1,23.1,272.7,0.0,272.7,0.0,274.6,1498.9,1442.6,93.0,7.800000000000182,-146.19999999999982,0,0
2016-07-28,850.6,785.3,810.0,481.0,219.6,86.3,23.1,299.5,0.0,299.5,0.0,274.9,1377.3,1442.6,-121.60000000000014,-351.20000000000005,-51.600000000000136,0,0
2016-07-29,894.7,812.8,804.4,480.8,219.6,76.7,27.3,267.1,0.0,267.1,0.0,275.5,1360.7,1442.6,-16.59999999999991,-343.20000000000005,-67.5,0,0
2016-08-01,967.0,1015.7,1132.6,480.8,219.6,225.7,206.6,392.7,0.0,392.7,0.0,275.8,1491.3,1442.6,130.5999999999999,-175.20000000000005,-81.29999999999995,0,0
2016-08-02,729.3,691.1,793.9,480.8,219.5,67.4,26.2,378.5,0.0,378.5,0.0,275.8,1404.4,1442.6,-86.89999999999986,-1.5,-308.0,0,0
2016-08-03,436.5,557.3,749.0,480.6,219.5,22.6,26.3,468.7,0.0,468.7,0.0,277.1,1563.4,1442.6,159.0,64.5,-131.39999999999986,0,0
2016-08-04,277.2,428.8,506.1,10.0,219.5,250.5,26.0,354.7,0.0,354.7,0.0,277.3,1594.2,1442.6,30.799999999999955,216.9000000000001,-93.39999999999986,0,0
2016-08-05,285.0,446.9,521.5,10.0,219.5,257.4,34.6,351.2,0.0,351.2,0.0,276.6,1687.4,1525.5,93.20000000000005,326.70000000000005,2.0,0,0
2016-08-08,302.7,432.4,509.4,10.0,219.5,255.1,24.8,354.7,0.0,354.7,0.0,277.8,1655.2,1525.5,-32.200000000000045,163.9000000000001,-68.79999999999995,0,0
2016-08-09,229.4,359.0,474.1,10.0,219.5,219.8,24.8,393.0,0.0,393.0,0.0,277.9,1655.1,1525.5,-0.10000000000013642,250.69999999999982,-41.700000000000045,0,0
2016-08-10,192.3,336.9,457.2,10.0,219.5,202.9,24.8,398.9,0.0,398.9,0.0,278.6,1670.1,1525.5,15.0,106.69999999999982,-52.100000000000136,0,0
2016-08-11,278.8,284.9,480.0,0.0,219.5,235.8,24.8,475.8,100.0,375.8,0.0,280.6,1531.6,1525.5,-138.5,-62.600000000000136,-187.5,0,0
2016-08-12,289.6,302.6,464.0,0.0,219.5,219.8,24.7,442.3,100.0,342.3,0.0,280.9,1538.5,1525.5,6.900000000000091,-148.9000000000001,-209.29999999999995,0,0
2016-08-15,326.4,367.8,520.8,0.0,219.5,276.5,24.7,434.3,100.0,334.3,0.0,281.4,1566.9,1525.5,28.40000000000009,-88.29999999999995,-116.79999999999995,0,0
2016-08-16,390.8,460.7,605.7,0.0,219.5,360.5,25.8,426.3,100.0,326.3,0.0,281.3,1595.4,1525.5,28.5,-59.69999999999982,55.5,0,0
2016-08-17,283.5,344.6,506.3,0.0,219.5,256.7,30.1,444.1,100.0,344.1,0.0,282.4,1586.6,1525.5,-8.800000000000182,-83.5,110.19999999999982,0,0
2016-08-18,245.0,378.9,463.1,100.2,219.5,118.4,24.9,366.7,0.0,366.7,0.0,282.5,1659.4,1525.5,72.80000000000018,127.80000000000018,228.10000000000014,0,0
2016-08-19,231.9,371.2,448.6,100.2,219.5,104.2,24.7,361.2,0.0,361.2,0.0,283.7,1664.8,1525.5,5.399999999999864,126.29999999999995,173.70000000000005,0,0
2016-08-22,65.3,366.6,454.1,100.2,219.5,110.1,24.3,371.5,0.0,371.5,0.0,284.0,1826.8,1525.5,162.0,259.89999999999986,98.29999999999995,0,0
2016-08-23,41.7,330.9,437.0,100.2,219.5,91.4,25.8,390.5,0.0,390.5,0.0,284.4,1814.7,1525.5,-12.099999999999909,219.29999999999995,110.79999999999995,0,0
2016-08-24,-8.8,323.8,442.5,100.2,219.5,98.7,24.1,403.8,0.0,403.8,0.0,285.0,1858.1,1525.5,43.399999999999864,271.5,191.5999999999999,0,0
2016-08-25,175.0,466.0,590.7,320.7,219.5,20.7,29.8,410.2,0.0,410.2,0.0,285.4,1816.5,1525.5,-41.59999999999991,157.0999999999999,410.5999999999999,0,0
2016-08-26,565.2,509.5,588.1,320.7,216.2,21.7,29.6,364.2,0.0,364.2,0.0,285.6,1469.8,1525.5,-346.70000000000005,-195.0,-29.100000000000136,1,0
2016-08-29,438.6,523.6,579.6,320.7,216.2,18.4,24.3,342.5,0.0,342.5,0.0,286.5,1610.5,1525.5,140.70000000000005,-216.29999999999995,233.20000000000005,0,0
2016-08-30,448.3,509.3,582.2,320.7,216.2,21.5,23.8,358.6,0.0,358.6,0.0,285.6,1586.5,1525.5,-24.0,-228.20000000000005,225.79999999999995,0,0
2016-08-31,425.9,516.3,580.6,320.7,216.2,19.3,24.4,350.9,0.0,350.9,0.0,286.6,1615.9,1525.5,29.40000000000009,-242.19999999999982,124.60000000000014,0,0
2016-09-01,496.8,624.1,922.8,0.0,216.2,362.5,344.1,587.2,220.8,366.4,0.0,288.6,1652.8,1525.5,36.899999999999864,-163.70000000000005,248.39999999999986,0,0
2016-09-02,332.3,129.2,374.2,0.0,216.2,134.0,24.0,534.0,220.8,313.2,0.0,289.0,1322.4,1525.5,-330.39999999999986,-147.39999999999986,-241.0,1,0
2016-09-05,149.0,137.0,367.6,0.0,216.2,127.4,24.0,519.7,220.8,298.9,0.0,289.0,1513.5,1525.5,191.0999999999999,-97.0,-80.70000000000005,0,0
2016-09-06,105.3,111.3,386.3,0.0,216.2,146.1,24.0,563.8,296.8,266.9,0.0,288.8,1531.5,1525.5,18.0,-55.0,-155.9000000000001,0,0
2016-09-07,-39.0,48.6,371.0,0.0,216.2,127.9,26.9,612.2,296.8,315.4,0.0,289.8,1613.1,1525.5,81.59999999999991,-2.800000000000182,-42.100000000000136,0,0
2016-09-08,186.6,210.5,377.4,0.0,216.2,137.4,23.8,456.7,190.0,266.7,0.0,289.8,1549.4,1525.5,-63.69999999999982,-103.39999999999986,-105.69999999999982,0,0
2016-09-09,422.2,316.8,492.0,0.0,216.2,252.0,23.8,465.3,190.0,275.3,0.0,290.1,1654.6,1760.0,105.19999999999982,332.1999999999998,-15.5,0,0
2016-09-12,408.2,177.4,342.6,0.0,216.2,102.2,24.2,455.5,190.0,265.5,0.0,290.3,1529.2,1760.0,-125.39999999999986,15.700000000000045,-2.3999999999998636,0,0
2016-09-13,360.7,231.4,390.7,0.0,216.2,150.3,24.1,449.9,190.0,259.9,0.0,290.6,1630.7,1760.0,101.5,99.20000000000005,92.20000000000005,0,0
2016-09-14,383.1,225.2,377.8,0.0,216.2,135.7,25.8,443.4,190.0,253.4,0.0,290.8,1602.1,1760.0,-28.600000000000136,-11.0,35.19999999999982,0,0
2016-09-15,421.2,93.3,402.3,0.0,216.2,161.0,25.1,600.8,400.0,200.8,0.0,291.7,1432.1,1760.0,-170.0,-117.30000000000018,-163.30000000000018,0,0
2016-09-16,485.0,177.2,478.9,0.0,216.2,237.8,24.9,591.8,400.0,191.8,0.0,290.1,1452.2,1760.0,20.100000000000136,-202.39999999999986,-134.39999999999986,0,0
2016-09-19,542.1,144.0,448.3,0.0,216.2,205.3,26.8,595.3,400.0,195.3,0.0,291.1,1361.9,1760.0,-90.29999999999995,-167.29999999999995,-297.5,0,0
2016-09-20,392.0,647.3,937.9,0.0,216.2,364.9,356.8,581.7,400.0,181.7,0.0,291.0,2015.3,1760.0,653.3999999999999,384.5999999999999,350.5,0,0
2016-09-21,336.3,658.8,947.6,0.0,216.2,354.4,376.9,579.9,400.0,179.9,0.0,291.2,2082.5,1760.0,67.20000000000005,480.4000000000001,255.70000000000005,0,0
2016-09-22,238.2,1037.2,1081.1,621.2,216.2,46.8,196.8,335.6,0.0,335.6,0.0,291.7,2559.0,1760.0,476.5,1126.9,744.3,0,0
2016-09-23,246.2,1004.2,1058.2,620.9,216.2,44.3,176.8,345.1,0.0,345.1,0.0,291.1,2518.0,1760.0,-41.0,1065.8,659.9000000000001,0,0
2016-09-26,380.6,882.3,949.6,620.5,216.2,15.0,97.9,358.9,0.0,358.9,0.0,291.5,2261.7,1760.0,-256.3000000000002,899.7999999999997,445.1999999999998,0,0
2016-09-27,772.6,1329.3,1361.2,620.5,216.2,16.5,507.9,324.4,0.0,324.4,0.0,292.6,2316.7,1760.0,55.0,301.39999999999986,846.8999999999999,0,0
2016-09-28,684.2,1078.2,1128.1,618.4,216.2,15.9,277.7,344.7,0.0,344.7,0.0,294.7,2154.0,1760.0,-162.69999999999982,71.5,543.5,0,0
2016-09-29,406.0,565.6,707.2,0.0,216.2,310.2,180.8,435.4,180.0,255.4,0.0,293.8,1919.6,1760.0,-234.4000000000001,-639.4000000000001,333.0999999999999,0,0
2016-09-30,238.0,567.9,760.9,0.0,216.2,315.0,229.6,464.0,180.0,284.0,0.0,271.1,2089.9,1760.0,170.30000000000018,-428.0999999999999,474.0,0,0
2016-10-03,222.4,687.2,1010.2,0.0,216.2,458.5,335.5,554.7,180.0,374.7,0.0,231.6,2224.8,1760.0,134.9000000000001,-36.899999999999636,572.0000000000002,0,0
2016-10-04,228.4,402.4,647.5,0.0,216.2,190.5,240.7,477.1,180.0,297.1,0.0,232.0,1934.0,1760.0,-290.8000000000002,-382.6999999999998,611.5999999999999,0,0
2016-10-05,154.4,116.6,420.1,0.0,216.2,171.5,32.4,598.3,274.2,324.1,0.0,294.9,1722.2,1760.0,-211.79999999999995,-431.79999999999995,208.70000000000005,0,0
2016-10-06,125.9,223.0,398.0,0.0,216.2,145.3,36.4,470.5,277.1,193.4,0.0,295.6,1857.1,1760.0,134.89999999999986,-62.5,325.5999999999999,0,0
2016-10-07,114.4,250.7,419.7,0.0,216.2,171.7,31.8,463.1,277.1,186.0,0.0,294.1,1897.7,1761.4,40.600000000000136,-192.20000000000005,284.60000000000014,0,0
2016-10-10,-86.7,254.8,419.9,0.0,216.2,174.3,29.3,459.5,277.1,182.4,0.0,294.5,2102.9,1761.4,205.20000000000005,-121.90000000000009,553.5,0,0
2016-10-11,-91.2,285.3,454.3,0.0,216.2,208.1,30.0,462.9,277.1,185.8,0.0,293.9,2137.9,1761.4,35.0,203.9000000000001,483.3000000000002,0,0
2016-10-12,-174.0,232.9,403.4,0.0,216.2,157.9,29.3,464.5,277.1,187.4,0.0,294.0,2168.3,1761.4,30.40000000000009,446.10000000000014,639.1000000000001,0,0
2016-10-13,294.9,385.7,437.7,0.0,216.2,192.2,29.3,349.8,140.0,209.8,0.0,297.7,1852.2,1761.4,-316.10000000000014,-4.899999999999864,221.5,1,0
2016-10-14,338.6,439.2,489.7,0.0,216.2,244.3,29.2,347.9,140.0,207.9,0.0,297.4,1862.0,1761.4,9.799999999999955,-35.700000000000045,259.9000000000001,0,0
2016-10-17,30.8,350.3,371.5,0.0,216.2,128.1,27.1,317.5,140.0,177.5,0.0,296.2,2080.9,1761.4,218.9000000000001,-22.0,648.8000000000002,0,0
2016-10-18,46.1,338.1,367.3,0.0,216.2,123.9,27.1,327.3,140.0,187.3,0.0,298.2,2053.4,1761.4,-27.5,-84.5,601.2,0,0
2016-10-19,-23.7,273.9,337.9,0.0,216.2,95.0,26.6,361.9,140.0,221.9,0.0,298.0,2059.0,1761.4,5.599999999999909,-109.30000000000018,697.0999999999999,0,0
2016-10-20,74.8,298.7,424.1,0.0,216.2,181.8,26.0,424.4,222.6,201.8,0.0,299.1,1985.3,1761.4,-73.70000000000005,133.0999999999999,-30.0,0,0
2016-10-21,58.3,198.7,320.9,0.0,216.2,78.7,26.0,421.5,222.6,198.9,0.0,299.3,1901.8,1761.4,-83.5,39.799999999999955,-180.70000000000005,0,0
2016-10-24,-184.4,218.9,322.6,0.0,216.2,80.4,26.0,403.7,222.6,181.1,0.0,300.0,2164.7,1761.4,262.89999999999986,83.79999999999973,-394.3000000000002,0,0
2016-10-25,-37.1,217.6,330.7,0.0,216.2,81.9,32.6,409.0,222.6,186.3,0.0,295.9,2016.1,1761.4,-148.5999999999999,-37.30000000000018,-501.9000000000001,0,0
2016-10-26,442.3,203.0,314.8,0.0,215.7,70.4,28.7,402.0,222.6,179.4,0.0,290.2,1522.1,1761.4,-494.0,-536.9000000000001,-739.5999999999999,1,0
2016-10-27,236.7,216.7,334.2,0.0,215.7,91.5,27.0,407.9,201.8,206.0,0.0,290.3,1741.4,1761.4,219.30000000000018,-243.89999999999986,-575.2999999999997,0,0
2016-10-28,265.9,184.4,315.3,0.0,215.7,71.5,28.2,421.6,201.8,219.8,0.0,290.6,1679.9,1761.4,-61.5,-221.89999999999986,-474.0999999999999,0,0
2016-10-31,383.4,222.1,319.1,0.0,215.7,75.0,28.4,390.3,201.8,188.5,0.0,293.2,1600.1,1761.4,-79.80000000000018,-564.5999999999999,-319.5,0,0
2016-11-01,443.2,606.5,811.6,0.0,215.7,291.3,304.6,499.6,201.8,297.8,0.0,294.5,1924.7,1761.4,324.60000000000014,-91.39999999999986,-165.20000000000005,0,0
2016-11-02,-16.5,99.1,306.9,0.0,215.7,57.1,34.1,442.0,201.8,240.2,0.0,234.2,1877.0,1761.4,-47.700000000000045,354.9000000000001,-347.8000000000002,0,0
2016-11-03,77.9,33.3,305.5,0.0,215.7,56.1,33.7,565.3,251.6,313.7,0.0,293.0,1716.8,1761.4,-160.20000000000005,-24.600000000000136,-217.20000000000005,0,0
2016-11-07,-26.7,-41.6,295.7,0.0,215.7,55.4,24.6,613.8,251.6,362.1,0.0,276.4,1746.5,1761.4,29.700000000000045,66.59999999999991,24.299999999999955,0,0
2016-11-08,-32.3,-578.6,292.5,0.0,215.6,53.2,23.6,1164.9,621.6,543.2,0.0,293.7,1215.1,1761.4,-531.4000000000001,-385.0,-642.0,1,1
2016-11-09,-172.0,-855.6,300.7,0.0,215.6,54.2,30.9,1427.6,934.5,493.0,0.0,271.3,1077.8,1761.4,-137.29999999999995,-846.9000000000001,-819.9000000000001,0,0
2016-11-10,-123.1,-174.5,296.3,0.0,215.6,57.0,23.7,766.0,496.7,269.3,0.0,295.1,1710.0,1761.4,632.2,-167.0,-392.9000000000001,0,0
2016-11-11,-142.4,-130.5,302.5,0.0,215.6,61.4,25.5,728.7,496.7,232.0,0.0,295.7,1758.6,1746.7,48.59999999999991,41.799999999999955,-379.3000000000002,0,0
2016-11-14,-209.6,-114.3,302.3,0.0,215.6,63.2,23.4,712.7,496.7,216.0,0.0,296.1,1842.0,1746.7,83.40000000000009,95.5,-326.3000000000002,0,0
2016-11-15,-208.1,-141.5,304.9,0.0,215.6,65.8,23.4,743.7,496.7,246.9,0.0,297.3,1813.3,1746.7,-28.700000000000045,598.2,-38.90000000000009,0,0
2016-11-16,-103.0,-74.9,345.0,0.0,215.6,104.8,24.6,718.6,496.7,221.9,0.0,298.7,1774.8,1746.7,-38.5,697.0,-87.20000000000005,0,0
2016-11-17,-7.8,85.5,366.7,0.0,215.6,128.2,22.9,575.0,310.0,265.0,0.0,293.8,1840.0,1746.7,65.20000000000005,130.0,-240.9000000000001,0,0
2016-11-18,-25.4,101.4,363.8,0.0,215.6,124.5,23.7,561.2,310.0,251.2,0.0,298.8,1873.5,1746.7,33.5,114.90000000000009,-179.9000000000001,0,0
2016-11-21,-133.8,89.5,353.5,0.0,215.6,115.3,22.6,561.5,310.0,251.5,0.0,297.5,1970.0,1746.7,96.5,128.0,-89.0,0,0
2016-11-22,-155.9,97.8,364.0,0.0,215.6,125.8,22.6,566.1,310.0,256.1,0.0,299.9,2000.4,1746.7,30.40000000000009,187.10000000000014,15.100000000000136,0,0
2016-11-23,-149.6,121.4,399.3,0.0,215.6,161.1,22.6,577.3,310.0,267.3,0.0,299.4,2017.7,1746.7,17.299999999999955,242.9000000000001,115.90000000000009,0,0
2016-11-24,-161.1,95.0,366.7,0.0,215.6,128.1,23.0,571.7,298.9,272.7,0.0,299.9,2002.8,1746.7,-14.900000000000091,162.79999999999995,-161.89999999999986,0,0
2016-11-25,-24.5,80.5,368.1,0.0,215.6,130.5,22.0,588.0,298.9,289.0,0.0,300.3,1851.7,1746.7,-151.0999999999999,-21.799999999999955,-164.39999999999986,0,0
2016-11-28,472.9,194.4,415.2,0.0,215.6,176.4,23.1,521.4,298.9,222.5,0.0,300.7,1468.2,1746.7,-383.5,-501.79999999999995,-53.899999999999864,1,0
2016-11-29,441.3,500.5,735.6,0.0,215.6,499.6,20.3,536.8,298.9,237.9,0.0,301.8,1805.9,1746.7,337.70000000000005,-194.5,64.5,0,0
2016-11-30,327.7,479.3,686.9,0.0,215.6,451.0,20.3,509.5,298.9,210.6,0.0,301.9,1898.3,1746.7,92.39999999999986,-119.40000000000009,218.39999999999986,0,0
2016-12-01,557.5,847.3,1174.2,0.0,215.6,437.9,520.6,527.9,303.3,224.6,0.0,200.9,2036.5,1746.7,138.20000000000005,33.700000000000045,436.4000000000001,0,0
2016-12-02,254.9,339.9,559.2,0.0,215.6,324.9,18.6,518.7,303.3,215.5,0.0,299.5,1831.7,1746.7,-204.79999999999995,-20.0,-93.0,0,0
2016-12-05,192.1,370.1,585.6,0.0,215.6,350.3,19.6,515.9,303.3,212.6,0.0,300.5,1924.7,1746.7,93.0,456.5,47.700000000000045,0,0
2016-12-06,-89.6,262.8,484.9,0.0,215.6,245.6,23.7,522.7,303.3,219.4,0.0,300.5,2099.1,1746.7,174.39999999999986,293.1999999999998,382.29999999999995,0,0
2016-12-07,-138.1,47.9,427.5,0.0,215.6,198.8,13.1,647.3,303.3,344.0,0.0,267.7,1932.7,1746.7,-166.39999999999986,34.40000000000009,186.20000000000005,0,0
2016-12-08,326.4,173.4,375.5,0.0,215.6,146.9,13.0,506.0,253.0,253.0,0.0,303.9,1593.7,1746.7,-339.0,-442.79999999999995,378.60000000000014,1,0
2016-12-09,361.3,148.5,331.4,0.0,215.6,102.6,13.1,487.1,253.0,234.1,0.0,304.2,1552.8,1765.6,-40.90000000000009,-278.9000000000001,475.0,0,0
2016-12-12,358.6,156.8,314.7,0.0,215.6,86.1,13.0,464.0,253.0,211.1,0.0,306.2,1563.8,1765.6,11.0,-360.9000000000001,-146.20000000000005,0,0
2016-12-13,250.7,412.0,610.7,0.0,215.6,380.7,14.3,504.4,253.0,251.4,0.0,305.7,1926.9,1765.6,363.10000000000014,-172.19999999999982,168.30000000000018,0,0
2016-12-14,175.8,559.8,765.0,0.0,215.6,436.4,113.0,502.4,253.0,249.5,0.0,297.2,2149.6,1765.6,222.69999999999982,216.89999999999986,307.5999999999999,0,0
2016-12-15,-76.0,531.0,765.5,0.0,215.6,486.9,62.9,540.0,290.0,250.0,0.0,305.5,2372.6,1765.6,223.0,778.8999999999999,559.3,0,0
2016-12-16,-177.2,691.5,977.0,0.0,215.6,503.3,258.0,531.0,290.0,241.0,0.0,245.6,2634.3,1765.6,261.7000000000003,1081.5000000000002,859.5000000000002,0,0
2016-12-19,436.0,846.0,1179.5,0.0,215.6,706.0,257.8,519.1,290.0,229.1,0.0,185.6,2175.6,1765.6,-458.7000000000003,611.8,335.5999999999999,1,0
2016-12-20,375.8,981.8,1267.8,0.0,215.6,759.3,292.8,532.2,290.0,242.2,0.0,246.2,2371.6,1765.6,196.0,444.6999999999998,498.0999999999999,0,0
2016-12-21,220.1,981.6,1225.9,0.0,215.6,752.4,257.8,536.6,290.0,246.6,0.0,292.3,2527.1,1765.6,155.5,377.5,557.0999999999999,0,0
2016-12-22,185.3,616.9,992.9,0.0,215.6,762.2,15.1,685.5,410.0,275.5,0.0,309.4,2197.2,1765.6,-329.9000000000001,-175.4000000000001,196.79999999999973,1,0
2016-12-23,209.8,395.6,766.6,0.0,215.6,535.6,15.4,684.8,410.0,274.8,0.0,313.7,1951.4,1765.6,-245.79999999999973,-682.9000000000001,-66.29999999999995,0,0
2016-12-26,355.8,316.5,793.2,0.0,215.6,561.1,16.5,668.4,410.0,258.4,0.0,191.6,1726.3,1765.6,-225.10000000000014,-449.29999999999995,-276.5,0,0
2016-12-27,729.7,1005.9,1493.8,0.0,215.6,881.7,396.5,677.9,410.0,267.9,0.0,189.9,2041.8,1765.6,315.5,-329.79999999999995,190.0999999999999,0,0
2016-12-28,680.7,821.9,1190.5,0.0,215.6,958.4,16.5,681.7,410.0,271.7,0.0,313.1,1906.8,1765.6,-135.0,-620.3,438.5999999999999,0,0
2016-12-29,563.1,1169.6,1517.2,0.0,215.6,804.7,496.9,661.5,396.9,264.6,0.0,313.9,2372.1,1765.6,465.29999999999995,174.9000000000001,566.1999999999998,0,0
2016-12-30,821.2,1247.4,1572.8,0.0,215.6,1095.9,261.3,649.2,396.9,252.3,0.0,323.7,2191.8,1765.6,-180.29999999999973,240.4000000000001,293.5000000000002,0,0
2017-01-01,678.9,736.0,1258.6,0.0,215.6,631.7,411.3,785.2,396.9,388.3,0.0,262.6,1822.7,1765.6,-369.10000000000014,96.40000000000009,-213.79999999999995,1,0
2017-01-09,460.4,736.1,1258.0,0.0,215.6,631.7,410.7,785.2,396.9,388.3,0.0,263.3,2041.3,1765.6,218.5999999999999,-0.5,209.5999999999999,0,0
2017-01-10,329.9,132.2,864.7,0.0,215.6,630.6,18.5,1056.7,396.9,659.8,0.0,324.1,1567.9,1765.6,-473.39999999999986,-338.89999999999986,-356.79999999999995,1,0
2017-01-11,-302.9,-541.7,256.5,0.0,214.8,26.0,15.7,1116.5,396.9,719.6,0.0,318.3,1526.8,1765.6,-41.100000000000136,-845.3,-572.3,0,0
2017-01-12,-391.1,338.3,764.5,0.0,214.8,526.4,23.3,746.0,521.6,224.4,0.0,319.8,2472.7,1743.3,945.8999999999999,280.89999999999964,539.9999999999998,0,0
2017-01-13,-379.5,317.7,750.7,0.0,214.8,520.2,15.7,752.5,521.6,230.9,0.0,319.5,2440.5,1743.3,-32.19999999999982,617.8,846.8,0,0
2017-01-16,-529.0,28.2,464.9,0.0,205.0,244.0,15.8,757.8,521.6,236.2,0.0,321.1,2300.5,1743.3,-140.0,259.20000000000005,747.7,0,0
2017-01-17,-461.2,12.6,484.3,0.0,205.0,263.8,15.5,793.3,521.6,271.7,0.0,321.6,2217.1,1743.3,-83.40000000000009,649.1999999999998,653.3,0,0
2017-01-18,-506.7,-31.2,435.7,0.0,205.0,215.2,15.5,787.4,521.6,265.8,0.0,320.5,2218.7,1743.3,1.599999999999909,691.8999999999999,291.7999999999997,0,0
2017-01-19,-517.0,-314.8,331.5,0.0,205.0,111.0,15.5,966.7,720.0,246.7,0.0,320.4,1945.5,1743.3,-273.1999999999998,-527.1999999999998,-204.0999999999999,0,0
2017-01-20,-610.0,-404.9,255.7,0.0,205.0,27.8,22.9,981.7,720.0,261.7,0.0,321.2,1948.4,1743.3,2.900000000000091,-492.0999999999999,-424.1999999999998,0,0
2017-01-23,-722.8,-348.9,258.6,0.0,205.0,38.1,15.5,928.3,720.0,208.3,0.0,320.8,2117.2,1743.3,168.79999999999973,-183.30000000000018,-517.1000000000004,0,0
2017-01-24,-552.3,-355.3,257.1,0.0,205.0,36.5,15.5,933.8,720.0,213.8,0.0,321.4,1940.2,1743.3,-176.99999999999977,-276.89999999999986,-235.39999999999986,0,0
2017-01-25,-426.6,-350.9,264.7,0.0,205.0,41.4,18.3,938.0,720.0,218.0,0.0,322.3,1818.9,1743.3,-121.29999999999995,-399.7999999999997,-552.6999999999998,0,0
2017-01-26,324.2,-422.8,152.0,0.0,0.0,136.4,15.5,898.1,710.0,188.1,0.0,323.4,996.3,1743.3,-822.6000000000001,-949.2,-1530.8,1,1
2017-01-27,107.9,-472.3,106.8,0.0,0.0,89.3,17.4,896.2,710.0,186.2,0.0,317.1,1163.0,1743.3,166.70000000000005,-785.4000000000001,-1034.1999999999998,0,0
2017-01-30,153.2,-390.2,177.7,0.0,0.0,160.5,17.2,889.7,710.0,179.7,0.0,321.8,1199.8,1743.3,36.799999999999955,-917.3999999999999,-751.6000000000001,0,0
2017-01-31,114.4,-147.1,420.7,270.2,0.0,132.1,18.4,889.6,710.0,179.6,0.0,321.8,1481.7,1743.3,281.9000000000001,-458.5,-244.5999999999999,0,0
2017-02-01,258.2,143.0,756.2,270.2,0.0,74.2,411.8,935.4,710.0,225.4,0.0,322.2,1628.1,1743.3,146.39999999999986,-190.80000000000018,-413.70000000000005,0,0
2017-02-02,-89.9,-204.3,27.3,0.0,0.0,13.9,13.3,550.6,318.4,232.2,0.0,319.1,1628.9,1743.3,0.8000000000001819,632.6000000000001,-277.89999999999986,0,0
2017-02-03,-125.0,-193.8,25.6,0.0,0.0,12.2,13.3,541.9,318.4,223.5,0.0,322.5,1674.5,1743.3,45.59999999999991,511.5,-697.5999999999999,0,0
2017-02-06,-338.7,-190.9,25.0,0.0,0.0,12.5,12.5,536.1,318.4,217.7,0.0,320.2,1891.1,1743.3,216.5999999999999,691.3,-300.7000000000003,0,0
2017-02-07,-481.6,-211.4,25.6,0.0,0.0,12.9,12.7,557.0,318.4,238.6,0.0,320.0,2013.4,1743.3,122.30000000000018,531.7,190.70000000000005,0,0
2017-02-08,-392.6,-221.0,240.4,0.0,0.0,224.1,16.4,781.1,593.3,187.9,0.0,319.6,1914.9,1743.3,-98.5,286.8000000000002,-126.39999999999986,0,0
2017-02-09,-390.4,-534.3,28.6,0.0,0.0,16.1,12.4,882.6,710.0,172.6,0.0,319.8,1730.5,1874.4,-184.4000000000001,101.59999999999991,162.5999999999999,0,0
2017-02-10,-434.8,-523.1,38.0,0.0,0.0,25.6,12.3,880.8,710.0,170.8,0.0,319.8,1786.1,1874.4,55.59999999999991,111.59999999999991,259.29999999999995,0,0
2017-02-13,-492.5,-530.8,32.4,0.0,0.0,20.4,11.9,878.6,710.0,168.6,0.0,315.4,1836.0,1874.4,49.90000000000009,-55.09999999999991,-636.6999999999998,0,0
2017-02-14,-561.4,-512.0,51.7,0.0,0.0,39.8,11.9,879.1,710.0,169.1,0.0,315.4,1923.8,1874.4,87.79999999999995,-89.60000000000014,-516.7,0,0
2017-02-15,-534.1,-514.7,50.6,0.0,0.0,38.6,11.9,881.3,710.0,171.3,0.0,316.0,1893.7,1874.4,-30.09999999999991,-21.200000000000045,-406.79999999999995,0,0
2017-02-16,-572.8,-662.5,53.3,0.0,0.0,41.4,11.9,1031.5,870.0,161.5,0.0,315.7,1784.7,1874.4,-109.0,54.200000000000045,-432.39999999999986,0,0
2017-02-17,-682.3,-654.7,52.2,0.0,0.0,40.3,11.9,1022.9,870.0,152.9,0.0,316.0,1902.0,1874.4,117.29999999999995,115.90000000000009,-316.6999999999998,0,0
2017-02-20,-709.0,-656.3,54.5,0.0,0.0,43.0,11.5,1028.5,870.0,158.5,0.0,317.7,1927.0,1874.4,25.0,91.0,-18.5,0,0
2017-02-21,-801.7,-662.1,57.1,0.0,0.0,45.7,11.5,1036.5,870.0,166.5,0.0,317.3,2014.0,1874.4,87.0,90.20000000000005,65.59999999999991,0,0
2017-02-22,-834.3,-642.2,64.9,0.0,0.0,53.8,11.1,1023.7,870.0,153.7,0.0,316.6,2066.4,1874.4,52.40000000000009,172.70000000000005,-50.79999999999973,0,0
2017-02-27,-815.9,-263.5,67.7,0.0,0.0,56.6,11.1,634.0,440.0,194.0,0.0,302.8,2426.8,1874.4,360.4000000000001,642.1000000000001,486.60000000000014,0,0
2017-02-28,-342.0,-226.7,83.3,0.0,0.0,67.2,16.1,629.8,440.0,189.8,0.0,319.8,1989.7,1874.4,-437.10000000000014,87.70000000000005,170.79999999999995,1,0
2017-03-01,0.9,157.0,473.8,0.0,0.0,307.7,166.2,636.9,440.0,196.9,0.0,320.0,2030.4,1874.4,40.700000000000045,103.40000000000009,1034.1000000000001,0,0
2017-03-02,-297.9,-569.2,74.0,0.0,0.0,62.8,11.1,966.6,780.0,186.6,0.0,323.4,1603.0,1874.4,-427.4000000000001,-411.0,440.0,1,0
2017-03-03,-356.2,-573.0,61.3,0.0,0.0,50.2,11.1,957.7,780.0,177.7,0.0,323.4,1657.5,1874.4,54.5,-408.9000000000001,457.70000000000005,0,0
2017-03-06,-738.7,-596.9,38.5,0.0,0.0,27.2,11.3,957.8,780.0,177.8,0.0,322.4,2016.2,1874.4,358.70000000000005,-410.60000000000014,534.5,0,0
2017-03-07,-676.8,-669.6,41.1,0.0,0.0,29.2,12.0,1033.7,780.0,253.7,0.0,323.0,1881.6,1874.4,-134.60000000000014,-108.10000000000014,253.5,0,0
2017-03-09,-640.4,-535.1,106.8,0.0,0.0,93.6,13.2,964.7,780.0,184.7,0.0,322.9,1970.4,1865.1,88.80000000000018,-60.0,341.5,0,0
2017-03-10,-625.0,-579.4,46.1,0.0,0.0,34.9,11.2,950.6,780.0,170.6,0.0,325.1,1910.7,1865.1,-59.700000000000045,307.70000000000005,236.20000000000005,0,0
2017-03-13,-769.0,-584.7,41.0,0.0,0.0,30.0,11.0,952.2,780.0,172.2,0.0,326.5,2049.4,1865.1,138.70000000000005,391.9000000000001,158.30000000000018,0,0
2017-03-14,-748.6,-580.3,42.7,0.0,0.0,26.4,16.3,949.8,780.0,169.8,0.0,326.8,2033.4,1865.1,-16.0,17.200000000000045,20.0,0,0
2017-03-15,-541.3,-581.0,37.3,0.0,0.0,26.3,11.0,945.8,780.0,165.8,0.0,327.4,1825.4,1865.1,-208.0,-56.19999999999982,-89.5,0,0
2017-03-16,-584.3,-715.8,37.3,0.0,0.0,24.6,12.7,1080.6,880.0,200.6,0.0,327.5,1733.6,1865.1,-91.80000000000018,-236.80000000000018,3.099999999999909,0,0
2017-03-17,-619.8,-727.2,38.3,0.0,0.0,27.3,11.0,1093.8,880.0,213.8,0.0,328.2,1757.7,1865.1,24.100000000000136,-153.0,-28.399999999999864,0,0
2017-03-20,-703.0,-713.4,43.6,0.0,0.0,32.4,11.1,1084.4,880.0,204.4,0.0,327.5,1854.7,1865.1,97.0,-194.70000000000005,18.700000000000045,0,0
2017-03-21,-646.7,-725.3,42.9,0.0,0.0,31.8,11.1,1095.9,880.0,215.9,0.0,327.7,1786.5,1865.1,-68.20000000000005,-246.9000000000001,-137.29999999999995,0,0
2017-03-22,-863.3,-723.7,42.7,0.0,0.0,31.4,11.3,1092.4,880.0,212.4,0.0,326.0,2004.7,1865.1,218.20000000000005,179.29999999999995,111.0,0,0
2017-03-23,-599.4,-416.9,72.7,0.0,0.0,61.2,11.4,815.7,600.0,215.7,0.0,326.1,2047.6,1865.1,42.899999999999864,314.0,262.89999999999986,0,0
2017-03-24,-585.0,-420.6,70.7,0.0,0.0,55.9,14.9,817.6,600.0,217.6,0.0,326.3,2029.5,1865.1,-18.09999999999991,271.79999999999995,127.5,0,0
2017-03-27,-535.0,-409.8,79.2,0.0,0.0,64.4,14.8,809.6,600.0,209.6,0.0,320.6,1990.3,1865.1,-39.200000000000045,135.5999999999999,63.299999999999955,0,0
2017-03-28,-217.5,-404.6,89.8,0.0,0.0,69.9,19.9,815.0,600.0,215.0,0.0,320.7,1678.0,1865.1,-312.29999999999995,-108.5,-336.0,1,0
2017-03-29,-14.7,-321.1,154.7,0.0,0.0,133.4,21.3,796.1,600.0,196.1,0.0,320.4,1558.7,1865.1,-119.29999999999995,-446.0,-507.70000000000005,0,0
2017-03-30,-59.2,-54.1,114.6,0.0,0.0,96.8,17.8,488.5,319.6,168.9,0.0,319.7,1870.2,1865.1,311.5,-177.39999999999986,-556.6000000000001,0,0
2017-03-31,-250.0,-106.4,93.0,0.0,0.0,78.2,14.8,510.3,319.6,190.8,0.0,311.0,2008.7,1865.1,138.5,-20.799999999999955,19.0,0,0
2017-04-03,-145.1,133.8,318.9,0.0,0.0,59.1,259.8,494.0,319.6,174.5,0.0,308.9,2144.0,1865.1,135.29999999999995,153.70000000000005,113.59999999999991,0,0
2017-04-04,-421.7,-113.9,47.1,0.0,0.0,33.7,13.4,473.0,319.6,153.4,0.0,312.0,2172.9,1865.1,28.90000000000009,494.9000000000001,569.9000000000001,0,0
2017-04-05,-487.1,-141.4,38.2,0.0,0.0,24.8,13.4,490.8,319.6,171.2,0.0,311.2,2210.8,1865.1,37.90000000000009,652.1000000000001,553.3000000000002,0,0
2017-04-06,-599.3,-234.6,40.2,0.0,0.0,26.8,13.4,585.5,399.8,185.7,0.0,310.7,2229.8,1865.1,19.0,359.60000000000014,213.60000000000014,0,0
2017-04-07,-606.4,-187.7,102.4,0.0,0.0,88.5,13.9,599.5,399.8,199.7,0.0,309.4,2283.8,1865.1,54.0,275.10000000000014,402.2000000000003,0,0
2017-04-10,-625.9,-476.9,114.6,0.0,0.0,100.7,13.9,900.8,749.8,151.0,0.0,309.3,2014.1,1865.1,-269.7000000000003,-129.9000000000001,43.69999999999982,0,0
2017-04-11,-664.2,-705.4,114.6,0.0,0.0,100.7,13.9,1129.5,939.8,189.7,0.0,309.4,1823.9,1865.1,-190.19999999999982,-349.0,-86.79999999999995,0,0
2017-04-12,-527.5,-500.7,215.9,0.0,0.0,191.8,24.1,1026.3,856.9,169.4,0.0,309.7,1891.9,1865.1,68.0,-318.9000000000001,-157.5,0,0
2017-04-13,-679.7,-547.7,104.5,0.0,0.0,90.6,13.9,962.1,810.0,152.1,0.0,310.0,1980.1,1848.1,88.19999999999982,-249.70000000000027,-53.30000000000018,0,0
2017-04-14,-493.4,-560.1,98.8,0.0,0.0,84.9,13.9,969.2,810.0,159.2,0.0,310.3,1781.4,1848.1,-198.69999999999982,-502.4000000000001,-44.0,0,0
2017-04-17,-479.1,-596.6,92.5,0.0,0.0,78.6,14.0,999.4,810.0,189.4,0.0,310.3,1730.6,1848.1,-50.80000000000018,-283.5,-3.0,0,0
2017-04-18,-445.8,-579.2,90.8,0.0,0.0,76.9,13.9,979.5,810.0,169.5,0.0,309.5,1714.6,1848.1,-16.0,-109.30000000000018,-43.100000000000136,0,0
2017-04-19,-667.7,-577.9,90.0,0.0,0.0,76.1,13.9,976.7,810.0,166.7,0.0,308.8,1937.8,1848.1,223.20000000000005,45.899999999999864,83.09999999999991,0,0
2017-04-20,-615.4,-647.2,77.6,0.0,0.0,63.7,13.9,1033.5,870.0,163.5,0.0,308.7,1816.3,1848.1,-121.5,-163.79999999999995,29.799999999999955,0,0
2017-04-21,-662.5,-641.8,85.7,0.0,0.0,71.7,14.1,1036.2,870.0,166.2,0.0,308.6,1868.7,1848.1,52.40000000000009,87.29999999999995,-136.0,0,0
2017-04-24,-688.3,-641.1,81.7,0.0,0.0,67.7,14.0,1031.5,870.0,161.5,0.0,308.6,1895.3,1848.1,26.59999999999991,164.70000000000005,-152.29999999999995,0,0
2017-04-25,-604.5,-651.1,84.1,0.0,0.0,72.6,11.5,1043.7,870.0,173.7,0.0,308.4,1801.4,1848.1,-93.89999999999986,86.80000000000018,-228.0999999999999,0,0
2017-04-26,-75.7,-693.9,83.3,0.0,0.0,71.7,11.6,1085.7,870.0,215.7,0.0,308.5,1229.9,1848.1,-571.5,-707.8999999999999,-760.3999999999999,1,1
2017-04-27,-197.2,-212.8,83.0,0.0,0.0,71.5,11.6,605.1,360.0,245.1,0.0,309.3,1832.5,1848.1,602.5999999999999,16.200000000000045,154.5,0,0
2017-04-28,-130.4,-199.1,85.6,0.0,0.0,75.9,9.6,595.0,360.0,235.0,0.0,310.3,1779.4,1848.1,-53.09999999999991,-89.29999999999995,220.70000000000005,0,0
2017-05-02,144.1,81.3,417.3,0.0,0.0,155.8,261.5,646.0,360.0,286.0,0.0,309.9,1785.2,1848.1,5.7999999999999545,-110.09999999999991,-85.0,0,0
2017-05-03,-158.5,-193.0,83.3,0.0,0.0,73.7,9.6,586.3,360.0,226.3,0.0,310.0,1813.6,1848.1,28.399999999999864,12.199999999999818,-195.10000000000014,0,0
2017-05-04,-283.7,-30.8,78.8,0.0,0.0,69.2,9.6,419.8,190.0,229.8,0.0,310.1,2100.9,1848.1,287.3000000000002,871.0,-43.09999999999991,0,0
2017-05-05,-416.4,36.3,103.5,0.0,0.0,93.8,9.7,378.0,190.0,188.0,0.0,310.8,2300.7,1848.1,199.79999999999973,468.1999999999998,127.79999999999973,0,0
2017-05-10,-838.0,12.5,131.1,0.0,0.0,113.3,17.7,383.4,190.0,193.4,0.0,264.8,2698.5,1848.1,397.8000000000002,919.0999999999999,487.6999999999998,0,0
2017-05-11,-696.6,-177.9,85.5,0.0,0.0,75.7,9.8,541.4,370.8,170.6,0.0,278.0,2360.3,1841.6,-338.1999999999998,575.1000000000001,130.5,1,0
2017-05-12,-818.8,-171.9,57.3,0.0,0.0,47.7,9.6,540.9,370.8,170.1,0.0,311.6,2488.5,1841.6,128.19999999999982,674.9000000000001,204.69999999999982,0,0
2017-05-15,-691.2,-181.2,46.9,0.0,0.0,37.3,9.6,539.7,370.8,168.9,0.0,311.6,2351.6,1841.6,-136.9000000000001,250.69999999999982,337.5,0,0
2017-05-16,-567.6,-176.8,47.6,0.0,0.0,38.0,9.6,535.3,370.8,164.5,0.0,310.9,2232.4,1841.6,-119.19999999999982,-68.29999999999973,408.5,0,0
2017-05-17,-633.0,-181.2,59.4,0.0,0.0,49.7,9.6,551.8,370.8,181.0,0.0,311.2,2293.4,1841.6,61.0,-405.0999999999999,401.5,0,0
2017-05-18,-480.8,-405.7,63.8,0.0,0.0,53.9,9.9,781.4,630.0,151.4,0.0,311.9,1916.7,1841.6,-376.70000000000005,-443.60000000000014,-63.399999999999864,1,0
2017-05-19,-497.8,-408.6,62.5,0.0,0.0,52.9,9.6,783.1,630.0,153.1,0.0,312.1,1930.9,1841.6,14.200000000000045,-557.5999999999999,149.5,0,0
2017-05-22,-393.8,-414.0,59.7,0.0,0.0,50.0,9.7,785.7,630.0,155.7,0.0,312.0,1821.5,1841.6,-109.40000000000009,-530.0999999999999,90.90000000000009,0,0
2017-05-23,-451.9,-419.4,68.8,0.0,0.0,59.2,9.6,797.5,630.0,167.5,0.0,309.3,1874.1,1841.6,52.59999999999991,-358.3000000000002,159.5,0,0
2017-05-24,-623.8,-458.8,68.9,0.0,0.0,59.3,9.6,837.0,630.0,207.0,0.0,309.3,2006.7,1841.6,132.60000000000014,-286.70000000000005,68.90000000000009,0,0
2017-05-25,-580.4,-259.6,67.9,0.0,0.0,58.3,9.6,637.3,490.0,147.3,0.0,309.7,2162.4,1841.6,155.70000000000005,245.70000000000005,346.10000000000014,0,0
2017-05-26,-41.4,-252.7,74.2,0.0,0.0,61.7,12.6,636.7,490.0,146.7,0.0,309.8,1630.3,1841.6,-532.1000000000001,-300.60000000000014,-238.4000000000001,1,1
2017-05-29,23.7,-250.3,77.3,0.0,0.0,67.7,9.6,637.1,490.0,147.1,0.0,309.5,1567.6,1841.6,-62.700000000000045,-253.9000000000001,-327.70000000000005,0,0
2017-05-30,57.2,-295.3,46.6,0.0,0.0,37.0,9.6,650.6,490.0,160.6,0.0,308.7,1489.1,1841.6,-78.5,-385.0,-312.3000000000002,0,0
2017-05-31,-81.4,-279.1,50.2,0.0,0.0,40.5,9.7,638.4,490.0,148.4,0.0,309.1,1644.0,1841.6,154.9000000000001,-362.70000000000005,414.0999999999999,0,0
2017-06-01,-72.9,-407.5,69.7,0.0,0.0,60.0,9.6,787.1,590.0,197.1,0.0,310.0,1507.1,1841.6,-136.9000000000001,-655.3000000000002,-325.4000000000001,0,0
2017-06-02,-229.8,-400.0,27.5,0.0,0.0,19.9,7.7,739.8,590.0,149.8,0.0,312.3,1671.4,1841.6,164.30000000000018,41.100000000000136,-108.0,0,0
2017-06-05,-296.2,-383.7,44.9,0.0,0.0,38.8,6.1,741.4,590.0,151.4,0.0,312.8,1754.1,1841.6,82.69999999999982,186.5,-31.100000000000136,0,0
2017-06-06,-445.4,-280.8,155.4,0.0,0.0,148.9,6.5,749.3,590.0,159.3,0.0,313.1,2006.2,1841.6,252.10000000000014,517.1000000000001,192.60000000000014,0,0
2017-06-07,-493.9,45.3,475.4,0.0,0.0,463.9,11.4,743.3,590.0,153.3,0.0,313.2,2380.8,1841.6,374.60000000000014,736.8000000000002,279.9000000000001,0,0
2017-06-08,-225.8,-468.5,43.4,0.0,0.0,37.1,6.3,825.5,680.0,145.5,0.0,313.6,1618.7,1861.4,-762.1000000000001,111.60000000000014,-681.9999999999998,1,1
2017-06-09,-230.0,-470.2,39.5,0.0,0.0,33.4,6.1,823.4,680.0,143.4,0.0,313.7,1621.2,1861.4,2.5,-50.200000000000045,-1077.3,0,0
2017-06-13,-379.7,-494.9,16.6,0.0,0.0,10.5,6.1,825.4,680.0,145.4,0.0,313.8,1746.2,1861.4,125.0,-7.899999999999864,-614.1000000000001,0,0
2017-06-14,-610.2,-485.5,27.0,0.0,0.0,20.9,6.1,827.3,680.0,147.3,0.0,314.8,1986.1,1861.4,239.89999999999986,-20.100000000000136,-502.4000000000001,0,0
2017-06-15,-495.6,-400.7,28.5,0.0,0.0,22.4,6.1,744.2,590.0,154.2,0.0,315.0,1956.3,1861.4,-29.799999999999955,-424.5000000000002,-395.29999999999995,0,0
2017-06-16,-342.9,-398.0,27.0,0.0,0.0,20.9,6.1,742.5,590.0,152.5,0.0,317.4,1806.3,1861.4,-150.0,187.5999999999999,-426.10000000000014,0,0
2017-06-19,-377.2,-379.4,41.9,0.0,0.0,36.1,5.8,739.4,590.0,149.4,0.0,318.1,1859.2,1861.4,52.90000000000009,238.0,-434.20000000000005,0,0
2017-06-20,-432.6,-354.8,69.6,0.0,0.0,63.8,5.8,742.1,590.0,152.1,0.0,317.6,1939.2,1861.4,80.0,193.0,22.5,0,0
2017-06-21,-697.3,-344.9,77.6,0.0,0.0,71.8,5.8,739.9,590.0,149.9,0.0,317.5,2213.8,1861.4,274.60000000000014,227.70000000000027,282.9000000000001,0,0
2017-06-22,-680.2,-169.9,80.1,0.0,0.0,74.3,5.8,567.8,410.0,157.8,0.0,317.8,2371.7,1861.4,157.89999999999964,415.39999999999986,550.1999999999998,0,0
2017-06-23,-690.8,-144.6,82.9,0.0,0.0,74.6,8.3,546.5,410.0,136.5,0.0,319.0,2407.6,1861.4,35.90000000000009,601.3,533.5,0,0
2017-06-26,-613.0,-219.3,72.2,0.0,0.0,63.5,8.8,611.1,410.0,201.1,0.0,319.5,2255.1,1861.4,-152.5,395.89999999999986,248.39999999999986,0,0
2017-06-27,-80.7,-166.3,82.9,0.0,0.0,74.2,8.8,568.9,410.0,158.9,0.0,319.7,1775.9,1861.4,-479.1999999999998,-163.29999999999995,-386.5,1,0
2017-06-28,-244.0,-153.4,105.1,0.0,0.0,96.4,8.8,577.9,410.0,167.9,0.0,319.4,1952.0,1861.4,176.0999999999999,-261.8000000000002,321.70000000000005,0,0
2017-06-29,-126.6,-238.3,79.4,0.0,0.0,70.7,8.8,636.4,469.7,166.7,0.0,318.7,1749.7,1861.4,-202.29999999999995,-621.9999999999998,182.10000000000014,0,0
2017-06-30,-179.6,-231.9,86.0,0.0,0.0,77.2,8.8,637.6,469.7,167.9,0.0,319.7,1809.1,1861.4,59.399999999999864,-598.5,320.0,0,0
2017-07-03,-35.8,-221.8,116.2,0.0,0.0,103.2,13.0,658.4,469.7,188.7,0.0,320.4,1675.4,1861.4,-133.69999999999982,-579.6999999999998,31.40000000000009,0,0
2017-07-04,-296.5,-240.7,80.0,0.0,0.0,71.2,8.8,641.1,469.7,171.4,0.0,320.5,1917.3,1861.4,241.89999999999986,141.39999999999986,410.20000000000005,0,0
2017-07-05,-357.5,-258.0,63.1,0.0,0.0,54.4,8.8,641.4,469.7,171.7,0.0,320.3,1960.9,1861.4,43.600000000000136,8.900000000000091,289.5,0,0
2017-07-06,-471.6,-275.5,65.5,0.0,0.0,56.7,8.8,660.5,500.0,160.5,0.0,319.5,2057.5,1861.4,96.59999999999991,307.79999999999995,303.4000000000001,0,0
2017-07-07,-581.0,-294.0,52.3,0.0,0.0,43.5,8.8,666.4,500.0,166.4,0.0,320.1,2148.4,1861.4,90.90000000000009,339.3000000000002,142.20000000000005,0,0
2017-07-10,-754.2,-289.2,51.6,0.0,0.0,42.7,8.9,661.6,500.0,161.6,0.0,320.8,2326.4,1861.4,178.0,651.0,-54.40000000000009,0,0
2017-07-11,-543.0,-479.2,81.0,0.0,0.0,72.3,8.8,879.2,500.0,379.2,0.0,319.0,1925.2,1861.4,-401.20000000000005,7.900000000000091,306.5,1,0
2017-07-12,-223.0,-525.9,135.1,0.0,0.0,126.4,8.8,975.7,713.0,262.7,0.0,314.7,1558.5,1861.4,-366.70000000000005,-402.4000000000001,-62.700000000000045,1,0
2017-07-13,-391.9,-195.2,182.7,0.0,0.0,174.0,8.8,700.1,540.0,160.1,0.0,322.2,2068.1,1871.4,509.5999999999999,10.599999999999909,321.89999999999986,0,0
2017-07-14,-324.2,-161.3,218.3,0.0,0.0,209.5,8.8,702.1,540.0,162.1,0.0,322.5,2034.3,1871.4,-33.799999999999955,-114.10000000000014,48.200000000000045,0,0
2017-07-17,-482.5,-144.3,231.1,0.0,0.0,222.3,8.8,698.8,540.0,158.8,0.0,323.4,2209.6,1871.4,175.29999999999995,-116.80000000000018,253.29999999999995,0,0
2017-07-18,-464.0,-197.4,222.4,0.0,0.0,205.0,17.4,743.6,540.0,203.6,0.0,323.7,2138.0,1871.4,-71.59999999999991,212.79999999999995,331.70000000000005,0,0
2017-07-19,-622.2,-218.3,173.4,0.0,0.0,164.6,8.8,716.1,540.0,176.1,0.0,324.4,2275.3,1871.4,137.30000000000018,716.8000000000002,416.10000000000014,0,0
2017-07-20,-536.9,-230.3,205.8,0.0,0.0,193.6,12.2,762.6,598.9,163.7,0.0,326.4,2178.0,1871.4,-97.30000000000018,109.90000000000009,238.79999999999995,0,0
2017-07-21,-595.2,-217.7,220.0,0.0,0.0,214.2,5.8,764.2,598.9,165.4,0.0,326.5,2248.9,1871.4,70.90000000000009,214.60000000000014,35.09999999999991,0,0
2017-07-24,-597.9,-224.6,210.9,0.0,0.0,205.1,5.8,762.8,598.9,163.9,0.0,327.3,2244.8,1871.4,-4.099999999999909,35.20000000000027,-126.89999999999964,0,0
2017-07-25,-462.0,-223.8,220.5,0.0,0.0,206.3,14.3,771.4,598.9,172.5,0.0,327.0,2109.6,1871.4,-135.20000000000027,-28.40000000000009,-298.0,0,0
2017-07-26,14.1,-146.0,289.2,0.0,0.0,275.9,13.2,763.1,598.9,164.2,0.0,327.9,1711.3,1871.4,-398.29999999999995,-564.0000000000002,-543.8,1,0
2017-07-27,-93.5,-81.5,270.9,0.0,0.0,260.9,10.0,680.7,519.6,161.1,0.0,328.3,1883.5,1871.4,172.20000000000005,-294.5,107.59999999999991,0,0
2017-07-28,-53.5,-72.8,273.3,0.0,0.0,263.4,10.0,674.4,519.6,154.8,0.0,328.2,1852.1,1871.4,-31.40000000000009,-396.8000000000002,-99.90000000000009,0,0
2017-07-31,-25.5,-37.5,303.4,0.0,0.0,285.2,18.3,670.2,519.6,150.6,0.0,329.2,1859.4,1871.4,7.300000000000182,-385.4000000000001,109.70000000000005,0,0
2017-08-01,75.1,38.7,410.4,0.0,0.0,396.1,14.3,701.7,519.6,182.1,0.0,330.0,1835.0,1871.4,-24.40000000000009,-274.5999999999999,25.90000000000009,0,0
2017-08-02,-2.7,53.3,410.3,0.0,0.0,404.5,5.8,686.9,519.6,167.3,0.0,329.9,1927.4,1871.4,92.40000000000009,216.10000000000014,252.0,0,0
2017-08-03,57.8,-26.6,439.8,0.0,0.0,425.6,14.3,793.7,632.7,161.0,0.0,327.3,1787.1,1871.4,-140.30000000000018,-96.40000000000009,-130.20000000000005,0,0
2017-08-04,-181.2,-70.8,467.5,0.0,0.0,453.2,14.3,865.5,632.7,232.8,0.0,327.2,1981.8,1871.4,194.70000000000005,129.70000000000005,20.899999999999864,0,0
2017-08-07,-23.0,-145.3,530.8,0.0,0.0,516.6,14.2,1000.5,632.7,367.8,0.0,324.4,1749.1,1871.4,-232.70000000000005,-110.30000000000018,-308.4000000000001,0,0
2017-08-08,-45.4,-383.6,590.0,0.0,0.0,575.2,14.7,1297.8,914.9,382.9,0.0,324.2,1533.2,1871.4,-215.89999999999986,-301.79999999999995,-615.2,0,0
2017-08-09,-34.1,-579.4,582.2,0.0,0.0,575.6,6.6,1486.1,1220.2,265.9,0.0,324.5,1326.1,1871.4,-207.10000000000014,-601.3000000000002,-1000.3000000000002,0,0
2017-08-10,-343.8,-25.3,618.9,0.0,0.0,583.7,35.2,968.8,795.8,173.0,0.0,324.7,2220.3,1901.7,894.2000000000003,433.2000000000003,295.10000000000014,0,0
2017-08-11,-261.3,-1.0,643.9,0.0,0.0,607.7,36.3,969.6,795.8,173.8,0.0,324.7,2162.1,1901.7,-58.20000000000027,180.29999999999995,603.5999999999999,0,0
2017-08-14,-281.0,46.7,703.2,0.0,0.0,666.9,36.3,981.3,795.8,185.5,0.0,324.7,2229.4,1901.7,67.30000000000018,480.3000000000002,161.30000000000018,0,0
2017-08-15,-235.1,53.5,711.4,0.0,0.0,675.1,36.3,982.3,795.8,186.5,0.0,324.5,2190.4,1901.7,-39.0,657.2,156.10000000000014,0,0
2017-08-16,-160.6,63.5,712.1,0.0,0.0,675.8,36.3,981.3,795.8,185.5,0.0,332.8,2125.9,1901.7,-64.5,799.8000000000002,-83.69999999999982,0,0
2017-08-17,-284.3,-160.0,722.2,0.0,0.0,683.1,39.2,1218.9,879.0,190.3,149.6,336.7,2026.0,1901.7,-99.90000000000009,-194.30000000000018,-112.0,0,0
2017-08-18,-525.1,-144.6,717.5,0.0,0.0,678.3,39.2,1198.9,879.0,170.3,149.6,336.8,2282.2,1901.7,256.1999999999998,120.09999999999991,6.899999999999636,0,0
2017-08-21,-295.3,-153.9,715.2,0.0,0.0,679.1,36.2,1205.8,879.0,177.0,149.8,336.6,2043.1,1901.7,-239.0999999999999,-186.30000000000018,-134.9000000000001,0,0
2017-08-22,-344.4,-149.2,707.9,0.0,0.0,671.7,36.2,1194.0,879.0,165.2,149.8,337.0,2097.0,1901.7,53.90000000000009,-93.40000000000009,-151.9000000000001,0,0
2017-08-23,-542.1,-191.9,701.5,0.0,0.0,665.4,36.2,1226.3,879.0,197.5,149.8,332.8,2251.9,1901.7,154.9000000000001,126.0,7.099999999999909,0,0
2017-08-24,-439.4,-348.8,683.7,0.0,0.0,638.7,45.0,1368.8,991.2,227.7,149.9,336.2,1992.3,1901.7,-259.60000000000014,-33.700000000000045,-117.29999999999995,0,0
2017-08-25,-273.4,-246.4,748.6,0.0,0.0,703.7,45.0,1329.8,991.2,188.7,149.9,334.7,1928.7,1901.7,-63.59999999999991,-353.4999999999998,217.4000000000001,0,0
2017-08-28,230.4,-181.1,779.0,0.0,0.0,733.7,45.3,1294.7,991.2,153.5,150.0,334.6,1490.2,1901.7,-438.5,-552.8999999999999,-393.29999999999995,1,0
2017-08-29,119.8,-186.2,783.9,0.0,0.0,738.8,45.0,1305.2,991.2,164.0,150.0,335.2,1595.8,1901.7,105.59999999999991,-501.20000000000005,-256.29999999999995,0,0
2017-08-30,-87.0,-146.1,813.3,0.0,0.0,768.4,44.9,1294.6,991.2,153.2,150.1,335.2,1842.6,1901.7,246.79999999999995,-409.3000000000002,-16.800000000000182,0,0
2017-08-31,-291.4,-154.7,839.7,0.0,0.0,785.2,54.5,1330.3,1003.7,176.5,150.1,335.9,2038.4,1901.7,195.80000000000018,46.100000000000136,203.4000000000001,0,0
2017-09-01,-208.9,-181.8,821.9,0.0,0.0,767.5,54.5,1339.6,1003.7,185.7,150.2,335.9,1928.9,1901.7,-109.5,0.20000000000004547,1.5,0,0
2017-09-04,-488.8,-441.9,660.9,0.0,0.0,653.8,7.1,1437.8,1125.5,162.0,150.3,335.0,1948.6,1901.7,19.699999999999818,458.39999999999986,161.5,0,0
2017-09-05,-518.2,-469.1,668.4,0.0,0.0,660.3,8.1,1472.7,1172.7,149.6,150.3,335.2,1950.9,1901.7,2.300000000000182,355.10000000000014,-30.899999999999864,0,0
2017-09-06,-454.9,-599.2,687.4,0.0,0.0,650.8,36.7,1596.2,1249.9,196.0,150.3,309.6,1757.4,1901.7,-193.5,-85.19999999999982,8.300000000000182,0,0
2017-09-07,-323.0,-393.2,650.0,0.0,0.0,642.9,7.2,1377.8,1046.1,181.3,150.4,334.6,1824.9,1895.1,67.5,-213.5,291.70000000000005,0,0
2017-09-08,-307.2,-419.2,645.9,0.0,0.0,638.7,7.2,1393.4,1046.1,196.9,150.4,328.3,1783.1,1895.1,-41.80000000000018,-145.80000000000018,457.0,0,0
2017-09-11,-387.7,-463.2,626.5,0.0,0.0,619.2,7.4,1423.2,1046.1,226.6,150.5,333.5,1819.6,1895.1,36.5,-129.0,-400.7000000000003,0,0
2017-09-12,-397.1,-526.7,576.3,0.0,0.0,569.1,7.2,1438.5,1046.1,241.8,150.6,335.5,1765.5,1895.1,-54.09999999999991,-185.4000000000001,-396.5999999999999,0,0
2017-09-13,-408.4,-605.9,574.2,0.0,0.0,566.9,7.3,1515.7,1046.1,319.0,150.6,335.6,1697.6,1895.1,-67.90000000000009,-59.80000000000018,-531.8000000000002,0,0
2017-09-14,-206.2,-509.1,549.6,0.0,0.0,542.5,7.2,1394.8,910.0,334.2,150.6,336.1,1592.2,1895.1,-105.39999999999986,-232.70000000000005,-598.2,0,0
2017-09-15,-117.0,-781.6,602.8,0.0,0.0,595.4,7.4,1722.1,1380.0,191.4,150.7,337.7,1230.5,1895.1,-361.70000000000005,-552.5999999999999,-895.4000000000001,1,0
2017-09-18,-160.9,-713.9,658.1,0.0,0.0,575.9,82.2,1709.4,1380.0,178.6,150.8,337.4,1342.1,1895.1,111.59999999999991,-477.5,-683.9000000000001,0,0
2017-09-19,-652.4,-362.7,637.8,0.0,0.0,530.5,107.2,1337.7,910.0,276.9,150.8,337.2,2184.8,1895.1,842.7000000000003,419.3000000000002,-97.39999999999964,0,0
2017-09-20,-813.2,-937.0,43.9,0.0,0.0,36.7,7.2,1317.9,910.0,257.0,150.9,337.0,1771.3,1895.1,-413.5000000000002,73.70000000000005,-271.79999999999995,1,0
2017-09-21,-1251.2,-756.7,43.3,0.0,0.0,36.1,7.2,1137.1,700.0,286.2,150.9,337.1,2389.6,1895.1,618.3,797.3999999999999,292.5999999999999,0,0
2017-09-22,-1288.2,-787.0,42.8,0.0,0.0,35.7,7.2,1166.2,700.0,315.3,150.9,336.3,2396.3,1895.1,6.700000000000273,1165.8000000000002,144.4000000000001,0,0
2017-09-25,-1486.0,-986.7,52.2,0.0,0.0,45.0,7.2,1376.1,1047.3,177.8,151.0,337.3,2394.4,1895.1,-1.900000000000091,1052.3000000000002,402.10000000000014,0,0
2017-09-26,-812.1,-741.4,112.3,0.0,0.0,75.2,37.2,1133.4,700.0,282.3,151.1,279.6,1965.8,1895.1,-428.60000000000014,-219.00000000000023,37.09999999999991,1,0
2017-09-27,-755.9,-797.4,54.8,0.0,0.0,38.4,16.4,1103.7,700.0,252.6,151.1,251.4,1853.6,1895.1,-112.20000000000005,82.29999999999995,363.39999999999986,0,0
2017-09-28,-805.9,-811.9,46.4,0.0,0.0,38.6,7.8,1196.2,886.1,159.0,151.1,337.9,1889.1,1895.1,35.5,-500.5,293.29999999999995,0,0
2017-09-29,-822.2,-798.0,45.8,0.0,0.0,37.9,7.8,1181.9,886.1,144.6,151.2,338.1,1919.3,1895.1,30.200000000000045,-477.0000000000002,76.70000000000005,0,0
2017-10-02,-1150.2,-820.3,101.7,0.0,0.0,43.9,57.8,1260.5,886.1,223.1,151.3,338.4,2225.0,1895.1,305.70000000000005,-169.4000000000001,186.5999999999999,0,0
2017-10-03,-1164.4,-806.1,43.6,0.0,0.0,36.3,7.3,1187.8,886.1,150.4,151.3,338.1,2253.4,1895.1,28.40000000000009,287.60000000000014,324.5,0,0
2017-10-04,-1242.9,-802.1,44.2,0.0,0.0,36.8,7.3,1183.1,886.1,145.7,151.3,336.9,2335.9,1895.1,82.5,482.3000000000002,387.3000000000002,0,0
2017-10-05,-1242.3,-879.2,17.0,0.0,0.0,10.6,6.4,1231.7,913.7,166.6,151.4,335.5,2258.2,1895.1,-77.70000000000027,369.0999999999999,307.2999999999997,0,0
2017-10-06,-1284.0,-859.1,23.1,0.0,0.0,16.6,6.5,1217.7,913.7,152.6,151.4,335.5,2320.0,1895.1,61.80000000000018,400.70000000000005,562.5999999999999,0,0
2017-10-09,-1361.6,-1164.1,29.8,0.0,0.0,16.3,13.6,1530.1,1253.7,124.9,151.5,336.2,2092.6,1895.1,-227.4000000000001,-132.4000000000001,267.6999999999998,0,0
2017-10-10,-1521.0,-1191.0,22.4,0.0,0.0,15.7,6.7,1549.5,1250.8,147.2,151.5,336.1,2225.1,1895.1,132.5,-28.300000000000182,442.0,0,0
2017-10-11,-1455.6,-1331.1,20.4,0.0,0.0,15.1,5.3,1672.4,1250.8,270.0,151.6,320.9,2019.6,1895.1,-205.5,-316.3000000000002,200.0,0,0
2017-10-12,-1363.4,-872.4,20.2,0.0,0.0,14.9,5.3,1229.9,875.7,202.6,151.6,337.3,2365.3,1874.3,345.7000000000003,107.10000000000036,599.8000000000002,0,0
2017-10-13,-1335.7,-1342.2,18.1,0.0,0.0,12.8,5.3,1698.6,1395.7,151.2,151.7,338.2,1867.7,1874.3,-497.60000000000014,-452.29999999999995,170.10000000000014,1,0
2017-10-16,-1409.7,-1343.5,16.9,0.0,0.0,11.0,5.9,1698.6,1395.7,151.1,151.8,338.1,1940.5,1874.3,72.79999999999995,-152.0999999999999,348.29999999999995,0,0
2017-10-17,-1528.2,-1329.1,14.7,0.0,0.0,7.8,6.9,1682.3,1384.3,146.2,151.8,338.5,2073.4,1874.3,132.9000000000001,-151.69999999999982,842.9000000000001,0,0
2017-10-18,-1589.6,-1360.9,13.8,0.0,0.0,7.0,6.8,1709.2,1384.3,173.1,151.8,334.5,2103.0,1874.3,29.59999999999991,83.40000000000009,760.9000000000001,0,0
2017-10-19,-1599.8,-1338.4,13.7,0.0,0.0,6.8,6.8,1687.2,1344.9,190.4,151.9,335.1,2135.7,1874.3,32.69999999999982,-229.60000000000036,-49.100000000000364,0,0
2017-10-20,-1617.8,-1339.7,13.4,0.0,0.0,6.6,6.8,1688.1,1344.9,191.3,151.9,335.0,2152.4,1874.3,16.700000000000273,284.70000000000005,381.10000000000014,0,0
2017-10-23,-1729.9,-1325.7,12.7,0.0,0.0,5.9,6.8,1674.0,1344.9,177.1,152.0,335.6,2278.5,1874.3,126.09999999999991,338.0,-111.09999999999991,0,0
2017-10-24,-1838.8,-1772.4,12.7,0.0,0.0,5.9,6.8,2121.2,1824.9,144.3,152.0,336.1,1940.7,1874.3,-337.79999999999995,-132.70000000000005,-455.60000000000014,1,0
2017-10-25,-1708.4,-1775.4,12.8,0.0,0.0,5.4,7.4,2124.3,1824.9,147.3,152.1,336.1,1807.3,1874.3,-133.4000000000001,-295.70000000000005,-587.1000000000001,0,0
2017-10-26,-1046.5,-1241.6,46.9,0.0,0.0,5.4,41.5,1624.7,1110.0,186.9,327.8,336.2,1679.2,1874.3,-128.0999999999999,-456.4999999999998,-286.5999999999999,0,0
2017-10-27,-1043.7,-1257.2,44.8,0.0,0.0,4.9,39.8,1638.0,1110.0,200.1,327.9,336.1,1660.8,1874.3,-18.40000000000009,-491.60000000000014,-192.79999999999995,0,0
2017-10-30,-1088.5,-1270.7,45.3,0.0,0.0,5.5,39.8,1652.3,1110.0,214.2,328.1,336.3,1692.1,1874.3,31.299999999999955,-586.4000000000001,-197.0,0,0
2017-10-31,-973.1,-1241.2,49.4,0.0,0.0,7.3,42.1,1627.4,1110.0,189.2,328.2,336.8,1606.2,1874.3,-85.89999999999986,-334.5,-313.0999999999999,0,0
2017-11-01,-1224.7,-1291.8,57.4,0.0,0.0,17.1,40.4,1686.0,1110.0,247.7,328.3,336.8,1807.2,1874.3,201.0,-0.09999999999990905,-417.79999999999995,0,0
2017-11-02,-1253.2,-1296.9,45.5,0.0,0.0,5.1,40.4,1680.2,1162.5,173.9,343.8,337.8,1830.6,1874.3,23.399999999999864,151.39999999999986,-422.8000000000002,0,0
2017-11-03,-1670.2,-1296.2,53.3,0.0,0.0,7.2,46.1,1686.0,1162.5,179.7,343.8,336.6,2248.3,1874.3,417.7000000000003,587.5000000000002,-87.59999999999991,0,0
2017-11-07,-1710.3,-1374.4,63.0,0.0,0.0,15.3,47.7,1774.1,1162.5,267.5,344.1,336.6,2210.2,1874.3,-38.100000000000364,518.0999999999999,-48.0,0,0
2017-11-08,-1722.3,-2213.9,51.5,0.0,0.0,7.1,44.4,2600.5,1832.5,423.8,344.2,335.1,1382.7,1874.3,-827.4999999999998,-223.5,-937.3,1,1
2017-11-09,-1622.9,-1431.4,44.9,0.0,0.0,4.5,40.4,1811.9,1243.9,188.5,379.5,335.5,2076.5,1885.0,693.8,269.29999999999995,-16.09999999999991,0,0
2017-11-10,-1670.6,-1390.5,45.7,0.0,0.0,4.6,41.1,1772.5,1243.9,149.0,379.6,336.2,2165.1,1885.0,88.59999999999991,334.5,-60.0,0,0
2017-11-13,-1554.9,-1408.8,45.7,0.0,0.0,4.6,41.1,1790.7,1243.9,166.9,379.9,336.2,2031.1,1885.0,-134.0,-217.20000000000027,11.5,0,0
2017-11-14,-1582.6,-1420.9,45.6,0.0,0.0,4.5,41.1,1803.3,1243.9,179.5,379.9,336.8,2046.7,1885.0,15.600000000000136,-163.49999999999977,-318.60000000000014,0,0
2017-11-15,-1613.6,-1422.0,46.8,0.0,0.0,4.6,42.2,1804.5,1243.9,180.6,380.0,335.7,2076.6,1885.0,29.899999999999864,693.8999999999999,208.89999999999986,0,0
2017-11-16,-1500.1,-1660.5,45.9,0.0,0.0,3.7,42.2,2042.4,1590.0,173.4,279.0,336.0,1724.6,1885.0,-352.0,-351.9000000000001,-215.9000000000001,1,0
2017-11-17,-1610.9,-1652.8,45.9,0.0,0.0,3.8,42.2,2035.4,1590.0,166.4,279.0,336.7,1843.1,1885.0,118.5,-322.0,-230.30000000000018,0,0
2017-11-20,-1803.0,-1665.4,50.8,0.0,0.0,3.2,47.5,2053.0,1590.0,183.8,279.2,336.8,2022.6,1885.0,179.5,-8.5,-80.40000000000009,0,0
2017-11-21,-1910.2,-1656.5,45.4,0.0,0.0,3.3,42.2,2039.9,1590.0,170.6,279.3,337.9,2138.7,1885.0,116.09999999999991,91.99999999999977,3.0,0,0
2017-11-22,-1927.5,-1639.8,45.6,0.0,0.0,2.8,42.9,2023.9,1590.0,154.5,279.4,338.4,2172.7,1885.0,34.0,96.09999999999991,20.299999999999727,0,0
2017-11-23,-1948.8,-1751.1,43.6,0.0,0.0,2.6,41.0,2133.5,1668.0,172.9,292.6,338.8,2082.7,1885.0,-90.0,358.0999999999999,-195.80000000000018,0,0
2017-11-24,-1875.3,-1756.5,44.0,0.0,0.0,1.9,42.1,2141.1,1668.0,180.4,292.7,340.6,2003.8,1885.0,-78.89999999999986,160.70000000000005,63.09999999999991,0,0
2017-11-27,-1702.9,-1738.0,44.5,0.0,0.0,1.6,42.9,2123.0,1668.0,162.1,292.9,340.6,1850.0,1885.0,-153.79999999999995,-172.5999999999999,42.700000000000045,0,0
2017-11-28,-1255.6,-1725.8,47.9,0.0,0.0,1.3,46.5,2114.6,1668.0,153.7,292.9,340.9,1414.8,1885.0,-435.20000000000005,-723.8999999999999,-264.4000000000001,1,0
2017-11-29,-1276.8,-1661.8,97.0,0.0,0.0,51.1,45.9,2099.8,1668.0,138.8,293.0,341.0,1500.0,1885.0,85.20000000000005,-672.6999999999998,-160.79999999999995,0,0
2017-11-30,-1582.8,-1452.7,44.1,0.0,0.0,1.7,42.4,1838.8,1386.3,146.4,306.1,342.0,2015.1,1885.0,515.0999999999999,-67.59999999999991,323.0,0,0
2017-12-01,-1438.9,-1469.8,41.9,0.0,0.0,4.1,37.8,1852.3,1386.3,159.8,306.2,340.6,1854.1,1885.0,-161.0,-149.70000000000005,247.89999999999986,0,0
2017-12-04,-1751.3,-1473.7,33.6,0.0,0.0,3.8,29.7,1845.4,1386.3,152.7,306.4,338.2,2162.6,1885.0,308.5,312.5999999999999,355.39999999999986,0,0
2017-12-05,-1681.4,-1477.8,32.1,0.0,0.0,3.9,28.2,1847.8,1386.3,155.0,306.5,337.9,2088.6,1885.0,-74.0,673.8,258.0,0,0
2017-12-06,-1476.9,-1667.3,154.1,0.0,0.0,118.9,35.3,2158.9,1729.2,123.1,306.6,337.5,1694.6,1885.0,-394.0,194.5999999999999,-553.7000000000003,1,0
2017-12-07,-1776.7,-1600.6,43.3,0.0,0.0,4.6,38.7,1981.0,1535.7,138.7,306.6,337.2,2077.4,1901.3,382.8000000000002,62.30000000000018,-132.79999999999973,0,0
2017-12-08,-1808.2,-1602.0,42.3,0.0,0.0,3.7,38.7,1980.9,1535.7,138.5,306.7,336.6,2107.5,1901.3,30.09999999999991,253.4000000000001,724.8,0,0
2017-12-11,-2373.5,-1602.5,41.3,0.0,0.0,3.0,38.3,1980.2,1535.7,137.6,306.9,336.4,2672.2,1901.3,564.6999999999998,509.5999999999999,595.6999999999998,0,0
2017-12-12,-2447.6,-2187.0,40.5,0.0,0.0,2.3,38.2,2559.9,2114.9,138.0,307.0,332.3,2161.8,1901.3,-510.39999999999964,73.20000000000027,-3.299999999999727,1,1
2017-12-13,-2521.2,-2181.9,51.5,0.0,0.0,1.8,49.7,2559.1,2114.9,137.2,307.0,325.6,2240.5,1901.3,78.69999999999982,545.9000000000001,209.4000000000001,0,0
2017-12-14,-2231.7,-2199.7,55.2,0.0,0.0,2.0,53.2,2588.0,1897.4,365.7,324.9,333.1,1933.2,1901.3,-307.29999999999995,-144.20000000000005,-113.5,1,0
2017-12-15,-2035.9,-1937.1,83.1,0.0,0.0,29.9,53.2,2353.6,1897.4,131.2,325.0,333.4,2000.0,1901.3,66.79999999999995,-107.5,-76.59999999999991,0,0
2017-12-18,-2126.0,-2010.3,57.7,0.0,0.0,1.9,55.9,2402.0,1922.5,154.3,325.2,334.0,2017.0,1901.3,17.0,-655.1999999999998,292.4000000000001,0,0
2017-12-19,-2378.7,-1939.1,46.5,0.0,0.0,1.8,44.7,2319.3,1847.9,146.1,325.3,333.7,2340.8,1901.3,323.8000000000002,179.0,497.7000000000003,0,0
2017-12-20,-2429.6,-1929.3,46.6,0.0,0.0,1.9,44.7,2310.5,1847.9,137.3,325.3,334.6,2401.6,1901.3,60.79999999999973,161.0999999999999,379.0,0,0
2017-12-21,-2198.7,-1858.0,46.4,0.0,0.0,1.6,44.7,2238.7,1741.4,155.6,341.7,334.4,2242.0,1901.3,-159.5999999999999,308.79999999999995,103.30000000000018,0,0
2017-12-22,-2360.8,-1848.3,46.2,0.0,0.0,1.4,44.8,2229.0,1741.4,145.9,341.7,334.5,2413.7,1901.3,171.69999999999982,413.6999999999998,241.0,0,0
2017-12-25,-2309.0,-2005.0,49.0,0.0,0.0,1.4,47.6,2389.9,1880.0,167.9,342.0,335.8,2205.2,1901.3,-208.5,188.19999999999982,122.5,0,0
2017-12-26,-1720.0,-1869.2,52.0,0.0,0.0,0.3,51.8,2258.9,1633.2,283.7,342.0,337.6,1752.0,1901.3,-453.1999999999998,-588.8000000000002,-251.79999999999995,1,0
2017-12-27,-2324.5,-1829.5,47.1,0.0,0.0,1.1,46.1,2214.7,1633.2,239.4,342.1,338.0,2396.2,1901.3,644.1999999999998,-5.400000000000091,546.1999999999998,0,0
2017-12-28,-2380.3,-1854.3,47.1,0.0,0.0,0.8,46.3,2182.5,1593.2,232.8,356.5,281.1,2427.3,1901.3,31.100000000000364,185.30000000000018,1012.5000000000002,0,0
2017-12-29,-2373.9,-2051.1,49.8,0.0,0.0,3.5,46.3,2209.6,1594.9,258.1,356.6,108.7,2224.0,1901.3,-203.30000000000018,-189.69999999999982,724.0,0,0
2018-01-01,-2668.7,-2639.2,9.1,0.0,0.0,3.6,5.5,2729.2,2124.9,246.8,357.4,80.8,1930.7,1901.3,-293.29999999999995,-274.4999999999998,-84.39999999999986,0,0
2018-01-09,-2918.3,-2638.6,9.7,0.0,0.0,4.2,5.5,2729.2,2124.9,246.8,357.4,80.8,2180.9,1901.3,250.20000000000005,428.9000000000001,326.8000000000002,0,0
2018-01-10,-2998.9,-3486.5,10.3,0.0,0.0,4.6,5.7,3746.1,2687.8,700.8,357.5,249.3,1413.6,1901.3,-767.3000000000002,-982.5999999999999,-749.0,1,1
2018-01-11,-2955.4,-2041.2,44.5,0.0,0.0,39.0,5.5,2373.0,1767.2,248.2,357.6,287.3,2821.3,1907.2,1407.7000000000003,394.0,732.7000000000003,0,0
2018-01-12,-2932.7,-2025.2,8.1,0.0,0.0,2.4,5.7,2337.6,1767.2,212.7,357.7,304.2,2814.7,1907.2,-6.600000000000364,590.6999999999998,1120.1,0,0
2018-01-15,-2859.7,-2010.1,34.9,0.0,0.0,29.6,5.3,2358.5,1767.2,233.4,357.9,313.5,2756.7,1907.2,-58.0,825.9999999999998,679.2999999999997,0,0
2018-01-16,-2774.6,-2024.9,36.5,0.0,0.0,31.2,5.3,2376.4,1767.2,251.2,358.0,315.0,2656.8,1907.2,-99.89999999999964,475.9000000000001,549.3000000000002,0,0
2018-01-17,-3002.0,-2030.8,35.6,0.0,0.0,30.3,5.3,2381.3,1767.2,256.1,358.0,314.9,2878.4,1907.2,221.5999999999999,1464.8000000000002,206.20000000000027,0,0
2018-01-18,-2842.1,-2696.1,5.6,0.0,0.0,0.2,5.4,3029.8,2481.9,218.3,329.6,328.1,2053.1,1907.2,-825.3000000000002,-768.2000000000003,-108.70000000000027,1,1
2018-01-19,-2866.1,-2694.6,5.5,0.0,0.0,0.2,5.3,3027.6,2481.9,216.0,329.7,327.6,2078.7,1907.2,25.59999999999991,-736.0,-161.80000000000018,0,0
2018-01-22,-2953.0,-2678.7,5.9,0.0,0.0,0.9,4.9,3012.1,2481.9,200.3,329.9,327.5,2181.4,1907.2,102.70000000000027,-575.2999999999997,248.20000000000005,0,0
2018-01-23,-3041.4,-2713.0,5.5,0.0,0.0,0.5,5.1,3046.1,2481.9,234.2,330.0,327.6,2235.6,1907.2,54.19999999999982,-421.2000000000003,235.5999999999999,0,0
2018-01-24,-3092.7,-2717.8,5.5,0.0,0.0,0.4,5.1,3052.8,2481.9,240.9,330.0,329.4,2282.0,1907.2,46.40000000000009,-596.4000000000001,265.0,0,0
2018-01-25,-2857.5,-2907.8,5.7,0.0,0.0,0.5,5.1,3243.2,2500.0,315.1,428.1,329.7,1856.9,1907.2,-425.0999999999999,-196.19999999999982,-483.9000000000001,1,0
2018-01-26,-2120.6,-2771.0,33.8,0.0,0.0,20.6,13.2,3134.1,2500.0,205.9,428.2,329.3,1256.8,1907.2,-600.1000000000001,-821.8999999999999,-1144.8,1,1
2018-01-29,-2188.3,-2628.7,179.4,0.0,0.0,167.8,11.6,3138.7,2500.0,210.2,428.5,330.6,1466.7,1907.2,209.9000000000001,-714.7,-775.3,0,0
2018-01-30,-2175.1,-2727.9,75.4,0.0,0.0,0.3,75.1,3133.9,2500.0,205.3,428.6,330.6,1354.4,1907.2,-112.29999999999995,-881.1999999999998,-1059.2999999999997,0,0
2018-01-31,-2760.8,-2821.5,5.7,0.0,0.0,0.6,5.1,3157.7,2500.0,229.1,428.6,330.5,1846.5,1907.2,492.0999999999999,-435.5,-358.6999999999998,0,0
2018-02-01,-2827.3,-2828.3,9.0,0.0,0.0,4.0,5.1,3150.7,2444.2,208.4,498.1,313.4,1906.2,1907.2,59.700000000000045,49.299999999999955,154.20000000000005,0,0
2018-02-02,-2846.6,-3325.9,50.2,0.0,0.0,44.9,5.3,3706.7,3054.2,154.3,498.2,330.6,1427.9,1907.2,-478.29999999999995,171.10000000000014,-968.2999999999997,1,0
2018-02-05,-2999.6,-3347.7,30.5,0.0,0.0,25.3,5.1,3708.4,3054.2,155.7,498.5,330.2,1559.1,1907.2,131.19999999999982,92.39999999999986,-868.2000000000003,0,0
2018-02-06,-3133.4,-3557.4,6.7,0.0,0.0,1.6,5.1,3893.7,3144.2,250.9,498.6,329.6,1483.2,1907.2,-75.89999999999986,128.79999999999995,-740.8,0,0
2018-02-07,-3257.3,-3697.7,10.8,0.0,0.0,1.1,9.7,4035.5,3410.5,126.3,498.7,326.9,1466.7,1907.2,-16.5,-379.79999999999995,-464.0,0,0
2018-02-08,-3263.6,-3298.5,9.0,0.0,0.0,1.8,7.2,3637.9,2830.0,205.4,602.5,330.4,1873.6,1908.5,406.89999999999986,-32.600000000000136,-307.3000000000002,0,0
2018-02-09,-3309.2,-3284.9,6.3,0.0,0.0,1.2,5.1,3615.9,2830.0,183.3,602.6,324.7,1932.8,1908.5,59.200000000000045,504.89999999999986,519.2,0,0
2018-02-12,-3461.9,-3362.3,6.5,0.0,0.0,1.4,5.1,3699.6,2830.0,266.6,603.0,330.8,2008.1,1908.5,75.29999999999995,449.0,-813.2000000000003,0,0
2018-02-13,-3539.0,-3341.2,6.1,0.0,0.0,1.0,5.1,3674.3,2830.0,241.2,603.1,327.0,2106.3,1908.5,98.20000000000027,623.1000000000001,-708.3999999999996,0,0
2018-02-14,-3514.7,-3305.7,35.9,0.0,0.0,30.8,5.1,3668.5,2830.0,235.3,603.2,326.9,2117.5,1908.5,11.199999999999818,650.8,-639.1999999999998,0,0
2018-02-15,-3271.5,-3545.7,5.4,0.0,0.0,0.3,5.1,3877.9,3054.4,167.6,655.9,326.8,1634.3,1908.5,-483.20000000000005,-239.29999999999995,-1022.5000000000002,1,0
2018-02-16,-3168.4,-3527.0,9.2,0.0,0.0,0.4,8.8,3862.9,3054.4,152.5,656.1,326.7,1549.9,1908.5,-84.39999999999986,-382.89999999999986,-1328.5,0,0
2018-02-19,-3248.3,-3546.3,5.9,0.0,0.0,0.8,5.1,3879.0,3054.4,168.1,656.5,326.8,1610.5,1908.5,60.59999999999991,-397.5999999999999,-442.5999999999999,0,0
2018-02-20,-3336.5,-3556.1,5.9,0.0,0.0,0.8,5.1,3889.2,3054.4,178.2,656.6,327.2,1688.9,1908.5,78.40000000000009,-417.4000000000001,-389.7999999999997,0,0
2018-02-21,-3440.4,-3544.2,7.1,0.0,0.0,2.1,5.1,3878.5,3054.4,167.4,656.7,327.2,1804.7,1908.5,115.79999999999995,-312.79999999999995,-376.70000000000005,0,0
2018-02-22,-3403.5,-2834.7,32.7,0.0,0.0,2.7,30.1,3193.3,2373.5,149.6,670.2,325.8,2477.3,1908.5,672.6000000000001,843.0000000000002,241.70000000000027,0,0
2018-02-26,-3461.0,-2857.8,9.1,0.0,0.0,4.0,5.1,3192.7,2373.5,148.4,670.8,325.8,2511.6,1908.5,34.29999999999973,961.6999999999998,229.5999999999999,0,0
2018-02-27,-2817.3,-2612.1,82.6,0.0,0.0,2.5,80.2,3021.6,2181.3,169.4,670.9,326.9,2113.7,1908.5,-397.9000000000001,503.1999999999998,256.7999999999997,1,0
2018-02-28,-3041.5,-2685.0,11.8,0.0,0.0,2.5,9.3,3023.7,2181.3,171.4,671.0,327.0,2265.0,1908.5,151.30000000000018,576.0999999999999,1008.2,0,0
2018-03-01,-2723.5,-2818.8,7.6,0.0,0.0,2.5,5.1,3152.9,2279.1,166.8,707.0,326.5,1813.2,1908.5,-451.79999999999995,8.5,346.5,1,0
2018-03-02,-2897.2,-2789.3,7.4,0.0,0.0,2.3,5.1,3123.2,2279.1,137.0,707.1,326.5,2016.4,1908.5,203.20000000000005,-460.9000000000001,662.0,0,0
2018-03-05,-3040.5,-2794.5,85.4,0.0,0.0,75.2,10.2,3206.5,2358.8,140.2,707.5,326.6,2154.4,1908.5,138.0,-357.1999999999998,307.9000000000001,0,0
2018-03-06,-3132.8,-3288.3,7.7,0.0,0.0,2.6,5.1,3620.1,2578.8,333.6,707.7,324.1,1753.0,1908.5,-401.4000000000001,-360.6999999999998,-153.20000000000005,1,0
2018-03-07,-3140.7,-3529.0,9.5,0.0,0.0,3.0,6.5,3857.7,2915.4,234.5,707.8,319.1,1520.1,1908.5,-232.9000000000001,-744.9000000000001,92.19999999999982,0,0
2018-03-12,-3269.2,-2868.5,8.6,0.0,0.0,3.5,5.1,3201.2,2290.0,146.9,764.3,324.1,2330.2,1929.5,810.0999999999999,516.9999999999998,771.0999999999999,0,0
2018-03-13,-3487.1,-3321.8,36.6,0.0,0.0,31.5,5.1,3682.5,2801.8,115.8,764.9,324.1,2094.8,1929.5,-235.39999999999964,78.40000000000009,611.6000000000001,0,0
2018-03-14,-3525.4,-3538.6,9.9,0.0,0.0,4.8,5.1,3872.9,2998.0,109.8,765.1,324.4,1916.3,1929.5,-178.50000000000023,-238.10000000000014,449.5999999999999,0,0
2018-03-15,-3472.6,-3359.9,10.1,0.0,0.0,4.8,5.3,3694.3,2861.3,137.3,695.7,324.3,2042.2,1929.5,125.90000000000009,289.20000000000005,168.60000000000014,0,0
2018-03-16,-3930.1,-3356.8,10.2,0.0,0.0,5.1,5.1,3691.8,2861.3,134.6,695.9,324.8,2502.8,1929.5,460.60000000000014,982.7000000000003,570.0000000000002,0,0
2018-03-19,-4008.8,-4009.4,10.5,0.0,0.0,5.3,5.2,4345.0,3497.8,150.9,696.3,325.1,1928.9,1929.5,-573.9000000000001,-401.2999999999997,-79.19999999999982,1,1
2018-03-20,-4019.9,-4015.9,10.7,0.0,0.0,5.6,5.2,4346.6,3497.8,152.4,696.4,320.0,1933.5,1929.5,4.599999999999909,-161.30000000000018,-172.80000000000018,0,0
2018-03-21,-4098.7,-4024.1,10.2,0.0,0.0,5.1,5.1,4354.4,3497.8,160.0,696.6,320.1,2004.1,1929.5,70.59999999999991,87.79999999999995,-113.40000000000009,0,0
2018-03-22,-4139.8,-4113.8,10.6,0.0,0.0,5.5,5.1,4444.5,3182.4,137.5,1124.6,320.1,1955.5,1929.5,-48.59999999999991,-86.70000000000005,321.20000000000005,0,0
2018-03-23,-3946.9,-4099.0,10.4,0.0,0.0,5.3,5.1,4429.5,3182.4,122.3,1124.8,320.1,1777.4,1929.5,-178.0999999999999,-725.4000000000001,227.5,0,0
2018-03-26,-3868.6,-3551.6,11.3,0.0,0.0,6.2,5.1,3882.9,2599.6,157.8,1125.5,320.0,2246.5,1929.5,469.0999999999999,317.5999999999999,636.0,0,0
2018-03-27,-3310.8,-3586.7,10.6,0.0,0.0,5.5,5.1,3917.3,2599.6,192.0,1125.7,320.0,1653.6,1929.5,-592.9000000000001,-279.9000000000001,-35.30000000000018,1,1
2018-03-28,-3378.3,-3528.9,10.6,0.0,0.0,5.5,5.1,3859.6,2599.6,134.1,1125.9,320.1,1778.9,1929.5,125.30000000000018,-225.19999999999982,-25.799999999999955,0,0
2018-03-29,-2979.0,-2956.3,10.6,0.0,0.0,5.5,5.1,3287.3,1970.6,178.5,1138.2,320.4,1952.2,1929.5,173.29999999999995,-3.2999999999999545,-525.1000000000001,0,0
2018-03-30,-3148.1,-2941.4,15.0,0.0,0.0,6.2,8.8,3276.5,1970.6,167.5,1138.4,320.0,2136.2,1929.5,183.99999999999977,358.7999999999997,-375.4000000000001,0,0
2018-04-02,-3461.1,-3566.9,37.4,0.0,0.0,6.5,30.9,3924.3,2520.6,264.6,1139.1,320.0,1823.7,1929.5,-312.4999999999998,-422.79999999999995,-289.9999999999998,1,0
2018-04-03,-3740.1,-3488.2,11.1,0.0,0.0,6.0,5.1,3819.0,2520.6,159.1,1139.3,319.7,2181.4,1929.5,357.70000000000005,527.8000000000002,-83.59999999999991,0,0
2018-04-04,-3747.8,-3489.3,10.9,0.0,0.0,5.8,5.1,3819.1,2520.6,159.0,1139.5,318.9,2188.0,1929.5,6.599999999999909,409.0999999999999,374.79999999999995,0,0
2018-04-05,-3595.8,-3564.8,11.2,0.0,0.0,6.1,5.1,3894.8,2517.0,166.4,1211.4,318.8,1960.6,1929.5,-227.4000000000001,8.399999999999864,-55.80000000000018,0,0
2018-04-06,-3665.6,-3836.3,19.7,0.0,0.0,6.2,13.5,4174.1,2817.0,145.5,1211.6,318.1,1758.8,1929.5,-201.79999999999995,-377.39999999999986,-395.60000000000014,0,0
2018-04-09,-3832.6,-3838.9,12.3,0.0,0.0,6.1,6.1,4169.0,2817.0,139.7,1212.3,317.8,1923.2,1929.5,164.4000000000001,99.5,170.20000000000005,0,0
2018-04-10,-3868.2,-4038.9,11.1,0.0,0.0,6.0,5.1,4367.9,3017.0,138.3,1212.6,317.9,1758.8,1929.5,-164.4000000000001,-422.60000000000014,238.70000000000005,0,0
2018-04-11,-3919.9,-3987.4,50.4,0.0,0.0,7.2,43.2,4351.3,3012.5,126.0,1212.8,313.5,1862.0,1929.5,103.20000000000005,-326.0,-468.1999999999998,0,0
2018-04-12,-3923.6,-3694.4,12.4,0.0,0.0,7.3,5.1,4025.6,2664.9,147.6,1213.1,318.8,2165.5,1936.3,303.5,204.9000000000001,70.69999999999982,0,0
2018-04-13,-3973.5,-3709.3,12.9,0.0,0.0,7.8,5.1,4040.9,2664.9,162.7,1213.3,318.7,2200.5,1936.3,35.0,441.70000000000005,284.20000000000005,0,0
2018-04-16,-3898.1,-3700.1,13.8,0.0,0.0,8.0,5.8,4032.2,2664.9,153.3,1214.0,318.3,2134.3,1936.3,-66.19999999999982,211.10000000000014,92.10000000000014,0,0
2018-04-17,-3735.4,-3691.9,14.1,0.0,0.0,8.1,6.0,4022.4,2664.9,143.3,1214.2,316.4,1979.8,1936.3,-154.50000000000023,221.0,-523.0000000000002,0,0
2018-04-18,-3837.5,-3705.8,13.4,0.0,0.0,7.4,6.0,4032.8,2664.9,153.4,1214.5,313.6,2068.0,1936.3,88.20000000000005,206.0,139.0999999999999,0,0
2018-04-19,-3936.9,-3640.3,13.2,0.0,0.0,6.3,6.9,3966.7,2815.9,126.7,1024.1,313.2,2232.9,1936.3,164.9000000000001,67.40000000000009,299.4000000000001,0,0
2018-04-20,-4004.2,-3647.6,11.6,0.0,0.0,5.6,6.0,3971.5,2815.9,131.3,1024.3,312.4,2292.9,1936.3,60.0,92.40000000000009,288.8000000000002,0,0
2018-04-23,-4140.6,-3706.2,20.2,0.0,0.0,5.6,14.5,4038.5,2872.3,141.3,1024.9,312.1,2370.7,1936.3,77.79999999999973,236.39999999999964,415.1999999999998,0,0
2018-04-24,-3992.9,-3732.6,12.4,0.0,0.0,5.6,6.8,4057.9,2872.3,160.5,1025.1,312.8,2196.6,1936.3,-174.0999999999999,216.79999999999995,419.1999999999998,0,0
2018-04-25,-3896.1,-3749.8,12.2,0.0,0.0,5.2,6.9,4074.2,2872.3,176.6,1025.3,312.2,2082.6,1936.3,-114.0,14.599999999999909,-163.9000000000001,0,0
2018-04-26,-3223.7,-3387.6,12.6,0.0,0.0,5.8,6.7,3712.8,2499.8,160.6,1052.4,312.6,1772.4,1936.3,-310.1999999999998,-460.5,118.80000000000018,1,0
2018-04-27,-3324.5,-3384.8,14.8,0.0,0.0,7.1,7.7,3713.5,2499.8,161.1,1052.6,313.8,1876.0,1936.3,103.59999999999991,-416.9000000000001,97.09999999999991,0,0
2018-04-28,-3270.1,-3401.4,15.7,0.0,0.0,7.1,8.5,3731.3,2499.8,178.7,1052.8,314.3,1805.0,1936.3,-71.0,-565.6999999999998,-147.20000000000005,0,0
2018-05-03,-3407.6,-3481.3,16.1,0.0,0.0,8.4,7.7,3811.6,2499.8,258.1,1053.8,314.2,1862.6,1936.3,57.59999999999991,-334.0,-273.5999999999999,0,0
2018-05-04,-3652.7,-3477.1,16.1,0.0,0.0,7.9,8.2,3807.5,2574.9,178.5,1054.0,314.3,2111.9,1936.3,249.30000000000018,29.300000000000182,288.20000000000005,0,0
2018-05-07,-3763.7,-3489.6,12.5,0.0,0.0,5.7,6.8,3813.7,2574.9,184.1,1054.7,311.6,2210.4,1936.3,98.5,438.0,29.0,0,0
2018-05-08,-3776.4,-4206.9,11.2,0.0,0.0,5.4,5.8,4529.8,3287.6,187.3,1054.9,311.7,1505.8,1936.3,-704.6000000000001,-370.20000000000005,-682.2,1,1
2018-05-10,-3956.8,-4545.2,10.9,0.0,0.0,5.8,5.1,4814.1,3287.6,471.2,1055.3,258.0,1404.0,1992.4,-101.79999999999995,-401.0,-556.5999999999999,0,0
2018-05-11,-4025.0,-3721.5,17.2,0.0,0.0,5.9,11.3,4049.0,2799.6,176.0,1073.5,310.4,2295.9,1992.4,891.9000000000001,433.3000000000002,537.1000000000001,0,0
2018-05-14,-4056.7,-3728.9,11.7,0.0,0.0,6.3,5.4,4048.2,2799.6,174.5,1074.1,307.6,2320.2,1992.4,24.299999999999727,208.29999999999973,396.9999999999998,0,0
2018-05-15,-4014.3,-4057.1,12.3,0.0,0.0,6.3,6.1,4376.7,3149.6,152.8,1074.3,307.2,1949.5,1992.4,-370.6999999999998,-260.9000000000001,190.70000000000005,1,0
2018-05-16,-4021.1,-4047.7,12.3,0.0,0.0,6.3,6.1,4367.7,3149.6,143.5,1074.6,307.6,1965.8,1992.4,16.299999999999955,460.0,103.79999999999995,0,0
2018-05-17,-4148.9,-4111.3,57.9,0.0,0.0,51.8,6.1,4478.0,3220.0,150.1,1107.9,308.9,2030.0,1992.4,64.20000000000005,626.0,-135.5,0,0
2018-05-18,-4123.5,-4133.9,11.8,0.0,0.0,5.7,6.1,4454.4,3220.0,126.3,1108.1,308.7,1982.0,1992.4,-48.0,-313.9000000000001,-218.5,0,0
2018-05-21,-4217.4,-4148.3,12.8,0.0,0.0,5.7,7.1,4469.8,3220.0,141.0,1108.8,308.7,2061.5,1992.4,79.5,-258.6999999999998,-72.80000000000018,0,0
2018-05-22,-4279.0,-4146.3,12.9,0.0,0.0,5.8,7.1,4467.9,3220.0,138.9,1109.0,308.7,2125.1,1992.4,63.59999999999991,175.5999999999999,145.29999999999995,0,0
2018-05-23,-4363.8,-4152.5,10.7,0.0,0.0,5.5,5.2,4471.8,3220.0,142.6,1109.2,308.6,2203.7,1992.4,78.59999999999991,237.89999999999986,135.69999999999982,0,0
2018-05-24,-4460.1,-4173.4,10.2,0.0,0.0,5.1,5.1,4493.5,3155.6,199.0,1138.9,309.9,2279.1,1992.4,75.40000000000009,249.0999999999999,46.19999999999982,0,0
2018-05-25,-4368.5,-4145.8,12.0,0.0,0.0,4.9,7.1,4467.9,3155.6,173.2,1139.1,310.1,2215.1,1992.4,-64.0,233.0999999999999,-77.80000000000018,0,0
2018-05-28,-3708.9,-3626.1,9.6,0.0,0.0,4.6,5.1,3946.7,2649.3,157.6,1139.8,310.9,2075.2,1992.4,-139.9000000000001,13.699999999999818,-295.5,0,0
2018-05-29,-3506.6,-3654.3,9.6,0.0,0.0,4.5,5.1,3976.8,2649.3,187.5,1140.0,312.9,1844.7,1992.4,-230.49999999999977,-280.39999999999986,-351.89999999999986,0,0
2018-05-30,-3647.1,-3620.8,9.5,0.0,0.0,4.5,5.1,3942.0,2649.3,152.5,1140.2,311.7,2018.7,1992.4,174.0,-184.99999999999977,-63.899999999999864,0,0
2018-05-31,-3690.2,-3607.5,38.7,0.0,0.0,21.1,17.6,3957.6,2608.2,132.8,1216.6,311.4,2075.1,1992.4,56.399999999999864,-204.0,302.6999999999998,0,0
2018-06-01,-3754.9,-3644.7,13.1,0.0,0.0,5.1,8.0,3969.8,2608.2,144.8,1216.8,312.0,2102.6,1992.4,27.5,-112.5,226.5999999999999,0,0
2018-06-04,-4002.5,-3657.5,9.7,0.0,0.0,4.3,5.4,3978.9,2608.2,153.2,1217.5,311.7,2337.4,1992.4,234.80000000000018,262.2000000000003,532.4000000000001,0,0
2018-06-05,-3920.4,-4268.1,9.6,0.0,0.0,4.2,5.5,4589.3,3161.0,210.5,1217.8,311.6,1644.7,1992.4,-692.7,-200.0,-217.89999999999986,1,1
2018-06-06,-4013.3,-4528.0,27.6,0.0,0.0,4.3,23.4,4867.0,3359.1,289.9,1218.0,311.3,1477.7,1992.4,-167.0,-541.0,-634.2,0,0
2018-06-07,-4028.2,-3904.8,11.3,0.0,0.0,5.6,5.7,4215.0,2626.7,164.6,1423.7,298.9,2139.6,2016.1,661.8999999999999,64.5,-70.80000000000018,0,0
2018-06-08,-4063.3,-3886.5,10.0,0.0,0.0,4.6,5.4,4207.2,2626.7,156.5,1424.0,310.7,2192.9,2016.1,53.30000000000018,90.30000000000018,687.1000000000001,0,0
2018-06-09,-4087.5,-3937.2,10.3,0.0,0.0,4.9,5.4,4258.3,2626.7,207.3,1424.2,310.7,2166.4,2016.1,-26.5,-171.0,762.4000000000001,0,0
2018-06-13,-4154.8,-3910.2,11.0,0.0,0.0,5.6,5.4,4231.9,2626.7,179.8,1425.4,310.6,2260.7,2016.1,94.29999999999973,615.9999999999998,-35.20000000000027,0,0
2018-06-14,-4099.7,-3885.6,7.8,0.0,0.0,2.4,5.4,4203.9,3031.0,148.1,1024.8,310.5,2230.2,2016.1,-30.5,752.4999999999998,-90.0,0,0
2018-06-15,-4000.5,-3884.3,8.6,0.0,0.0,3.2,5.4,4203.3,3031.0,147.3,1025.0,310.4,2132.4,2016.1,-97.79999999999973,-7.199999999999818,182.9000000000001,0,0
2018-06-18,-3920.6,-3886.3,8.1,0.0,0.0,2.7,5.4,4203.5,3031.0,146.9,1025.6,309.1,2050.5,2016.1,-81.90000000000009,-142.4000000000001,84.70000000000005,0,0
2018-06-19,-3921.8,-3980.5,8.2,0.0,0.0,2.8,5.4,4290.3,3067.2,197.3,1025.8,301.6,1957.4,2016.1,-93.09999999999991,-209.0,-72.59999999999991,0,0
2018-06-20,-3980.7,-3953.5,9.3,0.0,0.0,3.9,5.4,4272.1,3067.2,178.9,1026.0,309.4,2043.4,2016.1,86.0,-217.29999999999973,61.40000000000009,0,0
2018-06-21,-4138.5,-3898.4,10.4,0.0,0.0,5.0,5.4,4202.1,2870.9,218.0,1113.2,293.3,2256.2,2016.1,212.79999999999973,26.0,194.69999999999982,0,0
2018-06-22,-4176.7,-3856.5,9.3,0.0,0.0,3.9,5.4,4175.1,2870.9,190.8,1113.4,309.3,2336.3,2016.1,80.10000000000036,203.9000000000001,211.20000000000027,0,0
2018-06-25,-4375.2,-3854.4,9.3,0.0,0.0,3.7,5.6,4172.7,2870.9,187.7,1114.1,309.0,2536.9,2016.1,200.5999999999999,486.4000000000001,333.2000000000003,0,0
2018-06-26,-3596.6,-3838.2,21.6,0.0,0.0,3.4,18.3,4169.1,2870.9,183.9,1114.3,309.3,1774.6,2016.1,-762.3000000000002,-182.80000000000018,-504.5,1,1
2018-06-27,-3733.9,-3865.2,7.6,0.0,0.0,2.2,5.4,4181.9,2870.9,196.5,1114.5,309.0,1884.8,2016.1,110.20000000000005,-158.60000000000014,-330.29999999999995,0,0
2018-06-28,-3815.1,-3369.6,7.6,0.0,0.0,2.2,5.4,3686.9,2389.1,175.7,1122.1,309.7,2461.7,2016.1,576.8999999999999,205.5,386.5,0,0
2018-06-29,-3866.5,-3408.3,7.7,0.0,0.0,2.3,5.4,3726.2,2389.1,214.8,1122.3,310.2,2474.3,2016.1,12.600000000000364,138.0,629.6000000000001,0,0
2018-07-02,-3851.5,-3522.0,22.3,0.0,0.0,2.4,20.0,3841.2,2389.1,329.1,1123.0,296.9,2345.6,2016.1,-128.70000000000027,-191.30000000000018,326.89999999999986,0,0
2018-07-03,-3815.4,-3441.2,11.6,0.0,0.0,2.2,9.4,3758.9,2389.1,246.6,1123.2,306.1,2390.3,2016.1,44.70000000000027,615.7000000000003,315.2000000000003,0,0
2018-07-04,-3820.1,-3478.3,7.7,0.0,0.0,2.2,5.5,3792.1,2389.1,279.6,1123.4,306.1,2357.9,2016.1,-32.40000000000009,473.10000000000014,255.30000000000018,0,0
2018-07-05,-3856.7,-4212.8,14.1,0.0,0.0,2.2,11.9,4533.9,3081.2,202.5,1250.2,307.0,1660.0,2016.1,-697.9000000000001,-801.6999999999998,-677.4000000000001,1,1
2018-07-06,-3905.8,-4229.3,13.0,0.0,0.0,2.0,11.0,4546.3,3081.2,214.7,1250.4,304.0,1692.6,2016.1,32.59999999999991,-781.7000000000003,47.899999999999864,0,0
2018-07-09,-3993.3,-4273.7,8.6,0.0,0.0,2.1,6.5,4589.6,3153.9,184.5,1251.2,307.3,1735.7,2016.1,43.100000000000136,-609.8999999999999,258.0,0,0
2018-07-10,-4095.1,-4722.0,7.3,0.0,0.0,1.9,5.4,5037.7,3522.7,263.6,1251.4,308.3,1389.2,2016.1,-346.5,-1001.1000000000001,-750.3999999999999,1,0
2018-07-11,-4002.9,-4936.7,13.8,0.0,0.0,3.6,10.2,5258.8,3625.6,381.5,1251.7,308.3,1082.4,2016.1,-306.79999999999995,-1275.5,-1110.5,1,0
2018-07-12,-4356.7,-4135.8,10.0,0.0,0.0,3.9,6.1,4453.4,2869.6,208.6,1375.2,307.6,2244.7,2023.8,1162.2999999999997,584.6999999999998,78.29999999999973,0,0
2018-07-13,-4333.3,-4119.4,9.5,0.0,0.0,3.8,5.7,4436.4,2869.6,191.3,1375.5,307.5,2237.7,2023.8,-7.0,545.0999999999999,-23.0,0,0
2018-07-16,-4307.4,-4115.6,9.3,0.0,0.0,3.9,5.4,4418.4,2869.6,172.5,1376.3,293.5,2215.6,2023.8,-22.09999999999991,479.89999999999986,-14.599999999999909,0,0
2018-07-17,-4298.5,-4095.9,45.6,0.0,0.0,40.2,5.4,4446.4,2869.6,200.2,1376.6,304.9,2226.4,2023.8,10.800000000000182,837.2,94.0,0,0
2018-07-18,-4298.0,-4128.2,8.8,0.0,0.0,3.4,5.4,4442.0,2869.6,195.6,1376.8,305.0,2193.6,2023.8,-32.80000000000018,1111.1999999999998,143.0999999999999,0,0
2018-07-19,-4139.4,-3595.3,42.0,0.0,0.0,36.4,5.5,3941.6,2377.4,182.7,1381.5,304.3,2567.8,2023.8,374.2000000000003,323.10000000000036,610.4000000000001,0,0
2018-07-20,-4018.3,-3612.5,9.3,0.0,0.0,3.9,5.4,3925.7,2377.4,166.5,1381.8,303.9,2429.6,2023.8,-138.20000000000027,191.9000000000001,386.1999999999998,0,0
2018-07-23,-4040.8,-3632.8,9.8,0.0,0.0,4.4,5.4,3945.6,2377.4,185.7,1382.6,303.1,2431.8,2023.8,2.200000000000273,216.20000000000027,175.60000000000036,0,0
2018-07-24,-4078.7,-3671.8,8.9,0.0,0.0,3.5,5.4,3978.7,2377.4,218.4,1382.9,298.0,2430.7,2023.8,-1.1000000000003638,204.29999999999973,94.39999999999964,0,0
2018-07-25,-3962.8,-3714.5,8.9,0.0,0.0,3.5,5.4,3998.6,2377.4,238.1,1383.1,275.3,2272.1,2023.8,-158.5999999999999,78.5,-264.8000000000002,0,0
2018-07-26,-3060.4,-3512.9,267.9,0.0,0.0,150.7,117.3,4085.0,2290.0,340.6,1454.4,304.1,1571.2,2023.8,-700.8999999999999,-996.6000000000001,-203.39999999999986,1,1
2018-07-27,-3089.5,-3608.9,11.6,0.0,0.0,3.3,8.2,3925.2,2290.0,180.5,1454.7,304.7,1504.4,2023.8,-66.79999999999995,-925.1999999999998,-380.39999999999986,0,0
2018-07-30,-3183.9,-3478.0,133.4,0.0,0.0,38.9,94.5,3915.4,2290.0,169.9,1455.5,304.0,1729.7,2023.8,225.29999999999995,-702.1000000000001,-731.9999999999998,0,0
2018-07-31,-3389.9,-3524.1,143.6,0.0,0.0,12.7,130.9,3973.0,2290.0,227.2,1455.8,305.3,1889.6,2023.8,159.89999999999986,-541.0999999999999,-584.7000000000003,0,0
2018-08-01,-3306.7,-3444.4,213.0,0.0,0.0,4.3,208.7,3962.8,2290.0,216.7,1456.1,305.4,1886.1,2023.8,-3.5,-386.0,-459.5,0,0
2018-08-02,-3502.4,-2925.2,160.2,0.0,0.0,3.2,157.0,3391.3,1733.4,188.8,1469.1,305.9,2601.0,2023.8,714.9000000000001,1029.8,210.69999999999982,0,0
2018-08-03,-3435.3,-3344.4,89.5,0.0,0.0,2.6,86.9,3735.0,2072.6,193.0,1469.4,301.2,2114.7,2023.8,-486.3000000000002,610.2999999999997,-243.20000000000027,1,0
2018-08-06,-3720.0,-3478.3,58.2,0.0,0.0,1.6,56.6,3834.4,2072.6,291.5,1470.3,298.0,2265.5,2023.8,150.80000000000018,535.8,605.5,0,0
2018-08-07,-3772.0,-4384.8,49.3,0.0,0.0,2.7,46.6,4732.6,2855.1,406.9,1470.6,298.5,1411.0,2023.8,-854.5,-478.5999999999999,-281.5999999999999,1,1
2018-08-08,-3916.2,-4486.4,44.6,0.0,0.0,3.0,41.6,4829.7,2931.1,427.7,1470.9,298.6,1453.5,2023.8,42.5,-432.5999999999999,-282.20000000000005,0,0
2018-08-09,-3974.7,-3963.4,10.4,0.0,0.0,3.8,6.7,4271.8,2502.1,195.6,1574.1,298.0,2036.6,2025.2,583.0999999999999,-564.4000000000001,647.3999999999999,0,0
2018-08-10,-4022.5,-3940.7,11.9,0.0,0.0,5.3,6.6,4250.5,2502.1,174.0,1574.4,298.0,2107.1,2025.2,70.5,-7.599999999999909,1024.6999999999998,0,0
2018-08-13,-4045.3,-3942.9,12.5,0.0,0.0,5.9,6.6,4253.3,2502.1,175.9,1575.3,298.0,2127.6,2025.2,20.5,-137.9000000000001,-117.09999999999991,0,0
2018-08-14,-4055.7,-3951.2,12.2,0.0,0.0,5.7,6.6,4261.1,2502.1,183.4,1575.6,297.6,2129.7,2025.2,2.099999999999909,718.6999999999998,-108.0,0,0
2018-08-15,-3979.8,-3934.0,12.3,0.0,0.0,5.7,6.6,4243.4,2502.1,165.3,1576.0,297.1,2071.0,2025.2,-58.69999999999982,617.5,-144.5999999999999,0,0
2018-08-16,-3885.7,-3516.3,12.5,0.0,0.0,5.5,7.1,3826.0,2510.6,194.0,1121.4,297.1,2394.6,2025.2,323.5999999999999,358.0,168.19999999999982,0,0
2018-08-17,-3850.9,-3536.9,12.1,0.0,0.0,5.0,7.1,3846.1,2510.6,213.9,1121.6,297.1,2339.3,2025.2,-55.29999999999973,232.20000000000027,145.70000000000027,0,0
2018-08-20,-3918.1,-3543.0,10.9,0.0,0.0,3.8,7.1,3848.5,2510.6,215.6,1122.3,294.6,2400.4,2025.2,61.09999999999991,272.8000000000002,-167.4000000000001,0,0
2018-08-21,-4019.2,-3606.3,10.8,0.0,0.0,3.7,7.1,3911.8,2510.6,278.7,1122.5,294.7,2438.2,2025.2,37.79999999999973,308.5,8.599999999999909,0,0
2018-08-22,-4096.6,-3595.4,11.5,0.0,0.0,3.8,7.8,3901.7,2510.6,268.4,1122.7,294.7,2526.4,2025.2,88.20000000000027,455.4000000000001,94.59999999999991,0,0
2018-08-23,-4133.1,-3837.5,10.5,0.0,0.0,2.7,7.8,4143.0,2515.1,256.4,1371.5,295.0,2320.8,2025.2,-205.5999999999999,-73.79999999999973,-109.89999999999964,0,0
2018-08-24,-4061.6,-3854.9,11.9,0.0,0.0,4.1,7.8,4161.9,2515.1,275.0,1371.8,295.1,2231.9,2025.2,-88.90000000000009,-107.40000000000009,-40.19999999999982,0,0
2018-08-27,-3707.8,-3771.8,32.2,0.0,0.0,3.6,28.7,4100.2,2515.1,212.5,1372.6,296.2,1961.3,2025.2,-270.60000000000014,-439.10000000000014,390.0999999999999,0,0
2018-08-28,-3103.2,-3594.3,188.6,0.0,0.0,8.9,179.6,4071.5,2515.1,183.6,1372.8,288.6,1534.1,2025.2,-427.20000000000005,-904.0999999999999,29.699999999999818,1,0
2018-08-29,-3210.7,-3628.4,162.0,0.0,0.0,2.9,159.1,4079.2,2515.1,191.0,1373.1,288.8,1607.5,2025.2,73.40000000000009,-918.9000000000001,-122.20000000000005,0,0
2018-08-30,-3301.2,-3303.6,118.8,0.0,0.0,3.3,115.5,3710.7,2066.2,229.4,1415.1,288.3,2022.8,2025.2,415.29999999999995,-298.0000000000002,133.20000000000005,0,0
2018-08-31,-3614.4,-3314.9,117.5,0.0,0.0,3.3,114.2,3720.2,2066.2,238.6,1415.4,287.8,2324.7,2025.2,301.89999999999986,92.79999999999973,438.5999999999999,0,0
2018-09-03,-3293.4,-3423.9,27.2,0.0,0.0,3.3,24.0,3744.2,2066.2,261.8,1416.2,293.0,1894.7,2025.2,-429.9999999999998,-66.59999999999991,-706.3,1,0
2018-09-04,-3649.7,-3672.8,81.9,0.0,0.0,3.3,78.6,4048.8,2422.2,210.1,1416.5,294.1,2002.1,2025.2,107.39999999999986,468.0,-112.59999999999991,0,0
2018-09-05,-3706.4,-4161.1,15.9,0.0,0.0,2.9,13.0,4290.2,2460.0,413.4,1416.8,113.2,1570.5,2025.2,-431.5999999999999,-37.0,-695.0,1,0
2018-09-06,-3602.9,-3143.9,511.7,0.0,0.0,3.2,508.5,3840.4,2139.2,237.6,1463.6,184.8,2626.8,2167.8,1056.3000000000002,604.0000000000002,1215.8000000000002,0,0
2018-09-07,-3313.2,-3048.6,583.1,0.0,0.0,34.6,548.5,3834.8,2139.2,231.7,1463.9,203.1,2432.4,2167.8,-194.4000000000001,107.70000000000027,978.9000000000001,0,0
2018-09-10,-3319.8,-3068.5,517.7,0.0,0.0,26.3,491.4,3835.0,2139.2,231.0,1464.8,248.9,2419.2,2167.8,-13.200000000000273,524.4999999999998,382.5999999999999,0,0
2018-09-11,-3376.4,-3099.0,464.3,0.0,0.0,16.3,448.0,3856.8,2139.2,252.5,1465.1,293.5,2445.2,2167.8,26.0,443.0999999999999,338.0999999999999,0,0
2018-09-12,-3410.3,-3139.2,433.9,0.0,0.0,5.9,428.0,3866.4,2139.2,261.8,1465.4,293.3,2439.0,2167.8,-6.199999999999818,868.5,311.4000000000001,0,0
2018-09-13,-3411.8,-2842.4,416.9,0.0,0.0,5.9,411.0,3552.6,2192.2,247.2,1113.2,293.3,2737.3,2167.8,298.3000000000002,110.5,607.6000000000004,0,0
2018-09-14,-3385.9,-2953.5,477.0,0.0,0.0,6.1,471.0,3724.0,2418.1,192.5,1113.4,293.4,2600.2,2167.8,-137.10000000000036,167.79999999999973,529.1999999999998,0,0
2018-09-17,-3394.3,-2986.8,428.7,0.0,0.0,5.8,423.0,3708.8,2418.1,176.6,1114.1,293.2,2575.3,2167.8,-24.899999999999636,156.10000000000036,180.70000000000027,0,0
2018-09-18,-3367.5,-2989.3,393.8,0.0,0.0,5.7,388.1,3676.3,2352.6,209.4,1114.3,293.2,2546.1,2167.8,-29.200000000000273,100.90000000000009,206.79999999999973,0,0
2018-09-19,-3361.9,-2993.6,363.4,0.0,0.0,5.8,357.5,3650.2,2352.6,183.1,1114.5,293.2,2536.2,2167.8,-9.900000000000091,97.19999999999982,135.79999999999973,0,0
2018-09-20,-3389.9,-2970.9,353.8,0.0,0.0,6.4,347.4,3616.8,2189.7,244.9,1182.2,292.1,2586.9,2167.8,50.70000000000027,-150.4000000000001,148.70000000000027,0,0
2018-09-21,-3414.9,-3137.8,357.4,0.0,0.0,5.0,352.4,3787.2,2428.2,176.6,1182.4,292.0,2444.9,2167.8,-142.0,-155.29999999999973,-81.5,0,0
2018-09-24,-3541.0,-3249.3,212.1,0.0,0.0,4.7,207.4,3753.6,2428.2,142.3,1183.1,292.1,2459.5,2167.8,14.599999999999909,-115.80000000000018,138.69999999999982,0,0
2018-09-25,-3458.7,-3084.0,212.8,0.0,0.0,4.9,207.9,3588.9,2189.7,215.8,1183.4,292.1,2542.5,2167.8,83.0,-3.599999999999909,310.5999999999999,0,0
2018-09-26,-2659.0,-2811.8,412.4,0.0,0.0,4.8,407.5,3515.6,2189.7,142.3,1183.6,291.5,2015.1,2167.8,-527.4000000000001,-521.0999999999999,53.799999999999955,1,1
2018-09-27,-2741.2,-2700.6,448.1,0.0,0.0,5.3,442.8,3440.9,1761.8,178.2,1500.9,292.2,2208.5,2167.8,193.4000000000001,-378.4000000000001,674.4000000000001,0,0
2018-09-28,-2719.0,-2758.7,402.2,0.0,0.0,4.4,397.8,3453.2,1761.8,190.2,1501.2,292.3,2128.1,2167.8,-80.40000000000009,-316.8000000000002,520.5999999999999,0,0
2018-10-01,-2992.6,-3081.0,388.1,0.0,0.0,10.0,378.2,3762.9,1761.8,499.0,1502.1,293.8,2079.5,2167.8,-48.59999999999991,-380.0,56.700000000000045,0,0
2018-10-02,-2848.9,-3010.8,238.5,0.0,0.0,2.4,236.1,3543.1,1761.8,278.9,1502.4,293.7,2005.9,2167.8,-73.59999999999991,-536.5999999999999,-318.7999999999997,0,0
2018-10-03,-2939.8,-2920.4,218.8,0.0,0.0,2.6,216.1,3430.9,1761.8,166.4,1502.7,291.8,2187.3,2167.8,181.4000000000001,172.20000000000027,292.60000000000014,0,0
2018-10-04,-2923.8,-3480.2,118.8,0.0,0.0,2.7,116.1,3890.7,2072.9,147.3,1670.5,291.7,1611.4,2167.8,-575.9000000000001,-597.0999999999999,-390.6999999999998,1,1
2018-10-05,-2969.1,-3504.9,86.6,0.0,0.0,0.5,86.1,3883.0,2072.9,139.3,1670.8,291.5,1632.0,2167.8,20.59999999999991,-496.0999999999999,61.5,0,0
2018-10-08,-3035.5,-3441.1,147.9,0.0,0.0,17.9,130.0,3880.1,2072.9,135.4,1671.8,291.1,1762.2,2167.8,130.20000000000005,-317.29999999999995,-864.6000000000001,0,0
2018-10-09,-3154.2,-3643.6,279.0,0.0,0.0,17.8,261.1,4213.6,2072.9,468.5,1672.2,291.1,1678.5,2167.8,-83.70000000000005,-327.4000000000001,-753.9000000000001,0,0
2018-10-10,-3110.9,-4307.9,291.7,0.0,0.0,0.6,291.1,4889.9,2702.8,514.6,1672.5,290.2,970.8,2167.8,-707.7,-1216.5000000000002,-1448.3999999999999,1,1
2018-10-11,-3282.0,-2975.2,307.1,0.0,0.0,1.0,306.1,3573.2,1630.0,162.7,1780.5,290.9,2516.9,2210.1,1546.1000000000001,905.5,71.70000000000027,0,0
2018-10-12,-3258.0,-3006.7,266.7,0.0,0.0,1.1,265.6,3556.9,1630.0,146.0,1780.9,283.5,2461.3,2210.1,-55.59999999999991,829.3000000000002,22.300000000000182,0,0
2018-10-15,-3289.5,-2928.8,336.6,0.0,0.0,1.0,335.6,3548.0,1630.0,136.0,1782.0,282.5,2570.7,2210.1,109.39999999999964,808.4999999999998,-166.60000000000036,0,0
2018-10-16,-3112.8,-2826.7,446.6,0.0,0.0,1.0,445.6,3550.9,1630.0,138.6,1782.3,277.6,2496.2,2210.1,-74.5,817.6999999999998,-104.0,0,0
2018-10-17,-3166.0,-2879.8,406.6,0.0,0.0,1.0,405.6,3569.9,1630.0,157.2,1782.7,283.5,2496.3,2210.1,0.1000000000003638,1525.5000000000002,-79.0,0,0
2018-10-18,-3221.8,-2808.8,306.9,0.0,0.0,1.2,305.6,3399.3,1893.0,139.6,1366.7,283.7,2623.1,2210.1,126.79999999999973,106.19999999999982,77.0,0,0
2018-10-19,-3137.6,-2789.3,306.7,0.0,0.0,1.0,305.6,3379.8,1893.0,119.8,1367.0,283.8,2558.3,2210.1,-64.79999999999973,97.0,22.100000000000364,0,0
2018-10-22,-3300.8,-2814.0,306.6,0.0,0.0,1.0,305.6,3402.5,1893.0,141.7,1367.8,281.8,2696.9,2210.1,138.5999999999999,126.20000000000027,110.0,0,0
2018-10-23,-3347.3,-2935.1,187.1,0.0,0.0,1.0,186.1,3402.6,1893.0,141.5,1368.1,280.3,2622.2,2210.1,-74.70000000000027,126.0,177.29999999999973,0,0
2018-10-24,-3370.3,-2913.6,228.6,0.0,0.0,1.0,227.6,3418.3,1893.0,156.9,1368.4,276.1,2666.7,2210.1,44.5,170.39999999999964,207.19999999999982,0,0
2018-10-25,-3352.6,-2673.8,328.4,0.0,0.0,1.3,327.1,3278.2,1660.0,210.1,1408.1,276.0,2888.9,2210.1,222.20000000000027,265.8000000000002,346.4000000000001,0,0
2018-10-26,-2433.6,-2482.1,479.2,0.0,0.0,1.3,477.9,3237.0,1660.0,168.6,1408.4,275.7,2161.6,2210.1,-727.3000000000002,-396.7000000000003,146.5,1,1
2018-10-29,-2532.4,-2430.5,590.1,0.0,0.0,1.9,588.2,3296.7,1660.0,227.4,1409.3,276.1,2311.9,2210.1,150.30000000000018,-385.0,103.40000000000009,0,0
2018-10-30,-2383.8,-2425.9,569.8,0.0,0.0,1.1,568.7,3271.9,1660.0,202.4,1409.5,276.2,2168.0,2210.1,-143.9000000000001,-454.1999999999998,39.90000000000009,0,0
2018-10-31,-2546.7,-2479.7,524.9,0.0,0.0,1.1,523.9,3280.0,1660.0,210.2,1409.8,275.4,2277.1,2210.1,109.09999999999991,-389.5999999999999,197.5999999999999,0,0
2018-11-01,-2744.5,-2877.1,428.7,0.0,0.0,1.1,427.6,3581.3,1950.0,178.8,1452.5,275.5,2077.5,2210.1,-199.5999999999999,-811.4000000000001,71.59999999999991,0,0
2018-11-02,-2763.3,-3004.8,327.9,0.0,0.0,1.3,326.7,3608.1,1950.0,205.4,1452.7,275.3,1968.5,2210.1,-109.0,-193.0999999999999,-218.80000000000018,0,0
2018-11-06,-2775.5,-3609.4,358.4,0.0,0.0,1.7,356.7,4242.9,2580.0,209.0,1453.9,275.1,1376.2,2210.1,-592.3,-935.7,-235.20000000000005,1,1
2018-11-07,-2836.5,-3475.3,417.2,0.0,0.0,10.5,406.7,4167.3,2321.2,391.9,1454.2,274.8,1571.2,2210.1,195.0,-596.8,-60.799999999999955,0,0
2018-11-08,-3010.9,-2815.8,187.6,0.0,0.0,0.9,186.7,3278.3,1602.8,129.5,1546.0,274.9,2395.6,2200.5,824.3999999999999,118.5,633.3999999999999,0,0
2018-11-09,-3145.0,-2856.3,148.9,0.0,0.0,0.9,148.0,3279.8,1602.8,130.7,1546.3,274.6,2489.2,2200.5,93.59999999999991,411.6999999999998,810.6999999999998,0,0
2018-11-12,-3072.5,-2810.9,208.8,0.0,0.0,2.0,206.8,3294.6,1602.8,144.6,1547.2,274.9,2462.1,2200.5,-27.09999999999991,493.5999999999999,1491.3,0,0
2018-11-13,-3161.4,-2860.0,159.2,0.0,0.0,2.5,156.7,3294.1,1602.8,143.8,1547.5,274.9,2501.9,2200.5,39.80000000000018,1125.7,-15.0,0,0
2018-11-14,-3187.9,-2790.3,229.8,0.0,0.0,3.1,226.7,3294.5,1602.8,143.9,1547.8,274.4,2598.1,2200.5,96.19999999999982,1026.8999999999999,136.79999999999973,0,0
2018-11-15,-3084.9,-2577.8,231.6,0.0,0.0,4.9,226.7,3079.2,1692.3,158.4,1228.5,269.8,2707.6,2200.5,109.5,312.0,136.9000000000001,0,0
2018-11-16,-3003.8,-2670.2,122.1,0.0,0.0,4.5,117.6,3062.3,1692.3,141.3,1228.7,270.0,2534.1,2200.5,-173.5,44.90000000000009,37.90000000000009,0,0
2018-11-19,-3014.0,-2621.3,170.7,0.0,0.0,4.0,166.7,3061.9,1692.3,140.1,1229.5,270.0,2593.2,2200.5,59.09999999999991,131.0999999999999,96.89999999999964,0,0
2018-11-20,-3013.9,-2968.8,239.5,0.0,0.0,2.8,236.7,3478.3,2085.3,163.3,1229.7,270.0,2245.6,2200.5,-347.5999999999999,-256.3000000000002,-377.5,1,0
2018-11-21,-3118.2,-3019.5,159.4,0.0,0.0,2.8,156.7,3448.7,2085.3,133.4,1230.0,269.8,2299.2,2200.5,53.59999999999991,-298.9000000000001,-259.10000000000036,0,0
2018-11-22,-3162.0,-3145.7,69.3,0.0,0.0,2.6,66.7,3484.4,1636.0,260.1,1588.3,269.4,2216.8,2200.5,-82.39999999999964,-490.7999999999997,-480.0999999999999,0,0
2018-11-23,-3123.2,-3072.2,79.7,0.0,0.0,2.9,76.8,3421.2,1636.0,196.6,1588.6,269.3,2251.5,2200.5,34.69999999999982,-282.5999999999999,-370.6999999999998,0,0
2018-11-26,-2977.8,-2889.5,199.5,0.0,0.0,2.9,196.7,3357.7,1636.0,132.2,1589.5,268.7,2288.8,2200.5,37.30000000000018,-304.39999999999964,-377.89999999999964,0,0
2018-11-27,-2164.1,-2700.5,390.3,0.0,0.0,3.1,387.3,3359.8,1636.0,133.9,1589.9,269.0,1664.1,2200.5,-624.7000000000003,-581.5,-1224.8000000000002,1,1
2018-11-28,-2455.6,-2698.6,395.9,0.0,0.0,8.2,387.8,3362.7,1636.0,136.5,1590.2,268.2,1957.5,2200.5,293.4000000000001,-341.6999999999998,-204.0999999999999,0,0
2018-11-29,-2506.8,-2492.9,377.5,0.0,0.0,9.2,368.3,3139.0,1358.9,143.4,1636.7,268.6,2214.4,2200.5,256.9000000000001,-2.400000000000091,-97.5,0,0
2018-11-30,-2422.7,-2451.6,417.6,0.0,0.0,9.7,408.0,3137.6,1358.9,141.6,1637.1,268.4,2171.6,2200.5,-42.80000000000018,-79.90000000000009,3.599999999999909,0,0
2018-12-03,-2541.8,-2721.7,354.6,0.0,0.0,17.3,337.3,3337.3,1547.8,151.4,1638.1,260.9,2020.6,2200.5,-151.0,-268.2000000000003,-256.5,0,0
2018-12-04,-2796.2,-3318.8,273.6,0.0,0.0,6.9,266.7,3853.4,2078.8,136.2,1638.4,261.0,1677.9,2200.5,-342.6999999999998,13.800000000000182,-399.5999999999999,1,0
2018-12-05,-2703.1,-3254.8,312.7,0.0,0.0,61.9,250.8,3828.5,1987.0,202.8,1638.7,261.0,1648.8,2200.5,-29.100000000000136,-308.70000000000005,-319.70000000000005,0,0
2018-12-06,-3005.9,-2681.6,249.4,0.0,0.0,2.7,246.7,3191.9,1330.0,154.8,1707.1,260.9,2526.5,2202.2,877.7,312.0999999999999,1150.3,0,0
2018-12-07,-3026.9,-2698.8,229.3,0.0,0.0,2.6,226.7,3188.9,1330.0,151.4,1707.5,260.8,2530.3,2202.2,3.800000000000182,358.7000000000003,959.1000000000001,0,0
2018-12-10,-3093.6,-2779.4,148.5,0.0,0.0,2.3,146.2,3188.3,1330.0,149.8,1708.5,260.5,2516.4,2202.2,-13.900000000000091,495.8000000000002,120.80000000000018,0,0
2018-12-11,-2930.1,-2784.8,158.5,0.0,0.0,2.3,156.2,3203.5,1330.0,164.6,1708.9,260.2,2347.5,2202.2,-168.9000000000001,669.5999999999999,-141.69999999999982,0,0
2018-12-12,-2999.0,-2841.0,98.0,0.0,0.0,1.8,96.2,3193.3,1330.0,154.1,1709.2,254.3,2360.2,2202.2,12.699999999999818,711.3999999999999,-101.90000000000009,0,0
2018-12-13,-2993.9,-2338.0,147.5,0.0,0.0,1.9,145.6,2738.4,1442.7,121.0,1174.7,252.8,2858.1,2202.2,497.9000000000001,331.5999999999999,356.1999999999998,0,0
2018-12-14,-2907.3,-2293.9,187.6,0.0,0.0,2.0,185.6,2735.0,1442.7,117.4,1174.9,253.4,2815.5,2202.2,-42.59999999999991,285.1999999999998,217.4000000000001,0,0
2018-12-17,-2949.5,-2225.4,258.3,0.0,0.0,2.7,255.6,2737.1,1442.7,118.7,1175.7,253.4,2926.3,2202.2,110.80000000000018,409.9000000000001,218.70000000000027,0,0
2018-12-18,-2504.1,-2264.6,248.3,0.0,0.0,2.7,245.6,2766.2,1442.7,147.7,1175.9,253.4,2441.7,2202.2,-484.60000000000036,94.19999999999982,-92.40000000000009,1,0
2018-12-19,-2635.9,-2273.4,219.6,0.0,0.0,3.4,216.2,2746.7,1442.7,127.8,1176.2,253.6,2564.7,2202.2,123.0,204.5,-28.5,0,0
2018-12-20,-2639.5,-2421.8,208.9,0.0,0.0,2.7,206.2,2873.6,1399.2,137.2,1337.2,242.9,2419.9,2202.2,-144.79999999999973,-438.1999999999998,174.30000000000018,0,0
2018-12-21,-2805.3,-2451.9,217.2,0.0,0.0,100.1,117.1,2886.3,1399.2,149.6,1337.5,217.3,2555.6,2202.2,135.69999999999982,-259.9000000000001,256.4000000000001,0,0
2018-12-24,-2913.8,-2586.7,48.7,0.0,0.0,3.0,45.7,2878.7,1399.2,141.1,1338.4,243.4,2529.3,2202.2,-26.299999999999727,-397.0,312.5,0,0
2018-12-25,-2576.1,-2511.9,168.4,0.0,0.0,102.4,66.0,2924.3,1399.2,186.4,1338.7,243.9,2266.4,2202.2,-262.9000000000001,-175.29999999999973,14.900000000000091,0,0
2018-12-26,-2426.9,-2531.7,177.3,0.0,0.0,101.4,76.0,2956.8,1399.2,218.7,1338.9,247.7,2097.4,2202.2,-169.0,-467.2999999999997,-191.4000000000001,0,0
2018-12-27,-2616.3,-2601.8,8.4,0.0,0.0,3.3,5.1,2859.1,1228.5,243.1,1387.5,248.9,2216.6,2202.2,119.19999999999982,-203.30000000000018,552.5,0,0
2018-12-28,-2469.1,-2590.3,8.1,0.0,0.0,3.0,5.1,2849.3,1228.5,233.0,1387.8,250.9,2081.0,2202.2,-135.5999999999999,-474.5999999999999,123.5,0,0
2018-12-29,-2579.9,-2670.8,19.9,0.0,0.0,8.3,11.6,2943.9,1228.5,327.4,1388.0,253.2,2111.3,2202.2,30.300000000000182,-418.0,-103.09999999999991,0,0
2019-01-01,-2711.9,-3015.9,21.0,0.0,0.0,7.8,13.2,3293.0,1478.2,423.8,1391.0,256.1,1898.2,2202.2,-213.10000000000014,-368.20000000000005,-273.39999999999986,0,0
2019-01-09,-2904.8,-2856.0,181.1,0.0,0.0,168.0,13.2,3293.3,1478.2,423.8,1391.3,256.1,2250.9,2202.2,352.70000000000005,153.5,230.30000000000018,0,0
2019-01-10,-2836.3,-2651.8,26.0,0.0,0.0,3.0,23.0,2933.2,1290.8,203.4,1438.9,255.4,2442.5,2258.0,191.5999999999999,225.9000000000001,764.5999999999999,0,0
2019-01-11,-3093.3,-2660.7,7.6,0.0,0.0,2.5,5.1,2921.7,1290.8,191.7,1439.2,253.4,2690.6,2258.0,248.0999999999999,609.5999999999999,1041.8,0,0
2019-01-14,-3146.1,-2637.8,7.6,0.0,0.0,2.5,5.1,2897.8,1290.8,166.9,1440.1,252.4,2766.3,2258.0,75.70000000000027,655.0,239.80000000000018,0,0
2019-01-15,-3068.8,-2641.6,7.6,0.0,0.0,2.5,5.1,2882.1,1290.8,150.8,1440.4,232.9,2685.3,2258.0,-81.0,787.1000000000001,155.0,0,0
2019-01-16,-3186.3,-2646.2,8.5,0.0,0.0,2.5,5.9,2898.3,1290.8,166.8,1440.7,243.7,2798.2,2258.0,112.89999999999964,547.2999999999997,281.7999999999997,0,0
2019-01-17,-2985.1,-2604.3,7.6,0.0,0.0,2.5,5.1,2855.6,1240.1,184.0,1431.5,243.7,2638.8,2258.0,-159.39999999999964,196.30000000000018,291.3000000000002,0,0
2019-01-18,-2914.0,-2576.9,7.4,0.0,0.0,2.3,5.1,2827.8,1240.1,155.8,1431.8,243.4,2595.1,2258.0,-43.70000000000027,-95.5,234.9000000000001,0,0
2019-01-21,-2829.3,-2597.2,7.5,0.0,0.0,2.4,5.1,2848.0,1240.1,175.2,1432.7,243.3,2490.1,2258.0,-105.0,-276.2000000000003,-368.0,0,0
2019-01-22,-2914.0,-2622.5,8.9,0.0,0.0,3.8,5.1,2875.1,1240.1,202.0,1433.0,243.7,2549.5,2258.0,59.40000000000009,-135.80000000000018,-266.0,0,0
2019-01-23,-3092.6,-2562.0,11.6,0.0,0.0,4.1,7.5,2817.0,1240.1,143.6,1433.3,243.4,2788.6,2258.0,239.0999999999999,-9.599999999999909,-137.70000000000027,0,0
2019-01-24,-3124.0,-2408.3,9.2,0.0,0.0,4.1,5.1,2661.4,993.7,154.6,1513.1,243.9,2973.8,2258.0,185.20000000000027,335.0,532.1000000000004,0,0
2019-01-25,-2971.1,-2404.4,9.1,0.0,0.0,4.0,5.1,2657.5,993.7,150.3,1513.5,243.9,2824.7,2258.0,-149.10000000000036,229.5999999999999,260.0,0,0
2019-01-28,-2140.5,-2387.9,7.1,0.0,0.0,2.0,5.1,2638.5,993.7,130.4,1514.4,243.5,2010.6,2258.0,-814.0999999999999,-479.5,-409.3000000000002,1,1
2019-01-29,-2191.1,-2282.7,106.9,0.0,0.0,1.8,105.1,2633.0,993.7,124.6,1514.7,243.4,2166.4,2258.0,155.80000000000018,-383.0999999999999,-389.1999999999998,0,0
2019-01-30,-2447.6,-2337.2,47.3,0.0,0.0,2.2,45.1,2627.9,993.7,119.2,1515.0,243.3,2368.4,2258.0,202.0,-420.1999999999998,-160.9000000000001,0,0
2019-01-31,-2450.2,-2578.3,127.1,0.0,0.0,2.0,125.1,2948.7,1300.2,133.1,1515.4,243.3,2130.0,2258.0,-238.4000000000001,-843.8000000000002,-136.4000000000001,0,0
2019-02-01,-2660.7,-2703.6,10.7,0.0,0.0,5.6,5.1,2958.1,1300.2,142.2,1515.7,243.8,2215.2,2258.0,85.19999999999982,-609.5,117.79999999999973,0,0
2019-02-04,-2723.9,-3113.2,7.5,0.0,0.0,2.4,5.1,3364.4,1300.2,547.6,1516.6,243.7,1868.7,2258.0,-346.4999999999998,-141.89999999999986,-347.89999999999986,1,0
2019-02-05,-2800.5,-4026.7,19.2,0.0,0.0,2.2,17.0,4289.6,2597.7,174.9,1517.0,243.7,1031.8,2258.0,-836.9000000000001,-1134.6000000000001,-1049.2,1,1
2019-02-06,-2949.4,-4234.5,7.4,0.0,0.0,2.3,5.1,4485.5,2647.6,320.6,1517.3,243.6,972.9,2258.0,-58.89999999999998,-1395.5,-1138.4,0,0
2019-02-07,-3103.0,-2583.0,8.0,0.0,0.0,3.0,5.1,2833.6,1198.0,118.1,1517.6,242.6,2792.8,2272.8,1819.9,662.8000000000002,894.6000000000001,0,0
2019-02-08,-3250.3,-2581.2,8.1,0.0,0.0,3.0,5.1,2832.2,1198.0,116.3,1517.9,243.0,2941.9,2272.8,149.0999999999999,726.7000000000003,691.0,0,0
2019-02-11,-3418.1,-2607.5,7.6,0.0,0.0,2.5,5.1,2858.0,1198.0,141.1,1518.9,242.9,3083.4,2272.8,141.5,1214.7,640.9000000000001,0,0
2019-02-12,-3613.1,-2598.4,7.5,0.0,0.0,2.5,5.1,2849.2,1198.0,132.0,1519.2,243.2,3287.4,2272.8,204.0,2255.6000000000004,596.8000000000002,0,0
2019-02-13,-3629.8,-2601.9,7.3,0.0,0.0,2.2,5.1,2852.5,1198.0,135.1,1519.5,243.3,3300.7,2272.8,13.299999999999727,2327.7999999999997,534.3999999999996,0,0
2019-02-14,-3522.3,-3103.1,7.3,0.0,0.0,2.2,5.1,3357.3,1718.7,130.0,1508.6,247.0,2692.0,2272.8,-608.6999999999998,-100.80000000000018,6.699999999999818,1,1
2019-02-15,-3458.5,-3093.9,7.5,0.0,0.0,2.4,5.1,3348.3,1718.7,120.6,1509.0,247.0,2637.4,2272.8,-54.59999999999991,-304.5,-160.79999999999973,0,0
2019-02-18,-3440.3,-3587.1,7.9,0.0,0.0,2.8,5.1,3842.3,2218.7,113.7,1509.9,247.4,2126.0,2272.8,-511.4000000000001,-957.4000000000001,-512.8000000000002,1,1
2019-02-19,-3423.4,-3599.7,8.9,0.0,0.0,3.0,5.9,3855.9,2212.0,133.7,1510.2,247.4,2096.5,2272.8,-29.5,-1190.9,-498.5999999999999,0,0
2019-02-20,-3350.8,-3603.1,9.1,0.0,0.0,3.3,5.9,3859.5,2212.0,136.9,1510.5,247.3,2020.5,2272.8,-76.0,-1280.1999999999998,-469.5999999999999,0,0
2019-02-21,-3392.9,-3172.7,8.9,0.0,0.0,3.1,5.9,3428.9,1765.2,151.2,1512.5,247.3,2493.0,2272.8,472.5,-199.0,-56.5,0,0
2019-02-22,-3432.7,-3215.5,9.2,0.0,0.0,3.3,5.9,3471.3,1765.2,193.3,1512.8,246.6,2490.0,2272.8,-3.0,-147.4000000000001,-298.5999999999999,0,0
2019-02-25,-3410.8,-3187.4,8.2,0.0,0.0,2.8,5.4,3442.2,1765.2,163.2,1513.8,246.7,2496.2,2272.8,6.199999999999818,370.1999999999998,-477.60000000000036,0,0
2019-02-26,-2642.2,-3138.3,57.9,0.0,0.0,2.8,55.1,3443.2,1765.2,163.9,1514.1,247.0,1776.6,2272.8,-719.5999999999999,-319.9000000000001,-1048.1,1,1
2019-02-27,-2915.3,-3129.5,37.9,0.0,0.0,2.8,35.1,3413.6,1765.2,134.0,1514.4,246.2,2058.6,2272.8,282.0,38.09999999999991,48.0,0,0
2019-02-28,-2887.1,-3534.5,8.2,0.0,0.0,2.2,5.9,3789.1,2128.9,145.4,1514.7,246.4,1625.3,2272.8,-433.29999999999995,-867.7,-541.1000000000001,1,0
2019-03-01,-2969.5,-3556.9,9.2,0.0,0.0,2.7,6.5,3812.2,2128.9,168.2,1515.1,246.1,1685.3,2272.8,60.0,-804.7,-683.1000000000001,0,0
2019-03-04,-3112.8,-3561.4,9.0,0.0,0.0,2.5,6.5,3816.5,2111.6,188.9,1516.0,246.1,1824.1,2272.8,138.79999999999995,-672.0999999999999,-305.9000000000001,0,0
2019-03-05,-3127.8,-3942.5,46.2,0.0,0.0,41.1,5.1,4234.7,2581.6,136.8,1516.3,246.1,1458.1,2272.8,-366.0,-318.5,-757.0999999999999,1,0
2019-03-06,-3193.8,-3961.3,136.4,0.0,0.0,128.9,7.4,4343.6,2671.4,155.5,1516.7,245.9,1505.3,2272.8,47.200000000000045,-553.3,-363.4000000000001,0,0
2019-03-07,-3374.2,-3194.8,17.3,0.0,0.0,2.5,14.8,3458.0,1827.4,113.6,1517.0,245.9,2458.3,2278.9,953.0000000000002,833.0000000000002,1426.5000000000002,0,0
2019-03-11,-3280.6,-3200.8,7.5,0.0,0.0,2.4,5.1,3454.1,1827.4,108.5,1518.2,245.8,2358.7,2278.9,-99.60000000000036,673.3999999999999,1385.7999999999997,0,0
2019-03-12,-3477.0,-3214.7,7.6,0.0,0.0,2.5,5.1,3467.7,1827.4,121.6,1518.6,245.4,2541.2,2278.9,182.5,717.0999999999999,-251.60000000000036,0,0
2019-03-13,-3623.4,-3209.9,7.7,0.0,0.0,2.6,5.1,3463.3,1827.4,117.0,1518.9,245.6,2692.4,2278.9,151.20000000000027,1234.3000000000002,-249.5,0,0
2019-03-14,-3607.4,-3201.2,7.6,0.0,0.0,2.5,5.1,3454.3,1818.8,125.9,1509.6,245.6,2685.1,2278.9,-7.300000000000182,1179.8,-398.3000000000002,0,0
2019-03-15,-3565.6,-3180.5,8.4,0.0,0.0,2.6,5.8,3434.4,1818.8,105.6,1509.9,245.4,2664.0,2278.9,-21.09999999999991,205.69999999999982,-623.4000000000001,0,0
2019-03-18,-3462.7,-3182.8,7.7,0.0,0.0,2.1,5.6,3435.7,1818.8,106.1,1510.8,245.3,2558.8,2278.9,-105.19999999999982,200.10000000000036,-741.8999999999996,0,0
2019-03-19,-3447.3,-3190.3,7.0,0.0,0.0,2.0,5.1,3442.5,1818.8,112.6,1511.1,245.2,2535.9,2278.9,-22.90000000000009,-5.299999999999727,-156.0999999999999,0,0
2019-03-20,-3467.6,-3194.8,7.3,0.0,0.0,2.1,5.3,3447.5,1818.8,117.1,1511.5,245.3,2551.7,2278.9,15.799999999999727,-140.70000000000027,-85.70000000000027,0,0
2019-03-21,-3485.7,-3363.5,7.0,0.0,0.0,2.0,5.1,3615.7,1970.0,133.9,1511.8,245.1,2401.1,2278.9,-150.5999999999999,-284.0,275.0999999999999,0,0
2019-03-22,-3567.4,-3356.8,7.1,0.0,0.0,2.0,5.1,3609.4,1970.0,127.3,1512.1,245.5,2489.5,2278.9,88.40000000000009,-174.5,393.0,0,0
2019-03-25,-3502.3,-3367.2,9.6,0.0,0.0,4.5,5.1,3621.6,1970.0,138.5,1513.1,244.9,2414.0,2278.9,-75.5,-144.80000000000018,393.5,0,0
2019-03-26,-2868.2,-3372.3,7.9,0.0,0.0,2.8,5.2,3626.0,1970.0,142.6,1513.4,245.8,1774.8,2278.9,-639.2,-761.1000000000001,-718.2,1,1
2019-03-27,-2936.8,-3349.3,17.6,0.0,0.0,2.5,15.1,3612.8,1970.0,129.1,1513.7,245.8,1866.4,2278.9,91.60000000000014,-685.2999999999997,-623.5999999999999,0,0
2019-03-28,-2925.5,-3078.8,7.3,0.0,0.0,2.3,5.1,3332.1,1680.0,138.1,1514.0,246.0,2125.6,2278.9,259.1999999999998,-275.5,-370.5999999999999,0,0
2019-03-29,-2791.9,-2992.0,77.7,0.0,0.0,72.7,5.1,3320.4,1680.0,126.1,1514.3,250.7,2078.8,2278.9,-46.79999999999973,-410.6999999999998,302.2000000000003,0,0
2019-04-01,-2887.2,-3037.5,43.4,0.0,0.0,35.3,8.1,3331.7,1680.0,136.4,1515.3,250.8,2128.6,2278.9,49.79999999999973,-285.4000000000001,70.0,0,0
2019-04-02,-2957.8,-3074.7,10.7,0.0,0.0,2.6,8.1,3335.4,1680.0,139.8,1515.6,250.0,2162.0,2278.9,33.40000000000009,387.20000000000005,536.7,0,0
2019-04-03,-3277.8,-3062.3,7.8,0.0,0.0,2.7,5.1,3320.2,1680.0,124.3,1515.9,250.1,2494.4,2278.9,332.4000000000001,628.0,809.1000000000001,0,0
2019-04-04,-3149.0,-3162.9,8.2,0.0,0.0,2.8,5.4,3419.0,1788.7,114.1,1516.2,247.8,2265.0,2278.9,-229.4000000000001,139.4000000000001,440.9000000000001,0,0
2019-04-05,-3162.5,-3165.8,7.9,0.0,0.0,2.8,5.1,3421.4,1788.7,116.2,1516.6,247.7,2275.6,2278.9,10.599999999999909,196.79999999999973,817.5,0,0
2019-04-08,-3319.0,-3169.8,8.1,0.0,0.0,3.0,5.1,3425.4,1788.7,119.3,1517.5,247.6,2428.1,2278.9,152.5,299.5,922.8,0,0
2019-04-09,-3208.5,-3184.4,8.1,0.0,0.0,3.0,5.1,3440.1,1788.7,133.7,1517.8,247.6,2303.0,2278.9,-125.09999999999991,141.0,-155.30000000000018,0,0
2019-04-10,-3348.7,-3896.9,15.0,0.0,0.0,2.7,12.3,4159.6,2350.7,290.7,1518.2,247.7,1730.7,2278.9,-572.3,-763.7,-627.9999999999998,1,1
2019-04-11,-3193.1,-3085.9,7.9,0.0,0.0,2.6,5.3,3341.5,1710.0,113.0,1518.5,247.7,2400.7,2293.5,669.9999999999998,135.69999999999982,-140.5,0,0
2019-04-12,-3239.4,-3081.6,7.9,0.0,0.0,2.8,5.1,3337.3,1710.0,108.5,1518.8,247.8,2451.3,2293.5,50.600000000000364,175.70000000000027,-241.0999999999999,0,0
2019-04-15,-3241.4,-3091.4,7.9,0.0,0.0,2.8,5.1,3347.7,1710.0,118.0,1519.7,248.4,2443.6,2293.5,-7.700000000000273,15.5,-241.5,0,0
2019-04-16,-3130.8,-3068.9,30.1,0.0,0.0,15.0,15.1,3347.3,1710.0,117.2,1520.1,248.4,2355.5,2293.5,-88.09999999999991,52.5,-308.5,0,0
2019-04-17,-3235.1,-3092.7,7.4,0.0,0.0,2.3,5.1,3350.4,1710.0,120.0,1520.4,250.2,2435.9,2293.5,80.40000000000009,705.2,-122.90000000000009,0,0
2019-04-18,-3133.0,-2693.3,7.5,0.0,0.0,2.4,5.1,2951.4,1326.2,114.1,1511.0,250.6,2733.3,2293.5,297.4000000000001,332.60000000000036,197.4000000000001,0,0
2019-04-19,-3119.0,-2692.1,7.5,0.0,0.0,2.4,5.1,2950.9,1326.2,113.3,1511.4,251.3,2720.4,2293.5,-12.900000000000091,269.0999999999999,168.70000000000027,0,0
2019-04-22,-3215.2,-2691.0,25.1,0.0,0.0,20.1,5.1,2965.5,1326.2,127.0,1512.3,249.4,2817.8,2293.5,97.40000000000009,374.2000000000003,416.7000000000003,0,0
2019-04-23,-3329.7,-2726.6,7.5,0.0,0.0,2.4,5.1,2986.6,1326.2,147.7,1512.6,252.4,2896.6,2293.5,78.79999999999973,541.0999999999999,407.0999999999999,0,0
2019-04-24,-3411.3,-2727.6,9.1,0.0,0.0,2.5,6.6,2988.7,1326.2,149.5,1513.0,252.1,2977.3,2293.5,80.70000000000027,541.4000000000001,563.3000000000002,0,0
2019-04-25,-3152.7,-2698.0,5.8,0.0,0.0,0.7,5.1,2955.5,1250.0,192.2,1513.3,251.7,2748.2,2293.5,-229.10000000000036,14.899999999999636,973.3999999999999,0,0
2019-04-26,-2359.2,-2676.4,5.9,0.0,0.0,0.8,5.1,2934.0,1250.0,170.4,1513.6,251.7,1976.3,2293.5,-771.8999999999999,-744.1000000000001,109.89999999999986,1,1
2019-04-29,-2374.5,-2681.2,6.0,0.0,0.0,0.9,5.1,2938.8,1250.0,174.3,1514.5,251.6,1986.9,2293.5,10.600000000000136,-830.9000000000001,-138.69999999999982,0,0
2019-04-30,-2070.5,-2683.6,13.3,0.0,0.0,0.8,12.5,2948.2,1250.0,183.3,1514.9,251.3,1680.4,2293.5,-306.5,-1216.1999999999998,-398.4000000000001,1,0
2019-05-06,-2675.7,-2471.1,9.0,0.0,0.0,0.7,8.3,2731.4,942.9,271.7,1516.8,251.3,2498.1,2293.5,817.6999999999998,-479.2000000000003,369.5,0,0
2019-05-07,-2270.8,-2979.5,5.8,0.0,0.0,0.7,5.1,3236.5,942.9,776.5,1517.1,251.2,1584.9,2293.5,-913.1999999999998,-1163.2999999999997,-577.0999999999999,1,1
2019-05-08,-2482.0,-3848.1,73.4,0.0,0.0,68.3,5.1,4171.8,2290.0,364.4,1517.4,250.3,927.5,2293.5,-657.4000000000001,-1048.8,-1566.9,1,1
2019-05-13,-2529.8,-2536.4,99.5,0.0,0.0,94.4,5.1,2886.3,1210.0,157.3,1519.0,250.4,2317.8,2324.4,1390.3000000000002,330.9000000000001,52.80000000000018,0,0
2019-05-14,-2583.2,-2524.6,102.1,0.0,0.0,97.0,5.1,2876.2,1210.0,146.9,1519.3,249.4,2382.9,2324.4,65.09999999999991,702.5,107.30000000000018,0,0
2019-05-15,-2927.9,-2571.1,50.6,0.0,0.0,45.5,5.1,2869.9,1210.0,140.3,1519.6,248.2,2681.1,2324.4,298.1999999999998,183.0,253.0,0,0
2019-05-16,-2725.9,-2410.2,7.2,0.0,0.0,2.2,5.1,2665.3,998.0,147.6,1519.7,247.8,2640.1,2324.4,-41.0,1055.1999999999998,337.0999999999999,0,0
2019-05-17,-2759.5,-2384.1,28.0,0.0,0.0,22.9,5.1,2660.2,998.0,142.2,1520.0,248.0,2699.7,2324.4,59.59999999999991,1772.1999999999998,968.9999999999998,0,0
2019-05-20,-2786.5,-2413.6,7.1,0.0,0.0,2.0,5.1,2668.8,998.0,149.8,1521.0,248.1,2697.2,2324.4,-2.5,379.39999999999964,296.5,0,0
2019-05-21,-2782.1,-2412.4,6.6,0.0,0.0,1.5,5.1,2667.1,998.0,147.8,1521.3,248.1,2694.1,2324.4,-3.099999999999909,311.1999999999998,242.79999999999973,0,0
2019-05-22,-3009.3,-2416.7,6.1,0.0,0.0,1.0,5.1,2670.6,998.0,151.0,1521.6,247.8,2916.9,2324.4,222.80000000000018,235.80000000000018,473.3000000000002,0,0
2019-05-23,-2976.4,-2733.8,6.8,0.0,0.0,1.7,5.1,2987.8,1200.0,175.1,1612.7,247.2,2567.0,2324.4,-349.9000000000001,-73.09999999999991,211.5,1,0
2019-05-24,-3019.9,-2714.9,6.6,0.0,0.0,1.5,5.1,2969.1,1200.0,156.0,1613.1,247.6,2629.3,2324.4,62.30000000000018,-70.39999999999964,193.4000000000001,0,0
2019-05-27,-2904.6,-2711.4,6.1,0.0,0.0,1.0,5.1,2964.4,1200.0,150.3,1614.1,247.0,2517.6,2324.4,-111.70000000000027,-179.5999999999999,-215.70000000000027,0,0
2019-05-28,-1965.2,-2729.3,6.0,0.0,0.0,0.9,5.1,2982.2,1200.0,167.8,1614.4,247.0,1560.3,2324.4,-957.3,-1133.8,-1160.1000000000001,1,1
2019-05-29,-1951.8,-2644.1,53.6,0.0,0.0,38.5,15.1,2944.7,1200.0,129.9,1614.8,247.0,1632.0,2324.4,71.70000000000005,-1284.9,-1185.8000000000002,0,0
2019-05-30,-2145.0,-2612.5,16.9,0.0,0.0,11.8,5.1,2875.3,1120.0,140.2,1615.1,245.9,1856.8,2324.4,224.79999999999995,-710.2,-1039.8,0,0
2019-05-31,-2387.7,-2529.8,110.2,0.0,0.0,105.1,5.1,2885.5,1120.0,150.1,1615.4,245.5,2182.3,2324.4,325.5000000000002,-447.0,-795.0,0,0
2019-06-03,-2497.6,-2605.5,45.7,0.0,0.0,39.2,6.5,2897.4,1120.0,160.9,1616.5,246.3,2216.5,2324.4,34.19999999999982,-301.0999999999999,-531.6999999999998,0,0
2019-06-04,-2695.8,-2653.5,9.5,0.0,0.0,4.4,5.1,2909.2,1120.0,172.4,1616.8,246.2,2366.7,2324.4,150.19999999999982,806.3999999999999,390.39999999999986,0,0
2019-06-05,-2799.4,-2829.8,6.6,0.0,0.0,1.5,5.1,3082.6,1119.7,345.8,1617.1,246.2,2293.9,2324.4,-72.79999999999973,661.9000000000001,307.0,0,0
2019-06-06,-2405.9,-2617.5,7.3,0.0,0.0,2.0,5.3,2870.5,1120.0,133.0,1617.5,245.8,2122.3,2333.9,-171.5999999999999,265.5000000000002,441.9000000000001,0,0
2019-06-07,-2439.8,-2614.5,6.1,0.0,0.0,1.0,5.1,2866.4,1120.0,128.6,1617.8,245.8,2159.1,2333.9,36.79999999999973,-23.200000000000273,-339.0,0,0
2019-06-10,-2585.0,-2623.3,6.2,0.0,0.0,1.1,5.1,2875.1,1120.0,136.3,1618.8,245.6,2295.6,2333.9,136.5,79.09999999999991,710.6999999999998,0,0
2019-06-11,-2599.9,-2619.1,6.3,0.0,0.0,1.2,5.1,2870.7,1120.0,131.5,1619.2,245.4,2314.7,2333.9,19.09999999999991,-52.0,1387.1999999999998,0,0
2019-06-13,-2803.1,-2624.6,6.0,0.0,0.0,0.9,5.1,2876.1,1120.0,136.2,1619.9,245.4,2512.4,2333.9,197.70000000000027,218.5,194.5999999999999,0,0
2019-06-14,-2772.4,-2682.5,5.4,0.0,0.0,0.4,5.1,2933.1,1280.0,158.9,1494.2,245.2,2423.8,2333.9,-88.59999999999991,301.5,40.90000000000009,0,0
2019-06-17,-2677.8,-2698.9,5.9,0.0,0.0,0.8,5.1,2949.8,1280.0,174.7,1495.1,245.0,2312.7,2333.9,-111.10000000000036,153.5999999999999,-368.4000000000001,0,0
2019-06-18,-2638.1,-2697.8,5.8,0.0,0.0,0.7,5.1,2948.9,1280.0,173.5,1495.4,245.4,2274.2,2333.9,-38.5,-21.40000000000009,-365.9000000000001,0,0
2019-06-19,-2805.7,-2682.0,5.8,0.0,0.0,0.6,5.1,2933.2,1280.0,157.5,1495.7,245.4,2457.6,2333.9,183.4000000000001,142.9000000000001,-242.0999999999999,0,0
2019-06-20,-2975.8,-2453.3,5.8,0.0,0.0,0.3,5.5,2704.5,871.2,120.7,1712.7,245.4,2856.3,2333.9,398.7000000000003,343.9000000000001,159.10000000000036,0,0
2019-06-21,-3129.4,-2452.8,5.2,0.0,0.0,0.1,5.1,2702.7,871.2,118.5,1713.1,244.7,3010.5,2333.9,154.19999999999982,586.6999999999998,316.4000000000001,0,0
2019-06-24,-3189.2,-2452.3,5.5,0.0,0.0,0.4,5.1,2703.0,871.2,117.8,1714.1,245.2,3070.8,2333.9,60.30000000000018,758.1000000000004,153.9000000000001,0,0
2019-06-25,-2875.0,-2461.2,5.3,0.0,0.0,0.2,5.1,2712.1,871.2,126.4,1714.5,245.6,2747.7,2333.9,-323.10000000000036,473.5,180.69999999999982,1,0
2019-06-26,-2276.6,-2456.8,5.3,0.0,0.0,0.2,5.1,2707.7,871.2,121.7,1714.8,245.5,2153.7,2333.9,-594.0,-303.9000000000001,-475.60000000000036,1,1
2019-06-27,-2428.3,-2297.4,5.4,0.0,0.0,0.4,5.1,2548.1,704.4,128.5,1715.2,245.2,2464.8,2333.9,311.10000000000036,-391.5,-52.79999999999973,0,0
2019-06-28,-2415.3,-2301.3,7.0,0.0,0.0,1.2,5.8,2553.5,704.4,133.6,1715.5,245.2,2447.8,2333.9,-17.0,-562.6999999999998,887.5000000000002,0,0
2019-07-01,-2375.4,-2317.6,11.2,0.0,0.0,5.0,6.2,2573.9,704.4,152.8,1716.6,245.0,2391.6,2333.9,-56.20000000000027,-679.2000000000003,759.5999999999999,0,0
2019-07-02,-2602.3,-2319.4,6.0,0.0,0.0,0.9,5.1,2562.0,704.4,140.7,1716.9,236.6,2616.8,2333.9,225.20000000000027,-130.89999999999964,760.0000000000002,0,0
2019-07-03,-2454.3,-2326.7,6.2,0.0,0.0,1.1,5.1,2569.5,704.4,147.7,1717.3,236.6,2461.5,2333.9,-155.30000000000018,307.8000000000002,279.1999999999998,0,0
2019-07-04,-2508.1,-2710.7,5.4,0.0,0.0,0.3,5.1,2951.5,1077.4,156.5,1717.6,235.4,2131.3,2333.9,-330.1999999999998,-333.5,-85.19999999999982,1,0
2019-07-05,-2733.5,-2721.2,5.6,0.0,0.0,0.5,5.1,2962.2,1077.4,166.8,1718.0,235.3,2346.1,2333.9,214.79999999999973,-101.70000000000027,-20.59999999999991,0,0
2019-07-08,-2466.1,-2780.7,5.5,0.0,0.0,0.5,5.1,3021.0,1077.4,224.6,1719.0,234.8,2019.3,2333.9,-326.79999999999995,-372.29999999999995,-274.60000000000014,1,0
2019-07-09,-2603.4,-3103.7,8.1,0.0,0.0,0.3,7.7,3346.5,1377.4,249.6,1719.4,234.7,1833.6,2333.9,-185.70000000000005,-783.2000000000003,-288.7000000000003,0,0
2019-07-10,-2549.9,-3220.6,20.4,0.0,0.0,14.0,6.4,3476.2,1537.3,219.1,1719.7,235.2,1663.2,2333.9,-170.39999999999986,-798.3,-495.89999999999986,0,0
2019-07-11,-2892.4,-2522.6,5.7,0.0,0.0,0.6,5.1,2763.6,900.0,143.6,1720.0,235.3,2704.6,2334.8,1041.3999999999999,573.2999999999997,409.0,0,0
2019-07-12,-2795.7,-2516.7,5.8,0.0,0.0,0.7,5.1,2755.2,900.0,134.8,1720.4,232.7,2613.8,2334.8,-90.79999999999973,267.7000000000003,299.10000000000036,0,0
2019-07-15,-2664.0,-2531.1,6.1,0.0,0.0,1.1,5.1,2770.1,900.0,148.7,1721.4,232.9,2467.7,2334.8,-146.10000000000036,448.39999999999986,-44.70000000000027,0,0
2019-07-16,-2520.4,-2559.5,6.2,0.0,0.0,1.1,5.1,2797.8,900.0,176.0,1721.8,232.0,2295.7,2334.8,-172.0,462.0999999999999,-128.10000000000036,0,0
2019-07-17,-2663.4,-2541.5,6.1,0.0,0.0,1.1,5.1,2780.0,900.0,157.9,1722.1,232.4,2456.7,2334.8,161.0,793.4999999999998,144.0,0,0
2019-07-18,-2723.8,-2788.5,6.1,0.0,0.0,1.0,5.1,3026.9,1350.0,164.0,1512.9,232.3,2270.1,2334.8,-186.5999999999999,-434.5,-4.099999999999909,0,0
2019-07-19,-2735.9,-2784.3,6.1,0.0,0.0,1.0,5.1,3022.6,1350.0,159.4,1513.2,232.2,2286.4,2334.8,16.300000000000182,-327.4000000000001,-171.19999999999982,0,0
2019-07-22,-2956.2,-2794.1,6.4,0.0,0.0,1.3,5.1,3033.0,1350.0,168.9,1514.1,232.5,2496.9,2334.8,210.5,29.200000000000273,-359.4000000000001,0,0
2019-07-23,-3119.6,-2780.9,6.1,0.0,0.0,1.0,5.1,3019.4,1350.0,155.0,1514.4,232.4,2673.5,2334.8,176.5999999999999,377.8000000000002,-337.0,0,0
2019-07-24,-3156.4,-2923.0,5.8,0.0,0.0,0.7,5.1,3161.0,1350.0,296.3,1514.7,232.2,2568.2,2334.8,-105.30000000000018,111.5,-502.60000000000036,0,0
2019-07-25,-3091.8,-2606.9,6.0,0.0,0.0,1.0,5.1,2845.0,1070.0,260.0,1515.0,232.1,2819.7,2334.8,251.5,549.5999999999999,72.0,0,0
2019-07-26,-2259.0,-2703.9,8.3,0.0,0.0,3.3,5.1,2944.2,1070.0,358.9,1515.3,232.0,1889.9,2334.8,-929.7999999999997,-396.5,-263.7999999999997,1,1
2019-07-29,-2364.4,-2593.2,7.1,0.0,0.0,1.6,5.5,2832.2,1070.0,246.0,1516.2,231.9,2106.0,2334.8,216.0999999999999,-390.9000000000001,-358.8000000000002,0,0
2019-07-30,-2166.5,-2554.6,12.4,0.0,0.0,7.3,5.1,2799.0,1070.0,212.5,1516.5,231.9,1946.7,2334.8,-159.29999999999995,-726.8,-501.10000000000014,0,0
2019-07-31,-2786.5,-2579.7,5.6,0.0,0.0,0.5,5.1,2817.2,1070.0,230.4,1516.8,231.9,2541.6,2334.8,594.8999999999999,-26.59999999999991,150.0,0,0
2019-08-01,-2969.8,-2703.3,6.4,0.0,0.0,0.7,5.7,2942.7,1299.5,126.0,1517.1,233.1,2601.3,2334.8,59.70000000000027,-218.39999999999964,-15.5,0,0
2019-08-02,-2887.6,-2770.6,5.6,0.0,0.0,0.6,5.1,3009.1,1299.5,192.2,1517.4,232.9,2451.8,2334.8,-149.5,561.9000000000001,-9.699999999999818,0,0
2019-08-05,-2998.8,-2719.5,5.6,0.0,0.0,0.5,5.1,2957.1,1299.5,139.2,1518.3,232.0,2614.1,2334.8,162.29999999999973,508.0999999999999,482.7999999999997,0,0
2019-08-06,-3063.1,-2920.6,5.5,0.0,0.0,0.4,5.1,3158.0,1299.5,339.9,1518.6,231.9,2477.3,2334.8,-136.79999999999973,530.6000000000001,131.20000000000027,0,0
2019-08-07,-3200.5,-3876.9,5.5,0.0,0.0,0.4,5.1,4113.1,2153.9,440.3,1518.9,230.8,1658.4,2334.8,-818.9000000000001,-883.1999999999998,-360.89999999999986,1,1
2019-08-08,-3445.5,-3080.3,5.8,0.0,0.0,0.7,5.1,3316.4,1670.0,127.2,1519.2,230.3,2727.8,2362.6,1069.4,126.5,894.2000000000003,0,0
2019-08-09,-3405.2,-3088.9,5.7,0.0,0.0,0.6,5.1,3324.3,1670.0,134.8,1519.5,229.7,2678.9,2362.6,-48.90000000000009,227.0999999999999,1015.7,0,0
2019-08-12,-3611.1,-3083.2,6.3,0.0,0.0,0.9,5.4,3319.1,1670.0,128.7,1520.4,229.6,2890.5,2362.6,211.5999999999999,276.4000000000001,185.9000000000001,0,0
2019-08-13,-3651.4,-3087.7,5.5,0.0,0.0,0.4,5.1,3322.8,1670.0,132.1,1520.7,229.6,2926.3,2362.6,35.80000000000018,449.0,312.5,0,0
2019-08-14,-3635.4,-3087.0,5.8,0.0,0.0,0.8,5.1,3322.3,1670.0,131.3,1521.0,229.5,2911.0,2362.6,-15.300000000000182,1252.6,443.3000000000002,0,0
2019-08-15,-3596.1,-3486.2,8.3,0.0,0.0,0.9,7.4,3724.1,2390.0,124.2,1209.9,229.7,2472.6,2362.6,-438.4000000000001,-255.20000000000027,176.9000000000001,1,0
2019-08-16,-3468.3,-3491.5,5.9,0.0,0.0,0.8,5.1,3727.0,2390.0,126.9,1210.1,229.6,2339.5,2362.6,-133.0999999999999,-339.4000000000001,-117.19999999999982,0,0
2019-08-19,-3510.8,-3491.2,6.1,0.0,0.0,1.0,5.1,3727.3,2390.0,126.5,1210.8,230.1,2382.3,2362.6,42.80000000000018,-508.1999999999998,112.20000000000027,0,0
2019-08-20,-3521.8,-3502.5,5.9,0.0,0.0,0.8,5.1,3738.5,2390.0,137.4,1211.1,230.1,2381.9,2362.6,-0.40000000000009095,-544.4000000000001,95.5,0,0
2019-08-21,-3709.8,-3496.0,5.9,0.0,0.0,0.8,5.1,3732.0,2390.0,130.7,1211.3,230.1,2576.4,2362.6,194.5,-334.5999999999999,79.5,0,0
2019-08-22,-3842.0,-3426.6,6.2,0.0,0.0,1.1,5.1,3662.8,2320.0,131.2,1211.6,230.1,2778.1,2362.6,201.69999999999982,305.5,104.59999999999991,0,0
2019-08-23,-3688.2,-3427.3,6.0,0.0,0.0,1.0,5.1,3663.5,2320.0,131.7,1211.8,230.2,2623.5,2362.6,-154.5999999999999,284.0,55.30000000000018,0,0
2019-08-26,-3511.6,-3439.8,6.0,0.0,0.0,0.9,5.1,3674.5,2320.0,142.0,1212.5,228.8,2434.5,2362.6,-189.0,52.19999999999982,-385.1999999999998,0,0
2019-08-27,-2757.0,-3408.0,12.7,0.0,0.0,0.7,12.1,3649.8,2320.0,117.1,1212.7,229.1,1711.7,2362.6,-722.8,-670.2,-178.20000000000005,1,1
2019-08-28,-2809.8,-3420.2,5.7,0.0,0.0,0.6,5.1,3654.9,2320.0,121.9,1213.0,229.0,1752.2,2362.6,40.5,-824.2,-353.79999999999995,0,0
2019-08-29,-2806.6,-3316.8,5.8,0.0,0.0,0.7,5.1,3551.5,2215.0,123.3,1213.2,228.9,1852.4,2362.6,100.20000000000005,-925.6999999999998,-94.29999999999995,0,0
2019-08-30,-3348.8,-3327.5,5.7,0.0,0.0,0.6,5.1,3561.6,2215.0,133.1,1213.5,228.4,2384.0,2362.6,531.5999999999999,-239.5,-157.5999999999999,0,0
2019-09-02,-3093.7,-3347.0,6.4,0.0,0.0,0.9,5.5,3579.0,2215.0,149.8,1214.2,225.6,2109.3,2362.6,-274.6999999999998,-325.1999999999998,-492.0,0,0
2019-09-03,-3324.3,-3386.1,5.5,0.0,0.0,0.5,5.1,3617.4,2215.0,188.0,1214.4,225.8,2300.9,2362.6,191.5999999999999,589.2,-150.9000000000001,0,0
2019-09-04,-3614.5,-3965.2,5.8,0.0,0.0,0.5,5.2,4199.4,2616.8,367.8,1214.7,228.4,2012.0,2362.6,-288.9000000000001,259.79999999999995,-602.0999999999999,0,0
2019-09-05,-3162.2,-3506.9,5.9,0.0,0.0,0.8,5.1,3741.4,2358.3,168.2,1214.9,228.6,2084.8,2429.5,72.80000000000018,232.4000000000001,-392.5,0,0
2019-09-06,-3284.9,-3525.3,5.8,0.0,0.0,0.7,5.1,3759.6,2358.3,186.2,1215.1,228.5,2189.1,2429.5,104.29999999999973,-194.9000000000001,530.6999999999998,0,0
2019-09-09,-3320.7,-3497.4,5.8,0.0,0.0,0.7,5.1,3731.6,2358.3,157.5,1215.8,228.4,2252.8,2429.5,63.70000000000027,143.5,-475.0,0,0
2019-09-10,-3439.7,-3500.9,5.6,0.0,0.0,0.5,5.1,3734.8,2358.3,160.5,1216.1,228.3,2368.3,2429.5,115.5,67.40000000000009,-310.5999999999999,0,0
2019-09-11,-3389.7,-3484.7,11.1,0.0,0.0,0.1,11.1,3724.0,2358.3,149.5,1216.3,228.2,2334.5,2429.5,-33.80000000000018,322.5,-556.0,0,0
2019-09-12,-3424.3,-3319.5,15.4,0.0,0.0,0.4,15.1,3562.9,2632.0,125.6,805.3,227.9,2534.3,2429.5,199.80000000000018,449.5,-392.0,0,0
2019-09-13,-3477.2,-3331.0,8.2,0.0,0.0,0.1,8.1,3567.0,2632.0,129.5,805.5,227.8,2575.7,2429.5,41.399999999999636,386.5999999999999,-335.3000000000002,0,0
2019-09-16,-3500.6,-3317.8,15.2,0.0,0.0,0.1,15.1,3560.3,2632.0,122.4,805.9,227.3,2612.3,2429.5,36.600000000000364,359.5,139.70000000000027,0,0
2019-09-17,-3555.7,-3347.5,5.1,0.0,0.0,0.0,5.1,3579.9,2632.0,141.8,806.1,227.3,2637.7,2429.5,25.399999999999636,269.39999999999964,298.1999999999998,0,0
2019-09-18,-3597.8,-3313.1,40.3,0.0,0.0,35.2,5.1,3580.8,2632.0,142.6,806.2,227.4,2714.2,2429.5,76.5,379.6999999999998,331.89999999999964,0,0
2019-09-19,-3584.4,-3401.6,5.3,0.0,0.0,0.2,5.1,3634.3,2688.5,139.4,806.4,227.5,2612.3,2429.5,-101.89999999999964,78.0,230.4000000000001,0,0
2019-09-20,-3602.9,-3399.2,5.2,0.0,0.0,0.0,5.2,3631.0,2688.5,135.8,806.6,226.6,2633.2,2429.5,20.899999999999636,57.5,56.79999999999973,0,0
2019-09-23,-3647.7,-3391.3,5.1,0.0,0.0,0.0,5.1,3623.2,2688.5,127.7,807.0,226.8,2685.9,2429.5,52.70000000000027,73.59999999999991,-92.19999999999982,0,0
2019-09-24,-3695.0,-3394.4,5.1,0.0,0.0,0.0,5.1,3626.6,2688.5,130.8,807.2,227.0,2730.0,2429.5,44.09999999999991,92.30000000000018,106.5,0,0
2019-09-25,-3555.9,-3400.8,5.1,0.0,0.0,0.0,5.1,3631.8,2688.5,136.0,807.3,226.0,2584.6,2429.5,-145.4000000000001,-129.5999999999999,150.0999999999999,0,0
2019-09-26,-2718.1,-2877.2,9.2,0.0,0.0,0.0,9.2,3111.9,2180.0,124.4,807.5,225.6,2270.4,2429.5,-314.1999999999998,-341.9000000000001,558.7,1,0
2019-09-27,-2895.6,-2875.8,6.5,0.0,0.0,0.0,6.5,3108.1,2180.0,120.5,807.6,225.7,2449.3,2429.5,178.9000000000001,-183.89999999999964,697.1000000000001,0,0
2019-09-30,-3278.0,-2882.5,5.1,0.0,0.0,0.0,5.1,3112.9,2180.0,124.8,808.1,225.3,2825.0,2429.5,375.6999999999998,139.0999999999999,972.5999999999999,0,0
2019-10-01,-3136.9,-2892.2,5.1,0.0,0.0,0.0,5.1,3123.3,2180.0,135.1,808.2,226.1,2674.2,2429.5,-150.80000000000018,-55.80000000000018,290.1999999999998,0,0
2019-10-02,-3336.4,-3360.4,6.2,0.0,0.0,0.0,6.2,3592.7,2680.0,104.3,808.4,226.1,2405.5,2429.5,-268.6999999999998,-179.0999999999999,296.1999999999998,0,0
2019-10-03,-3266.8,-3426.7,5.1,0.0,0.0,0.0,5.1,3658.0,2732.7,116.8,808.5,226.2,2269.6,2429.5,-135.9000000000001,-0.8000000000001819,-31.300000000000182,0,0
2019-10-04,-3456.7,-3429.9,5.1,0.0,0.0,0.0,5.1,3660.9,2732.7,119.5,808.7,225.9,2456.3,2429.5,186.70000000000027,7.0,444.3000000000002,0,0
2019-10-07,-3333.9,-3441.6,5.1,0.0,0.0,0.0,5.1,3673.2,2732.7,131.3,809.2,226.5,2321.7,2429.5,-134.60000000000036,-503.3000000000002,236.89999999999964,0,0
2019-10-08,-3490.0,-3604.2,5.1,0.0,0.0,0.0,5.1,3835.7,2925.3,101.1,809.3,226.4,2315.3,2429.5,-6.399999999999636,-358.89999999999964,126.20000000000027,0,0
2019-10-09,-3620.7,-3828.3,5.1,0.0,0.0,0.0,5.1,4059.8,2917.9,332.4,809.5,226.4,2221.9,2429.5,-93.40000000000009,-183.5999999999999,-30.90000000000009,0,0
2019-10-10,-3485.6,-3491.4,5.1,0.0,0.0,0.0,5.1,3722.5,2800.0,112.9,809.6,226.0,2424.4,2430.2,202.5,154.80000000000018,56.09999999999991,0,0
2019-10-11,-3558.7,-3491.6,7.0,0.0,0.0,0.0,7.0,3724.5,2800.0,114.7,809.8,225.9,2497.3,2430.2,72.90000000000009,41.0,162.80000000000018,0,0
2019-10-14,-3606.4,-3499.6,5.1,0.0,0.0,0.0,5.1,3730.8,2800.0,120.6,810.2,226.1,2537.0,2430.2,39.69999999999982,215.30000000000018,2.699999999999818,0,0
2019-10-15,-3494.8,-3509.2,5.1,0.0,0.0,0.0,5.1,3740.2,2800.0,129.8,810.4,226.0,2415.8,2430.2,-121.19999999999982,100.5,-159.89999999999964,0,0
2019-10-16,-3763.9,-3492.2,5.1,0.0,0.0,0.0,5.1,3723.2,2800.0,112.7,810.5,225.9,2701.8,2430.2,286.0,479.9000000000001,89.5,0,0
2019-10-17,-3716.7,-3649.4,5.1,0.0,0.0,0.0,5.1,3878.7,2650.0,123.3,1105.4,224.3,2497.5,2430.2,-204.30000000000018,73.09999999999991,-140.19999999999982,0,0
2019-10-18,-3751.3,-3654.0,5.1,0.0,0.0,0.0,5.1,3883.7,2650.0,128.0,1105.7,224.6,2527.5,2430.2,30.0,30.199999999999818,-186.69999999999982,0,0
2019-10-21,-3913.0,-3658.8,5.1,0.0,0.0,0.0,5.1,3887.5,2650.0,131.2,1106.3,223.6,2684.4,2430.2,156.9000000000001,147.4000000000001,72.09999999999991,0,0
2019-10-22,-3781.5,-3652.2,5.1,0.0,0.0,0.1,5.1,3881.3,2650.0,124.8,1106.5,224.0,2559.5,2430.2,-124.90000000000009,143.69999999999982,-73.69999999999982,0,0
2019-10-23,-3844.0,-3662.6,5.2,0.0,0.0,0.1,5.1,3884.8,2650.0,128.1,1106.7,217.1,2611.6,2430.2,52.09999999999991,-90.20000000000027,-74.30000000000018,0,0
2019-10-24,-3740.8,-3287.6,5.1,0.0,0.0,0.0,5.1,3510.5,2239.9,163.7,1106.9,217.8,2883.4,2430.2,271.8000000000002,385.9000000000001,153.4000000000001,0,0
2019-10-25,-3566.4,-3306.2,5.1,0.0,0.0,0.0,5.1,3529.2,2239.9,182.2,1107.1,218.0,2690.4,2430.2,-193.0,162.9000000000001,105.80000000000018,0,0
2019-10-28,-2531.7,-3289.3,7.0,0.0,0.0,0.0,7.0,3514.5,2239.9,166.8,1107.7,218.2,1672.6,2430.2,-1017.8000000000002,-1011.8000000000002,-597.8000000000002,1,1
2019-10-29,-2489.4,-3284.0,5.1,0.0,0.0,0.0,5.1,3507.3,2239.9,159.5,1107.9,218.2,1635.5,2430.2,-37.09999999999991,-924.0,-813.8000000000002,0,0
2019-10-30,-2813.4,-3281.7,6.7,0.0,0.0,0.0,6.7,3506.2,2239.9,158.2,1108.1,217.8,1961.9,2430.2,326.4000000000001,-649.6999999999998,-863.0999999999999,0,0
2019-10-31,-2842.2,-2314.6,5.2,0.0,0.0,0.1,5.1,2537.3,1304.5,124.5,1108.3,217.6,2957.8,2430.2,995.9000000000001,74.40000000000009,283.60000000000036,0,0
2019-11-01,-3034.6,-2308.5,5.1,0.0,0.0,0.1,5.1,2532.6,1304.5,119.7,1108.5,219.0,3156.3,2430.2,198.5,465.9000000000001,750.8000000000002,0,0
2019-11-05,-2884.2,-2352.8,5.1,0.0,0.0,0.0,5.1,2575.7,1304.5,161.9,1109.3,217.8,2961.6,2430.2,-194.70000000000027,1289.0,692.0,0,0
2019-11-06,-2990.9,-3792.0,16.9,0.0,0.0,0.3,16.6,4026.5,2341.3,575.7,1109.5,217.7,1629.1,2430.2,-1332.5,-6.400000000000091,-827.2000000000003,1,1
2019-11-07,-3042.3,-3229.1,5.5,0.0,0.0,0.4,5.1,3452.1,2210.0,132.4,1109.7,217.6,2249.4,2436.2,620.3000000000002,287.5,-72.29999999999973,0,0
2019-11-08,-3282.8,-3228.5,5.4,0.0,0.0,0.3,5.1,3450.3,2210.0,130.4,1109.9,216.4,2490.5,2436.2,241.0999999999999,-467.3000000000002,175.19999999999982,0,0
2019-11-11,-3264.8,-3206.2,20.3,0.0,0.0,0.3,20.1,3442.1,2210.0,121.6,1110.5,215.5,2494.7,2436.2,4.199999999999818,-661.6000000000004,272.7999999999997,0,0
2019-11-12,-3402.7,-3240.8,5.3,0.0,0.0,0.2,5.1,3461.8,2210.0,141.1,1110.7,215.7,2598.1,2436.2,103.40000000000009,-363.5,173.69999999999982,0,0
2019-11-13,-3461.1,-3235.9,5.2,0.0,0.0,0.1,5.1,3457.1,2210.0,136.2,1110.9,216.0,2661.4,2436.2,63.30000000000018,1032.3000000000002,164.0999999999999,0,0
2019-11-14,-3475.0,-3411.1,5.2,0.0,0.0,0.1,5.1,3632.3,2214.9,120.4,1296.9,215.9,2500.1,2436.2,-161.30000000000018,250.69999999999982,-36.90000000000009,0,0
2019-11-15,-3480.6,-3410.7,6.4,0.0,0.0,0.1,6.3,3633.2,2214.9,121.2,1297.1,216.1,2506.1,2436.2,6.0,15.599999999999909,90.29999999999973,0,0
2019-11-18,-3351.1,-3420.7,5.1,0.0,0.0,0.0,5.1,3641.5,2214.9,128.8,1297.8,215.7,2366.6,2436.2,-139.5,-128.0999999999999,-335.2000000000003,0,0
2019-11-19,-3409.5,-3421.6,5.1,0.0,0.0,0.0,5.1,3642.3,2214.9,129.3,1298.1,215.6,2424.0,2436.2,57.40000000000009,-174.0999999999999,-73.5,0,0
2019-11-20,-3470.3,-3411.0,5.1,0.0,0.0,0.0,5.1,3631.6,2214.9,118.4,1298.3,215.5,2495.5,2436.2,71.5,-165.9000000000001,-32.0,0,0
2019-11-21,-3403.9,-3165.8,5.1,0.0,0.0,0.0,5.1,3386.5,1758.0,120.6,1507.9,215.6,2674.3,2436.2,178.80000000000018,174.20000000000027,-10.099999999999909,0,0
2019-11-22,-3500.3,-3161.9,5.1,0.0,0.0,0.0,5.1,3382.5,1758.0,116.4,1508.1,215.5,2774.6,2436.2,100.29999999999973,268.5,215.0999999999999,0,0
2019-11-25,-3451.9,-3165.4,5.1,0.0,0.0,0.0,5.1,3386.4,1758.0,119.5,1508.9,216.0,2722.7,2436.2,-51.90000000000009,356.0999999999999,111.09999999999991,0,0
2019-11-26,-2669.2,-3149.7,5.1,0.0,0.0,0.0,5.1,3382.3,1758.0,115.1,1509.2,227.6,1955.7,2436.2,-766.9999999999998,-468.29999999999995,-927.7,1,1
2019-11-27,-2734.4,-3149.3,5.1,0.0,0.0,0.0,5.1,3381.7,1757.8,114.5,1509.5,227.4,2021.3,2436.2,65.59999999999991,-474.20000000000005,-669.1000000000001,0,0
2019-11-28,-2898.7,-3021.5,5.1,0.0,0.0,0.0,5.1,3253.1,1630.0,113.4,1509.7,226.5,2313.3,2436.2,292.0000000000002,-361.0,640.7000000000003,0,0
2019-11-29,-2950.2,-3047.4,5.1,0.0,0.0,0.0,5.1,3278.7,1630.0,138.7,1510.0,226.2,2339.0,2436.2,25.699999999999818,-435.5999999999999,703.5,0,0
2019-12-02,-3051.6,-3036.5,5.2,0.0,0.0,0.1,5.1,3263.1,1630.0,122.3,1510.8,221.4,2451.3,2436.2,112.30000000000018,-271.39999999999964,489.4000000000001,0,0
2019-12-03,-3031.4,-3054.4,5.1,0.0,0.0,0.0,5.1,3277.2,1630.0,136.1,1511.1,217.7,2413.2,2436.2,-38.100000000000364,457.4999999999998,-544.6000000000004,0,0
2019-12-04,-3082.5,-3045.3,5.1,0.0,0.0,0.0,5.1,3271.7,1630.0,130.4,1511.3,221.2,2473.4,2436.2,60.20000000000027,452.10000000000014,-682.9000000000001,0,0
2019-12-05,-3057.1,-2630.9,5.1,0.0,0.0,0.0,5.1,2853.6,1218.7,123.3,1511.6,217.7,2862.4,2436.2,389.0,549.0999999999999,-99.19999999999982,0,0
2019-12-06,-3145.9,-2630.3,5.1,0.0,0.0,0.0,5.1,2853.0,1218.7,122.4,1511.9,217.6,2951.8,2436.2,89.40000000000009,612.8000000000002,1322.7000000000003,0,0
2019-12-09,-3175.4,-2677.1,5.1,0.0,0.0,0.0,5.1,2898.9,1218.7,167.5,1512.7,216.7,2934.5,2436.2,-17.300000000000182,483.1999999999998,685.0999999999999,0,0
2019-12-10,-3056.6,-3510.6,5.1,0.0,0.0,0.0,5.1,3732.3,2008.7,210.7,1512.9,216.6,1982.2,2436.2,-952.3,-430.9999999999998,-508.29999999999995,1,1
2019-12-11,-3272.3,-3835.5,7.2,0.0,0.0,2.1,5.1,4059.0,2238.9,306.9,1513.2,216.3,1873.0,2436.2,-109.20000000000005,-600.4000000000001,-621.6999999999998,0,0
2019-12-12,-3156.8,-3325.2,5.1,0.0,0.0,0.0,5.1,3546.3,1639.7,157.8,1748.8,216.0,2259.3,2427.8,386.3000000000002,-603.0999999999999,-338.7999999999997,0,0
2019-12-13,-3338.7,-3333.1,5.1,0.0,0.0,0.0,5.1,3554.1,1639.7,165.3,1749.1,216.0,2433.4,2427.8,174.0999999999999,-518.4000000000001,-228.0,0,0
2019-12-16,-3242.8,-3348.1,5.2,0.0,0.0,0.1,5.1,3568.9,1639.7,179.2,1750.0,215.7,2322.5,2427.8,-110.90000000000009,-612.0,-177.5999999999999,0,0
2019-12-17,-3193.9,-3341.8,5.2,0.0,0.0,0.1,5.1,3559.7,1639.7,169.7,1750.3,212.7,2279.9,2427.8,-42.59999999999991,297.70000000000005,-226.19999999999982,0,0
2019-12-18,-3343.3,-3359.8,5.4,0.0,0.0,0.1,5.2,3575.3,1639.6,185.1,1750.6,210.1,2411.3,2427.8,131.4000000000001,538.3000000000002,44.70000000000027,0,0
2019-12-19,-2902.8,-3059.1,5.3,0.0,0.0,0.2,5.1,3273.0,1229.8,157.7,1885.5,208.5,2271.4,2427.8,-139.9000000000001,12.099999999999909,-152.5999999999999,0,0
2019-12-20,-3030.3,-3056.3,5.3,0.0,0.0,0.2,5.1,3270.0,1229.8,154.4,1885.8,208.4,2401.8,2427.8,130.4000000000001,-31.59999999999991,-93.69999999999982,0,0
2019-12-23,-3188.5,-3054.2,5.5,0.0,0.0,0.2,5.3,3268.1,1229.8,151.5,1886.8,208.4,2562.1,2427.8,160.29999999999973,239.5999999999999,-112.20000000000027,0,0
2019-12-24,-3185.1,-3071.6,5.3,0.0,0.0,0.2,5.1,3285.6,1229.8,168.7,1887.1,208.7,2541.3,2427.8,-20.799999999999727,261.4000000000001,-233.29999999999973,0,0
2019-12-25,-3181.3,-3109.8,5.3,0.0,0.0,0.2,5.1,3323.6,1229.8,206.5,1887.4,208.6,2499.3,2427.8,-42.0,88.0,-223.39999999999964,0,0
2019-12-26,-2280.9,-2534.1,5.5,0.0,0.0,0.4,5.1,2743.9,599.8,204.8,1939.3,204.3,2174.5,2427.8,-324.8000000000002,-96.90000000000009,218.79999999999995,1,0
2019-12-27,-2973.7,-2536.9,5.5,0.0,0.0,0.4,5.1,2746.4,599.8,207.0,1939.6,204.0,2864.6,2427.8,690.0999999999999,462.7999999999997,843.3,0,0
2019-12-30,-2998.5,-2574.0,5.1,0.0,0.0,0.0,5.1,2783.7,599.8,243.3,1940.6,204.6,2852.3,2427.8,-12.299999999999727,290.2000000000003,539.0,0,0
2019-12-31,-2730.3,-2632.1,20.7,0.0,0.0,12.6,8.1,2857.0,696.6,207.1,1953.3,204.2,2525.9,2427.8,-326.4000000000001,-15.400000000000091,186.9000000000001,1,0
2020-01-01,-2958.8,-2761.1,17.6,0.0,0.0,12.6,5.1,2982.6,696.6,329.7,1956.3,203.9,2625.5,2427.8,99.59999999999991,126.19999999999982,174.19999999999982,0,0
2020-01-09,-3135.0,-2824.3,17.6,0.0,0.0,12.6,5.1,3045.9,696.6,393.0,1956.3,203.9,2738.5,2427.8,113.0,564.0,325.3000000000002,0,0
2020-01-10,-3137.2,-2916.8,5.4,0.0,0.0,0.0,5.4,3126.1,938.7,206.9,1980.5,203.9,2648.2,2427.8,-90.30000000000018,-216.4000000000001,174.79999999999973,0,0
2020-01-13,-3361.2,-2972.8,5.1,0.0,0.0,0.0,5.1,3182.0,938.7,261.8,1981.5,204.1,2816.2,2427.8,168.0,-36.100000000000364,-46.20000000000027,0,0
2020-01-14,-3232.4,-3867.0,7.7,0.0,0.0,0.0,7.7,4077.6,1913.2,182.5,1981.9,202.8,1793.2,2427.8,-1022.9999999999998,-732.7,-1158.6000000000001,1,1
2020-01-15,-3240.7,-4144.1,5.1,0.0,0.0,0.0,5.1,4350.9,1987.7,381.0,1982.2,201.8,1524.4,2427.8,-268.79999999999995,-1101.1,-1410.1,0,0
2020-01-16,-3220.3,-3278.1,5.1,0.0,0.0,0.0,5.1,3484.5,1450.0,133.7,1900.8,201.4,2360.6,2418.4,836.1999999999998,-377.9000000000001,378.39999999999986,0,0
2020-01-17,-3337.4,-3278.0,5.8,0.0,0.0,0.0,5.8,3485.3,1450.0,134.2,1901.1,201.5,2477.7,2418.4,117.09999999999991,-170.5,604.6999999999998,0,0
2020-01-20,-3442.1,-3277.6,5.1,0.0,0.0,0.0,5.1,3483.8,1450.0,131.7,1902.1,201.1,2582.9,2418.4,105.20000000000027,-233.29999999999973,323.5999999999999,0,0
2020-01-21,-3668.9,-3311.0,15.1,0.0,0.0,0.0,15.1,3527.2,1450.0,174.8,1902.4,201.2,2776.3,2418.4,193.4000000000001,983.1000000000001,342.9000000000001,0,0
2020-01-22,-3809.9,-3319.8,5.1,0.0,0.0,0.0,5.1,3526.1,1450.0,173.4,1902.7,201.2,2908.5,2418.4,132.19999999999982,1384.1,586.0,0,0
2020-01-23,-3704.5,-3566.3,5.1,0.0,0.0,0.0,5.1,3771.4,1650.0,131.7,1989.7,200.0,2556.6,2418.4,-351.9000000000001,196.0,276.6999999999998,1,0
2020-01-24,-3805.1,-3562.4,5.1,0.0,0.0,0.0,5.1,3767.5,1650.0,127.4,1990.1,200.0,2661.1,2418.4,104.5,183.4000000000001,249.79999999999973,0,0
2020-01-27,-3680.1,-3571.8,5.1,0.0,0.0,0.0,5.1,3777.0,1650.0,135.9,1991.1,200.1,2526.7,2418.4,-134.4000000000001,-56.20000000000027,255.29999999999973,0,0
2020-01-28,-3078.5,-3560.1,5.1,0.0,0.0,0.0,5.1,3765.2,1650.0,123.8,1991.4,200.0,1936.8,2418.4,-589.8999999999999,-839.5000000000002,-465.0000000000002,1,1
2020-01-29,-3626.2,-3562.8,5.1,0.0,0.0,0.0,5.1,3767.1,1649.1,126.4,1991.7,199.2,2481.8,2418.4,545.0000000000002,-426.6999999999998,-80.29999999999973,0,0
2020-01-30,-3634.5,-3609.5,5.1,0.0,0.0,0.0,5.1,3813.8,1619.4,123.6,2070.8,199.2,2443.4,2418.4,-38.40000000000009,-113.19999999999982,-97.90000000000009,0,0
2020-01-31,-3838.3,-3612.8,13.3,0.0,0.0,0.0,13.3,3825.4,1619.4,134.8,2071.2,199.3,2643.9,2418.4,200.5,-17.199999999999818,144.5999999999999,0,0
2020-02-03,-3834.9,-3631.6,5.1,0.0,0.0,0.0,5.1,3838.3,1619.4,146.7,2072.2,201.6,2621.7,2418.4,-22.200000000000273,95.0,447.1999999999998,0,0
2020-02-04,-3872.0,-3623.1,5.1,0.0,0.0,0.0,5.1,3829.9,1619.4,137.9,2072.6,201.7,2667.3,2418.4,45.600000000000364,730.5000000000002,-197.29999999999973,0,0
2020-02-05,-3987.8,-3616.5,5.1,0.0,0.0,0.0,5.1,3823.6,1619.4,131.3,2072.9,202.0,2789.7,2418.4,122.39999999999964,307.89999999999964,-62.600000000000364,0,0
2020-02-06,-3891.5,-4107.2,5.1,0.0,0.0,0.0,5.1,4314.2,2060.0,155.8,2098.4,202.0,2202.7,2418.4,-587.0,-240.70000000000027,-323.2000000000003,1,1
2020-02-07,-4083.0,-4096.5,12.0,0.0,0.0,0.0,12.0,4310.4,2060.0,151.6,2098.8,201.9,2404.9,2418.4,202.20000000000027,-239.0,-220.5999999999999,0,0
2020-02-10,-4172.9,-4108.5,5.1,0.0,0.0,0.0,5.1,4315.3,2060.0,155.5,2099.8,201.7,2482.8,2418.4,77.90000000000009,-138.89999999999964,-255.69999999999982,0,0
2020-02-11,-4038.7,-4506.1,5.1,0.0,0.0,0.0,5.1,4712.3,2498.7,113.4,2100.2,201.1,1951.0,2418.4,-531.8000000000002,-716.3000000000002,-697.1999999999998,1,1
2020-02-12,-4124.4,-5026.5,5.1,0.0,0.0,0.0,5.1,5232.6,2653.6,478.5,2100.5,201.0,1516.2,2418.4,-434.79999999999995,-1273.4999999999998,-1299.9999999999998,1,0
2020-02-13,-4108.9,-3781.8,6.3,0.0,0.0,0.0,6.3,3989.5,2030.8,122.9,1835.8,201.4,2725.5,2398.3,1209.3,522.8000000000002,932.3,0,0
2020-02-14,-4142.8,-3782.9,5.1,0.0,0.0,0.0,5.1,3989.4,2030.8,122.5,1836.1,201.4,2758.2,2398.3,32.69999999999982,353.2999999999997,1233.7999999999997,0,0
2020-02-17,-4066.1,-3776.6,5.3,0.0,0.0,0.0,5.3,3983.0,2030.8,115.2,1837.0,201.1,2687.8,2398.3,-70.39999999999964,205.0,327.2000000000003,0,0
2020-02-18,-4071.2,-3794.4,5.1,0.0,0.0,0.0,5.1,4000.5,2030.8,132.4,1837.3,201.1,2675.1,2398.3,-12.700000000000273,724.0999999999999,197.4000000000001,0,0
2020-02-19,-4221.3,-3783.0,5.1,0.0,0.0,0.0,5.1,3989.4,2030.8,121.0,1837.6,201.3,2836.6,2398.3,161.5,1320.3999999999999,253.69999999999982,0,0
2020-02-20,-4097.0,-3956.9,5.1,0.0,0.0,0.0,5.1,4163.1,2170.0,133.8,1859.3,201.0,2538.4,2398.3,-298.1999999999998,-187.0999999999999,-237.9000000000001,0,0
2020-02-21,-4163.7,-3950.2,5.1,0.0,0.0,0.0,5.1,4156.4,2170.0,126.8,1859.6,201.0,2611.8,2398.3,73.40000000000009,-146.39999999999964,-296.6999999999998,0,0
2020-02-25,-4180.4,-3966.5,5.1,0.0,0.0,0.0,5.1,4171.0,2170.0,140.2,1860.8,199.5,2612.2,2398.3,0.3999999999996362,-75.60000000000036,55.59999999999991,0,0
2020-02-26,-3299.0,-3942.9,5.1,0.0,0.0,0.1,5.1,4146.6,2170.0,115.5,1861.1,198.6,1754.4,2398.3,-857.7999999999997,-920.6999999999998,-906.6999999999998,1,1
2020-02-27,-3351.7,-3721.7,5.1,0.0,0.0,0.0,5.1,3925.3,1920.0,132.8,1872.5,198.6,2028.4,2398.3,274.0,-808.1999999999998,-498.2999999999997,0,0
2020-02-28,-3432.4,-3722.8,5.3,0.0,0.0,0.2,5.1,3926.4,1920.0,133.6,1872.8,198.2,2107.9,2398.3,79.5,-430.5,171.10000000000014,0,0
2020-03-02,-3432.1,-3768.5,22.0,0.0,0.0,0.2,21.8,3988.1,1920.0,194.4,1873.7,197.6,2062.0,2398.3,-45.90000000000009,-549.8000000000002,-419.8000000000002,0,0
2020-03-03,-3411.3,-3745.1,5.2,0.0,0.0,0.1,5.1,3947.2,1920.0,153.2,1874.0,196.9,2064.5,2398.3,2.5,-547.6999999999998,-378.9000000000001,0,0
2020-03-04,-3473.8,-3716.4,5.1,0.0,0.0,0.0,5.1,3918.3,1920.0,124.0,1874.3,196.9,2155.8,2398.3,91.30000000000018,401.4000000000001,-488.0999999999999,0,0
2020-03-05,-3701.2,-3610.8,5.1,0.0,0.0,0.0,5.1,3812.7,1784.4,118.1,1910.2,196.8,2488.7,2398.3,332.89999999999964,460.2999999999997,-133.0,0,0
2020-03-06,-3689.8,-3619.7,5.1,0.0,0.0,0.0,5.1,3821.1,1784.4,126.2,1910.5,196.3,2468.4,2398.3,-20.299999999999727,360.5,-198.9000000000001,0,0
2020-03-10,-3874.2,-3622.2,5.1,0.0,0.0,0.1,5.1,3824.3,1784.4,128.0,1911.8,196.9,2650.3,2398.3,181.9000000000001,588.3000000000002,-139.39999999999964,0,0
2020-03-11,-4034.2,-3670.7,553.3,500.1,0.0,43.1,10.1,4420.7,1784.4,724.2,1912.1,196.8,2761.9,2398.3,111.59999999999991,697.4000000000001,559.2000000000003,0,0
2020-03-12,-3922.7,-2478.5,75.3,0.0,0.0,70.2,5.1,2750.5,1100.1,186.0,1464.4,196.7,3875.0,2430.8,1113.1,1719.1999999999998,1470.1,0,0
2020-03-13,-3861.5,-2440.9,90.1,0.0,0.0,85.0,5.1,2727.5,1100.1,162.8,1464.6,196.5,3851.4,2430.8,-23.59999999999991,1362.7000000000003,1368.6,0,0
2020-03-16,-3743.9,-2440.1,96.1,80.0,0.0,10.6,5.6,2732.2,1100.1,166.8,1465.3,196.1,3734.6,2430.8,-116.80000000000018,1266.1999999999998,1783.6,0,0
2020-03-17,-3706.2,-2499.3,93.2,0.0,0.0,88.1,5.1,2788.9,1100.1,223.2,1465.6,196.4,3637.7,2430.8,-96.90000000000009,987.3999999999996,2121.5,0,0
2020-03-18,-3656.2,-2460.4,159.8,0.0,0.0,154.7,5.1,2814.6,1100.1,248.7,1465.8,194.4,3626.6,2430.8,-11.099999999999909,864.6999999999998,901.0999999999999,0,0
2020-03-19,-3624.0,-3350.2,92.6,0.0,0.0,87.1,5.4,3637.2,1894.2,254.6,1488.4,194.4,2704.6,2430.8,-922.0,-1170.4,-53.59999999999991,1,1
2020-03-20,-3577.8,-3535.2,260.8,250.2,0.0,5.4,5.1,3990.3,2339.6,162.0,1488.7,194.4,2473.5,2430.8,-231.0999999999999,-1377.9,-214.30000000000018,0,0
2020-03-23,-3769.4,-3729.2,147.4,0.0,0.0,69.6,77.8,4070.8,2444.2,137.2,1489.4,194.3,2471.0,2430.8,-2.5,-1263.6,-204.0999999999999,0,0
2020-03-24,-3708.4,-3779.8,211.3,0.0,0.0,66.2,145.1,4185.3,2499.6,196.0,1489.7,194.2,2359.4,2430.8,-111.59999999999991,-1278.2999999999997,-477.1999999999998,0,0
2020-03-25,-3551.5,-4031.3,124.9,0.0,0.0,26.1,98.7,4350.4,2743.2,117.3,1489.9,194.2,1951.0,2430.8,-408.4000000000001,-1675.6,-587.4000000000001,1,0
2020-03-26,-2852.7,-3104.8,79.7,0.0,0.0,22.3,57.5,3380.7,1673.5,164.5,1542.7,196.2,2178.7,2430.8,227.69999999999982,-525.9000000000001,-433.10000000000036,0,0
2020-03-27,-2673.3,-2964.2,231.6,0.0,0.0,21.5,210.1,3389.8,1673.5,173.3,1543.0,194.0,2139.9,2430.8,-38.79999999999973,-333.5999999999999,-472.2999999999997,0,0
2020-03-30,-2543.4,-3055.9,39.2,0.0,0.0,18.1,21.1,3290.5,1673.5,73.3,1543.7,195.4,1918.3,2430.8,-221.60000000000014,-552.7,163.89999999999986,0,0
2020-03-31,-2434.8,-2547.3,561.4,489.4,0.0,12.0,60.1,3304.0,1673.5,86.5,1544.0,195.4,2318.4,2430.8,400.10000000000014,-41.0,290.0,0,0
2020-04-01,-2492.1,-2307.0,876.1,858.8,0.0,12.3,5.1,3378.2,1673.5,160.5,1544.2,195.0,2615.9,2430.8,297.5,664.9000000000001,508.0,0,0
2020-04-02,-2708.0,-2633.6,880.2,858.8,0.0,16.4,5.1,3708.9,1754.0,395.0,1559.9,195.1,2505.2,2430.8,-110.70000000000027,326.5,443.1999999999998,0,0
2020-04-03,-2655.0,-3224.3,899.0,858.6,0.0,26.8,13.7,4318.2,2354.0,404.1,1560.1,194.9,1861.5,2430.8,-643.6999999999998,-278.4000000000001,-203.0,1,1
2020-04-06,-2717.5,-3417.1,922.9,858.6,0.0,26.8,37.5,4534.8,2469.3,504.6,1560.9,194.9,1731.2,2430.8,-130.29999999999995,-187.0999999999999,-424.60000000000014,0,0
2020-04-07,-2738.5,-3329.4,432.1,424.8,0.0,0.0,7.3,3955.7,2272.2,122.4,1561.1,194.1,1839.9,2430.8,108.70000000000005,-478.5,-648.7999999999997,0,0
2020-04-08,-2743.1,-3658.4,429.9,424.8,0.0,0.0,5.1,4278.4,2364.2,352.9,1561.4,190.1,1515.5,2430.8,-324.4000000000001,-1100.4,-952.9000000000001,1,0
2020-04-09,-2392.9,-2490.9,109.7,0.0,0.0,11.6,98.1,2790.5,1050.0,172.9,1567.6,189.9,2506.9,2604.9,991.4000000000001,1.7000000000002728,-143.4000000000001,0,0
2020-04-10,-2532.6,-2572.9,16.7,0.0,0.0,11.6,5.1,2779.4,1050.0,161.6,1567.8,189.8,2564.6,2604.9,57.69999999999982,703.0999999999999,-197.30000000000018,0,0
2020-04-13,-2585.4,-2575.2,17.9,0.0,0.0,11.7,6.3,2782.6,1050.0,164.0,1568.6,189.5,2615.2,2604.9,50.59999999999991,883.9999999999998,-1259.8000000000002,0,0
2020-04-14,-2554.2,-2605.4,16.8,0.0,0.0,11.7,5.1,2811.4,1050.0,192.6,1568.8,189.3,2553.7,2604.9,-61.5,713.7999999999997,-1297.7000000000003,0,0
2020-04-15,-2534.7,-2599.8,16.8,0.0,0.0,11.7,5.1,2805.8,1050.0,186.7,1569.1,189.1,2539.8,2604.9,-13.899999999999636,1024.3000000000002,-1194.7999999999997,0,0
2020-04-16,-2343.4,-2508.2,16.6,0.0,0.0,11.5,5.1,2713.8,1130.0,125.3,1458.5,189.0,2440.1,2604.9,-99.70000000000027,-66.80000000000018,-1197.6,0,0
2020-04-17,-2451.6,-2505.6,16.6,0.0,0.0,11.5,5.1,2717.6,1130.0,128.8,1458.8,195.4,2550.9,2604.9,110.80000000000018,-13.699999999999818,-1075.6999999999998,0,0
2020-04-20,-2621.7,-2513.2,5.1,0.0,0.0,0.0,5.1,2713.5,1130.0,124.0,1459.5,195.3,2713.5,2604.9,162.5999999999999,98.30000000000018,8.900000000000091,0,0
2020-04-21,-2485.7,-2521.6,5.3,0.0,0.0,0.2,5.1,2722.2,1130.0,132.5,1459.7,195.3,2569.1,2604.9,-144.4000000000001,15.400000000000091,95.59999999999991,0,0
2020-04-22,-2475.9,-2473.7,45.3,0.0,0.0,0.0,45.3,2714.2,1130.0,124.3,1459.9,195.3,2607.2,2604.9,38.09999999999991,67.39999999999964,136.19999999999982,0,0
2020-04-23,-2326.6,-2059.4,5.1,0.0,0.0,0.0,5.1,2259.3,650.0,143.7,1465.6,194.8,2872.2,2604.9,265.0,432.0999999999999,512.7999999999997,0,0
2020-04-24,-2254.9,-2055.9,5.1,0.0,0.0,0.0,5.1,2255.9,650.0,140.1,1465.8,194.9,2803.9,2604.9,-68.29999999999973,253.0,852.9000000000001,0,0
2020-04-27,-2112.0,-1902.2,159.1,154.0,0.0,0.0,5.1,2256.4,650.0,139.9,1466.5,195.1,2814.7,2604.9,10.799999999999727,101.19999999999982,636.0,0,0
2020-04-28,-1584.1,-1496.7,521.4,500.2,0.0,0.0,21.2,2241.0,650.0,124.2,1466.8,222.9,2692.4,2604.9,-122.29999999999973,123.30000000000018,552.5,0,0
2020-04-29,-1333.0,-1494.9,505.2,500.2,0.0,0.0,5.1,2245.9,650.0,128.9,1467.0,245.8,2443.1,2604.9,-249.30000000000018,-164.0999999999999,524.8,0,0
2020-04-30,-1537.4,-1824.2,26.3,0.0,0.0,21.0,5.3,2097.1,410.0,168.2,1518.9,246.6,2318.2,2604.9,-124.90000000000009,-554.0,-0.20000000000027285,0,0
2020-05-01,-1872.7,-1434.3,505.5,500.5,0.0,0.0,5.1,2190.4,410.0,260.1,1520.3,250.6,3043.4,2604.9,725.2000000000003,239.5,427.5,0,0
2020-05-06,-1892.0,-1441.0,505.5,500.5,0.0,0.0,5.1,2197.1,410.0,266.8,1520.3,250.6,3055.9,2604.9,12.5,241.20000000000027,550.7000000000003,0,0
2020-05-07,-1850.6,-1246.1,785.6,780.5,0.0,0.0,5.1,2282.0,613.9,147.6,1520.5,250.2,3209.4,2604.9,153.5,517.0,1347.9,0,0
2020-05-08,-1180.8,-1234.0,785.6,780.5,0.0,0.0,5.1,2276.4,613.9,141.7,1520.8,256.7,2551.7,2604.9,-657.7000000000003,108.59999999999991,820.4999999999998,1,1
2020-05-12,-1422.4,-1377.5,785.6,780.5,0.0,0.0,5.1,2419.6,613.9,284.0,1521.7,256.5,2649.9,2604.9,98.20000000000027,331.7000000000003,810.0,0,0
2020-05-13,-1526.4,-2688.1,6.9,0.0,0.0,1.4,5.5,2951.5,1156.0,273.6,1521.9,256.5,1443.2,2604.9,-1206.7,-1600.2,-72.29999999999995,1,1
2020-05-14,-1771.8,-1538.3,5.4,0.0,0.0,0.0,5.4,1801.0,540.0,154.2,1106.8,257.3,2868.1,2634.6,1424.8999999999999,-187.80000000000018,361.1999999999998,0,0
2020-05-15,-1663.4,-1407.0,5.1,0.0,0.0,0.0,5.1,1794.3,540.0,147.4,1106.9,382.3,2891.1,2634.6,23.0,-318.3000000000002,326.5,0,0
2020-05-18,-1660.1,-1422.3,5.1,0.0,0.0,0.0,5.1,1810.0,540.0,162.6,1107.4,382.6,2872.5,2634.6,-18.59999999999991,320.8000000000002,257.3000000000002,0,0
2020-05-19,-1585.0,-1410.5,5.1,0.0,0.0,0.0,5.1,1798.3,540.0,150.7,1107.6,382.6,2809.1,2634.6,-63.40000000000009,159.19999999999982,255.4000000000001,0,0
2020-05-20,-1701.0,-1395.2,5.1,0.0,0.0,0.0,5.1,1791.0,540.0,143.2,1107.8,390.7,2940.4,2634.6,131.30000000000018,1497.2,400.5999999999999,0,0
2020-05-21,-1471.1,-1554.1,5.1,0.0,0.0,0.0,5.1,1951.7,700.0,143.8,1107.9,392.5,2551.6,2634.6,-388.8000000000002,-316.5,111.5,1,0
2020-05-22,-1670.9,-1543.8,5.1,0.0,0.0,0.0,5.1,1957.1,700.0,149.0,1108.1,408.2,2761.7,2634.6,210.0999999999999,-129.4000000000001,210.79999999999973,0,0
2020-05-25,-1590.7,-1542.8,5.1,0.0,0.0,0.0,5.1,1963.5,700.0,154.9,1108.6,415.6,2682.5,2634.6,-79.19999999999982,-190.0,-31.0,0,0
2020-05-26,-1386.9,-1552.3,5.1,0.0,0.0,0.0,5.1,1973.0,700.0,164.2,1108.8,415.6,2469.2,2634.6,-213.30000000000018,-339.9000000000001,-99.90000000000009,0,0
2020-05-27,-1648.8,-1560.1,5.1,0.0,0.0,0.0,5.1,1980.3,700.0,171.4,1108.9,415.1,2723.4,2634.6,254.20000000000027,-217.0,116.20000000000027,0,0
2020-05-28,-1879.4,-1586.1,5.1,0.0,0.0,0.0,5.1,2018.5,770.0,139.4,1109.1,427.3,2928.0,2634.6,204.5999999999999,376.4000000000001,55.80000000000018,0,0
2020-05-29,-1966.6,-1574.6,5.1,0.0,0.0,0.0,5.1,1994.9,770.0,115.7,1109.2,415.2,3026.6,2634.6,98.59999999999991,264.9000000000001,222.69999999999982,0,0
2020-06-01,-1719.2,-1580.6,5.1,0.0,0.0,0.1,5.1,2005.7,770.0,126.0,1109.7,419.9,2773.2,2634.6,-253.4000000000001,90.69999999999982,-41.5,0,0
2020-06-02,-1743.9,-1580.2,5.7,0.0,0.0,0.0,5.7,2009.9,770.0,130.0,1109.9,424.0,2798.3,2634.6,25.100000000000364,329.10000000000036,105.90000000000009,0,0
2020-06-03,-1781.8,-1560.0,5.1,0.0,0.0,0.0,5.1,1989.7,770.0,109.6,1110.1,424.6,2856.4,2634.6,58.09999999999991,133.0,413.3000000000002,0,0
2020-06-04,-1754.4,-1623.2,5.1,0.0,0.0,0.0,5.1,2052.9,836.6,106.1,1110.2,424.6,2765.9,2634.6,-90.5,-162.0999999999999,447.7000000000003,0,0
2020-06-05,-1633.3,-1622.7,5.1,0.0,0.0,0.0,5.1,2054.0,836.6,107.0,1110.4,426.2,2645.2,2634.6,-120.70000000000027,-381.4000000000001,-398.2000000000003,0,0
2020-06-08,-1507.1,-1629.9,5.1,0.0,0.0,0.0,5.1,2060.9,836.6,113.4,1110.9,426.0,2511.9,2634.6,-133.29999999999973,-261.2999999999997,-544.0,0,0
2020-06-09,-1646.9,-1749.9,5.1,0.0,0.0,0.0,5.1,2178.4,836.6,230.7,1111.1,423.5,2531.7,2634.6,19.799999999999727,-266.60000000000036,-677.7000000000003,0,0
2020-06-10,-1709.7,-2805.6,10.7,0.0,0.0,5.6,5.1,3239.8,1922.7,205.9,1111.2,423.6,1538.8,2634.6,-992.8999999999999,-1317.6000000000001,-1012.8999999999999,1,1
2020-06-11,-1778.9,-1760.8,5.2,0.0,0.0,0.1,5.1,2285.8,1459.7,119.9,706.2,519.9,2587.7,2569.5,1048.8999999999999,-178.20000000000027,-62.20000000000027,0,0
2020-06-15,-1761.3,-1772.5,5.2,0.0,0.0,0.1,5.1,2298.5,1459.7,132.2,706.6,520.8,2558.3,2569.5,-29.399999999999636,-86.89999999999964,1115.1000000000001,0,0
2020-06-16,-1652.0,-1771.9,5.2,0.0,0.0,0.1,5.1,2297.9,1459.7,131.5,706.7,520.8,2449.7,2569.5,-108.60000000000036,-62.20000000000027,-418.4000000000001,0,0
2020-06-17,-1818.0,-1800.2,5.2,0.0,0.0,0.1,5.1,2331.1,1459.7,164.6,706.8,525.7,2587.3,2569.5,137.60000000000036,55.600000000000364,-303.7999999999997,0,0
2020-06-18,-1446.4,-1901.7,5.2,0.0,0.0,0.1,5.1,2433.2,1320.0,406.2,707.0,526.4,2114.2,2569.5,-473.10000000000036,575.3999999999999,-758.3000000000002,1,0
2020-06-19,-1510.5,-1940.6,5.2,0.0,0.0,0.1,5.1,2472.2,1320.0,445.1,707.1,526.5,2139.5,2569.5,25.300000000000182,-448.1999999999998,-669.5999999999999,0,0
2020-06-22,-1557.1,-2084.4,5.2,0.0,0.0,0.1,5.1,2615.6,1320.0,588.2,707.4,526.0,2042.3,2569.5,-97.20000000000005,-516.0000000000002,-898.1000000000001,0,0
2020-06-23,-1684.7,-1807.1,5.2,0.0,0.0,0.1,5.1,2338.6,1320.0,311.2,707.4,526.4,2447.2,2569.5,404.89999999999986,-2.5,-104.40000000000009,0,0
2020-06-25,-1608.0,-1437.4,10.5,5.3,0.0,0.1,5.1,1978.6,1156.0,115.0,707.6,530.7,2740.1,2569.5,292.9000000000001,152.79999999999973,-21.59999999999991,0,0
2020-06-26,-943.3,-1428.5,10.4,5.3,0.0,0.0,5.1,1977.9,1156.0,114.2,707.7,539.0,2084.3,2569.5,-655.7999999999997,-29.899999999999636,-598.1999999999998,1,1
2020-06-29,-1554.1,-1444.9,10.4,5.3,0.0,0.0,5.1,1994.5,1156.0,130.5,708.0,539.2,2678.8,2569.5,594.5,539.3000000000002,209.60000000000036,0,0
2020-06-30,-1912.9,-1437.5,10.4,5.3,0.0,0.0,5.1,1986.9,1156.0,122.9,708.0,539.0,3044.9,2569.5,366.0999999999999,1002.6000000000001,321.5,0,0
2020-07-02,-2130.2,-1150.7,10.4,5.3,0.0,0.0,5.1,1632.9,773.4,151.3,708.2,471.8,3549.0,2569.5,504.0999999999999,1101.8000000000002,621.0,0,0
2020-07-03,-1941.1,-1147.8,10.4,5.3,0.0,0.0,5.1,1630.3,773.4,148.6,708.3,472.1,3362.9,2569.5,-186.0999999999999,622.8000000000002,336.3000000000002,0,0
2020-07-06,-2112.6,-1190.6,10.4,5.3,0.0,0.0,5.1,1677.4,773.4,195.4,708.6,476.4,3491.5,2569.5,128.5999999999999,1407.1999999999998,718.3000000000002,0,0
2020-07-07,-2131.9,-2655.1,13.4,5.3,0.0,0.0,8.1,3144.8,2262.9,173.2,708.6,476.3,2046.4,2569.5,-1445.1,-632.4000000000001,-751.9000000000001,1,1
2020-07-08,-1929.3,-3033.4,10.4,5.3,0.0,0.0,5.1,3520.2,2472.5,339.0,708.7,476.4,1465.4,2569.5,-581.0,-1579.5,-1391.0,1,1
2020-07-09,-2087.5,-1646.2,10.4,5.3,0.0,0.0,5.1,2166.3,1314.1,143.4,708.8,509.7,2969.9,2528.5,1504.5,-579.0999999999999,204.0,0,0
2020-07-10,-2117.0,-1632.6,10.4,5.3,0.0,0.0,5.1,2153.6,1314.1,130.6,708.9,510.6,3012.9,2528.5,43.0,-350.0,367.7000000000003,0,0
2020-07-13,-2171.8,-1626.4,10.4,5.3,0.0,0.0,5.1,2146.4,1314.1,123.1,709.2,509.6,3074.0,2528.5,61.09999999999991,-417.5,562.0999999999999,0,0
2020-07-14,-2138.8,-1658.4,10.4,5.3,0.0,0.0,5.1,2178.6,1314.1,155.3,709.2,509.7,3008.9,2528.5,-65.09999999999991,962.5,477.2000000000003,0,0
2020-07-15,-2008.0,-1611.2,10.4,5.3,0.0,0.0,5.1,2148.8,1314.1,125.4,709.3,527.1,2925.3,2528.5,-83.59999999999991,1459.9,1386.5000000000002,0,0
2020-07-16,-1772.5,-1996.0,10.4,5.3,0.0,0.0,5.1,2534.1,1700.0,127.7,706.4,527.7,2305.1,2528.5,-620.2000000000003,-664.8000000000002,-282.5999999999999,1,1
2020-07-17,-1765.7,-1996.8,10.4,5.3,0.0,0.0,5.1,2534.9,1700.0,128.5,706.4,527.7,2297.5,2528.5,-7.599999999999909,-715.4000000000001,-260.8000000000002,0,0
2020-07-20,-1985.2,-1999.7,10.4,5.3,0.0,0.0,5.1,2538.6,1700.0,131.9,706.7,528.4,2514.0,2528.5,216.5,-560.0,64.30000000000018,0,0
2020-07-21,-1998.2,-2003.2,10.4,5.3,0.0,0.0,5.1,2542.5,1700.0,135.7,706.8,528.8,2523.5,2528.5,9.5,-485.4000000000001,-63.80000000000018,0,0
2020-07-22,-2082.6,-2000.2,10.5,5.3,0.0,0.0,5.1,2539.7,1700.0,132.8,706.9,529.0,2610.9,2528.5,87.40000000000009,-314.4000000000001,496.7000000000003,0,0
2020-07-23,-1990.5,-1713.4,10.4,5.3,0.0,0.0,5.1,2261.8,1332.7,222.1,707.0,538.0,2805.6,2528.5,194.69999999999982,500.5,666.0999999999999,0,0
2020-07-24,-2030.7,-1725.8,10.5,5.3,0.0,0.0,5.2,2285.7,1332.7,246.0,707.0,549.4,2833.5,2528.5,27.90000000000009,536.0,791.2,0,0
2020-07-27,-1976.4,-1727.4,10.4,5.3,0.0,0.0,5.1,2286.6,1332.7,246.6,707.3,548.8,2777.5,2528.5,-56.0,263.5,330.3000000000002,0,0
2020-07-28,-1341.4,-1719.7,10.4,5.3,0.0,0.0,5.1,2278.3,1332.7,238.2,707.4,548.2,2150.3,2528.5,-627.1999999999998,-373.1999999999998,-589.7999999999997,1,1
2020-07-29,-1270.8,-1685.3,10.4,5.3,0.0,0.0,5.1,2244.3,1332.7,204.1,707.5,548.6,2114.1,2528.5,-36.20000000000027,-496.8000000000002,29.799999999999727,0,0
2020-07-30,-1612.7,-2003.7,10.4,5.3,0.0,0.0,5.1,2573.7,1750.0,116.2,707.5,559.5,2137.5,2528.5,23.40000000000009,-668.0999999999999,-541.3000000000002,0,0
2020-07-31,-1756.1,-2050.1,10.8,5.3,0.0,0.0,5.4,2621.6,1750.0,164.0,707.6,560.7,2234.5,2528.5,97.0,-599.0,-810.4000000000001,0,0
2020-08-03,-2130.7,-2075.7,10.4,5.3,0.0,0.0,5.1,2646.9,1750.0,189.0,707.9,560.8,2583.6,2528.5,349.0999999999999,-193.9000000000001,-965.4000000000001,0,0
2020-08-04,-1812.7,-2124.4,11.9,5.3,0.0,0.0,6.6,2697.5,1750.0,239.5,708.0,561.1,2216.8,2528.5,-366.7999999999997,66.5,-1146.1,1,0
2020-08-05,-1879.2,-2892.8,10.4,5.3,0.0,0.0,5.1,3464.4,2345.1,411.3,708.0,561.2,1514.9,2528.5,-701.9000000000001,-599.1999999999998,-1976.6,1,1
2020-08-06,-1808.2,-1966.1,10.4,5.3,0.0,0.0,5.1,2537.4,1699.3,130.0,708.1,560.9,2420.0,2577.9,905.0999999999999,282.5,373.5999999999999,0,0
2020-08-07,-1849.1,-1966.6,10.4,5.3,0.0,0.0,5.1,2532.0,1699.3,124.5,708.2,554.9,2460.3,2577.9,40.30000000000018,225.80000000000018,994.9000000000001,0,0
2020-08-10,-2065.5,-1965.4,12.0,5.3,0.0,0.0,6.7,2533.4,1699.3,125.7,708.4,556.0,2678.0,2577.9,217.69999999999982,94.40000000000009,-291.9000000000001,0,0
2020-08-11,-2161.2,-1968.3,10.4,5.3,0.0,0.0,5.1,2535.3,1699.3,127.5,708.5,556.6,2770.8,2577.9,92.80000000000018,554.0,-242.0999999999999,0,0
2020-08-12,-2241.8,-1965.6,10.4,5.3,0.0,0.0,5.1,2549.9,1699.3,142.0,708.6,573.9,2854.1,2577.9,83.29999999999973,1339.1999999999998,-219.9000000000001,0,0
2020-08-13,-2224.5,-1847.0,10.4,5.3,0.0,0.0,5.1,2431.6,1490.0,121.6,820.0,574.3,2955.4,2577.9,101.30000000000018,535.4000000000001,-53.5,0,0
2020-08-14,-2109.9,-1839.0,10.4,5.3,0.0,0.0,5.1,2424.5,1490.0,114.4,820.1,575.1,2848.8,2577.9,-106.59999999999991,388.5,-76.5,0,0
2020-08-17,-2181.4,-1841.7,10.4,5.3,0.0,0.0,5.1,2422.1,1490.0,111.8,820.3,570.0,2917.5,2577.9,68.69999999999982,239.5,612.4000000000001,0,0
2020-08-18,-2149.9,-1863.1,10.4,5.3,0.0,0.0,5.1,2446.1,1490.0,135.7,820.4,572.5,2864.6,2577.9,-52.90000000000009,93.79999999999973,567.0999999999999,0,0
2020-08-19,-2242.5,-1860.3,10.4,5.3,0.0,0.0,5.1,2444.1,1490.0,133.6,820.5,573.4,2960.1,2577.9,95.5,106.0,446.0999999999999,0,0
2020-08-20,-2227.4,-2045.1,10.4,5.3,0.0,0.0,5.1,2629.7,1673.1,133.5,823.2,574.2,2760.2,2577.9,-199.9000000000001,-195.20000000000027,236.69999999999982,0,0
2020-08-21,-2145.8,-2029.4,10.4,5.3,0.0,0.0,5.1,2614.2,1673.1,117.8,823.3,574.4,2694.3,2577.9,-65.89999999999964,-154.5,83.40000000000009,0,0
2020-08-24,-2284.4,-2047.9,10.4,5.3,0.0,0.0,5.1,2633.0,1673.1,136.4,823.5,574.6,2814.3,2577.9,120.0,-103.19999999999982,8.700000000000273,0,0
2020-08-25,-2105.7,-2056.2,10.4,5.3,0.0,0.0,5.1,2641.6,1673.1,144.9,823.6,575.0,2627.4,2577.9,-186.9000000000001,-237.19999999999982,-206.0999999999999,0,0
2020-08-26,-1757.0,-1995.7,50.7,5.3,0.0,0.0,45.3,2621.5,1672.7,125.1,823.7,575.1,2339.2,2577.9,-288.2000000000003,-620.9000000000001,-438.3000000000002,0,0
2020-08-27,-1364.4,-1576.6,10.6,5.3,0.0,0.2,5.1,2164.7,1210.2,124.9,829.6,577.4,2365.6,2577.9,26.40000000000009,-394.5999999999999,215.29999999999973,0,0
2020-08-28,-1419.9,-1571.6,10.4,5.3,0.0,0.0,5.1,2159.6,1210.2,119.7,829.7,577.5,2426.2,2577.9,60.59999999999991,-268.10000000000036,312.0999999999999,0,0
2020-08-31,-1771.2,-1592.9,10.4,5.3,0.0,0.0,5.1,2179.7,1210.2,139.6,829.9,576.4,2756.2,2577.9,330.0,-58.100000000000364,618.6999999999998,0,0
2020-09-01,-1923.5,-1595.8,13.4,5.3,0.0,3.0,5.1,2185.3,1210.2,145.1,830.0,576.1,2905.6,2577.9,149.4000000000001,278.1999999999998,671.0999999999999,0,0
2020-09-02,-1934.8,-1610.0,10.4,5.3,0.0,0.0,5.1,2196.3,1210.2,156.1,830.1,575.9,2902.6,2577.9,-3.0,563.4000000000001,319.0,0,0
2020-09-03,-1615.0,-2124.9,10.6,5.3,0.0,0.0,5.3,2711.4,1751.7,126.5,833.3,575.8,2067.9,2577.9,-834.6999999999998,-297.6999999999998,-148.9000000000001,1,1
2020-09-04,-1727.3,-2127.5,10.4,5.3,0.0,0.0,5.1,2714.5,1751.7,129.4,833.4,576.6,2177.7,2577.9,109.79999999999973,-248.5,662.7999999999997,0,0
2020-09-07,-1863.5,-2145.1,10.5,5.3,0.0,0.1,5.1,2730.5,1751.7,145.2,833.7,575.0,2296.3,2577.9,118.60000000000036,-459.89999999999964,-123.69999999999982,0,0
2020-09-08,-2006.6,-2221.3,10.4,5.3,0.0,0.0,5.1,2806.8,1751.7,221.3,833.8,575.1,2363.2,2577.9,66.89999999999964,-542.4000000000001,-97.10000000000036,0,0
2020-09-09,-1908.4,-2526.3,30.7,5.3,0.0,20.0,5.4,3132.9,2056.3,242.7,833.9,575.9,1960.0,2577.9,-403.1999999999998,-942.5999999999999,-718.0,1,0
2020-09-10,-1836.2,-1835.3,10.4,5.3,0.0,0.0,5.1,2421.3,1600.0,115.7,705.6,575.6,2634.8,2633.9,674.8000000000002,566.9000000000001,-136.0,0,0
2020-09-11,-1912.8,-1827.7,10.4,5.3,0.0,0.0,5.1,2415.8,1600.0,110.1,705.7,577.7,2719.0,2633.9,84.19999999999982,541.3000000000002,-135.0999999999999,0,0
2020-09-14,-1920.2,-1825.7,10.4,5.3,0.0,0.0,5.1,2418.3,1600.0,112.3,706.0,582.2,2728.4,2633.9,9.400000000000091,432.0999999999999,-227.0,0,0
2020-09-15,-1973.8,-1830.0,10.5,5.3,0.0,0.1,5.1,2437.2,1600.0,131.2,706.0,596.7,2777.7,2633.9,49.29999999999973,414.5,-71.10000000000036,0,0
2020-09-16,-1921.6,-1809.6,10.6,5.3,0.0,0.2,5.1,2418.8,1600.0,112.7,706.1,598.6,2745.9,2633.9,-31.799999999999727,785.9000000000001,-171.5999999999999,0,0
2020-09-17,-1836.0,-1871.6,11.1,5.3,0.0,0.7,5.1,2482.6,1616.2,108.2,758.2,599.8,2598.3,2633.9,-147.5999999999999,-36.5,-266.2999999999997,0,0
2020-09-18,-1991.1,-1874.3,10.7,5.3,0.0,0.3,5.1,2484.9,1616.2,110.4,758.3,599.9,2750.7,2633.9,152.39999999999964,31.699999999999818,-209.4000000000001,0,0
2020-09-21,-2205.1,-1878.9,10.7,5.3,0.0,0.3,5.1,2488.7,1616.2,114.0,758.5,599.1,2960.1,2633.9,209.4000000000001,231.69999999999982,199.9000000000001,0,0
2020-09-22,-2254.6,-1887.6,11.8,5.3,0.0,0.3,6.1,2498.6,1616.2,123.8,758.6,599.3,3001.0,2633.9,40.90000000000009,223.30000000000018,306.6999999999998,0,0
2020-09-23,-2252.7,-1879.8,10.7,5.3,0.0,0.3,5.1,2491.4,1616.2,116.5,758.7,600.9,3006.8,2633.9,5.800000000000182,260.9000000000001,192.5,0,0
2020-09-24,-2154.9,-1451.4,11.1,5.3,0.0,0.3,5.4,2063.6,1176.3,122.5,764.8,601.1,3337.4,2633.9,330.5999999999999,739.0999999999999,710.0,0,0
2020-09-25,-2064.6,-1470.9,10.7,5.3,0.0,0.3,5.1,2082.8,1176.3,141.7,764.9,601.2,3227.6,2633.9,-109.80000000000018,476.9000000000001,888.4000000000001,0,0
2020-09-28,-1375.6,-1449.1,10.7,5.3,0.0,0.3,5.1,2060.5,1176.3,119.1,765.1,600.6,2560.4,2633.9,-667.1999999999998,-399.6999999999998,194.80000000000018,1,1
2020-09-29,-1400.5,-1446.0,10.7,5.3,0.0,0.3,5.1,2059.4,1176.3,117.9,765.2,602.7,2588.4,2633.9,28.0,-412.5999999999999,162.20000000000027,0,0
2020-09-30,-1790.3,-1441.5,10.7,5.3,0.0,0.3,5.1,2054.9,1176.3,113.4,765.3,602.7,2982.7,2633.9,394.2999999999997,-24.100000000000364,226.5,0,0
2020-10-01,-1757.7,-1351.9,10.7,5.3,0.0,0.3,5.1,1966.8,999.2,149.1,818.5,604.2,3039.7,2633.9,57.0,-297.7000000000003,134.0999999999999,0,0
2020-10-02,-1554.3,-1351.4,10.7,5.3,0.0,0.3,5.1,1966.2,999.2,148.4,818.6,604.1,2836.8,2633.9,-202.89999999999964,-390.7999999999997,-65.79999999999973,0,0
2020-10-05,-1564.4,-1785.5,10.7,5.3,0.0,0.3,5.1,2401.7,999.2,583.7,818.9,605.5,2412.8,2633.9,-424.0,-147.5999999999999,344.9000000000001,1,0
2020-10-06,-1767.5,-2669.0,10.6,5.3,0.0,0.2,5.1,3284.8,2117.1,348.7,819.0,605.2,1732.5,2633.9,-680.3000000000002,-855.9000000000001,-445.1999999999998,1,1
2020-10-07,-1790.0,-2816.5,10.6,5.3,0.0,0.2,5.1,3433.6,2298.1,316.4,819.1,606.5,1607.5,2633.9,-125.0,-1375.1999999999998,-688.8000000000002,0,0
2020-10-08,-1682.0,-1533.5,10.7,5.3,0.0,0.3,5.1,2150.4,1170.0,117.4,863.0,606.2,2836.8,2688.3,1229.3000000000002,-202.89999999999964,473.60000000000036,0,0
2020-10-09,-1832.9,-1526.9,10.7,5.3,0.0,0.3,5.1,2143.9,1170.0,110.8,863.1,606.3,2994.3,2688.3,157.5,157.5,1034.3000000000002,0,0
2020-10-12,-1886.8,-1545.2,10.7,5.3,0.0,0.3,5.1,2163.9,1170.0,130.5,863.4,608.0,3029.9,2688.3,35.59999999999991,617.0999999999999,395.0999999999999,0,0
2020-10-13,-1650.8,-1548.9,10.7,5.3,0.0,0.3,5.1,2166.9,1170.0,133.4,863.5,607.3,2790.2,2688.3,-239.70000000000027,1057.6999999999998,71.19999999999982,0,0
2020-10-14,-1899.7,-1515.4,30.7,5.3,0.0,0.3,25.1,2153.4,1170.0,119.8,863.6,607.3,3072.6,2688.3,282.4000000000001,1465.1,344.1999999999998,0,0
2020-10-15,-1415.6,-871.2,633.6,628.2,0.0,0.3,5.1,2112.2,1286.0,141.3,684.9,607.3,3232.7,2688.3,160.0999999999999,395.89999999999964,455.0,0,0
2020-10-16,-1368.9,-858.4,633.9,628.2,0.0,0.5,5.1,2100.5,1286.0,129.5,685.0,608.2,3198.8,2688.3,-33.899999999999636,204.5,452.9000000000001,0,0
2020-10-19,-1463.8,-868.6,633.8,628.2,0.0,0.5,5.1,2110.6,1286.0,139.4,685.2,608.1,3283.5,2688.3,84.69999999999982,253.5999999999999,685.1999999999998,0,0
2020-10-20,-1466.8,-873.6,633.6,628.2,0.0,0.3,5.1,2118.6,1286.0,147.3,685.3,611.4,3281.5,2688.3,-2.0,491.3000000000002,530.8000000000002,0,0
2020-10-21,-1300.3,-859.8,633.4,628.2,0.0,0.1,5.1,2106.9,1286.0,135.5,685.4,613.7,3128.8,2688.3,-152.69999999999982,56.20000000000027,168.70000000000027,0,0
2020-10-22,-1024.2,-598.3,633.4,628.2,0.0,0.1,5.1,1845.5,1046.2,103.4,695.9,613.8,3114.2,2688.3,-14.600000000000364,-118.5,113.19999999999982,0,0
2020-10-23,-1003.6,-603.4,633.3,628.2,0.0,0.0,5.1,1850.4,1046.2,108.3,695.9,613.8,3088.5,2688.3,-25.699999999999818,-110.30000000000018,81.69999999999982,0,0
2020-10-26,-1056.5,-604.3,633.3,628.2,0.0,0.0,5.1,1851.8,1046.2,109.4,696.2,614.2,3140.5,2688.3,52.0,-143.0,-196.9000000000001,0,0
2020-10-27,-542.5,-623.0,633.3,628.2,0.0,0.0,5.1,1870.4,1046.2,127.9,696.3,614.1,2607.8,2688.3,-532.6999999999998,-673.6999999999998,-619.7999999999997,1,1
2020-10-28,-574.2,-614.1,633.5,628.2,0.0,0.2,5.1,1863.9,1046.2,121.4,696.3,616.3,2648.4,2688.3,40.59999999999991,-480.4000000000001,88.0,0,0
2020-10-29,-290.2,-642.6,633.3,628.2,0.0,0.0,5.1,1892.6,1083.1,111.3,698.2,616.7,2335.9,2688.3,-312.5,-778.2999999999997,-252.5,1,0
2020-10-30,-523.6,-640.2,633.3,628.2,0.0,0.0,5.1,1890.3,1083.1,108.9,698.3,616.8,2571.7,2688.3,235.79999999999973,-516.8000000000002,-411.0,0,0
2020-11-02,-647.5,-679.9,633.3,628.2,0.0,0.0,5.1,1931.3,1083.1,149.7,698.5,618.1,2655.9,2688.3,84.20000000000027,-484.5999999999999,-383.7999999999997,0,0
2020-11-03,-598.1,-654.8,633.3,628.2,0.0,0.0,5.1,1907.9,1083.1,126.2,698.6,619.7,2631.6,2688.3,-24.300000000000182,23.799999999999727,-205.20000000000027,0,0
2020-11-05,-221.7,-666.8,633.3,628.2,0.0,0.0,5.1,1919.6,1083.1,137.7,698.8,619.4,2243.2,2688.3,-388.4000000000001,-405.2000000000003,-169.60000000000036,1,0
2020-11-06,-175.3,-920.9,633.3,628.2,0.0,0.0,5.1,2174.5,1369.8,105.9,698.8,620.3,1942.7,2688.3,-300.4999999999998,-393.20000000000005,210.20000000000005,1,0
2020-11-09,-559.2,-926.1,633.3,628.2,0.0,0.0,5.1,2179.4,1369.8,110.5,699.1,620.0,2321.4,2688.3,378.70000000000005,-250.29999999999973,713.9000000000001,0,0
2020-11-10,-657.7,-1455.7,633.4,628.2,0.0,0.0,5.1,2708.5,1369.8,639.5,699.2,619.4,1890.3,2688.3,-431.10000000000014,-765.6000000000001,-946.5000000000002,1,0
2020-11-11,-727.0,-2194.3,713.3,628.2,0.0,0.0,85.1,3527.0,2348.5,479.3,699.2,619.5,1221.0,2688.3,-669.3,-1410.6,-1773.3000000000002,1,1
2020-11-12,-426.8,-171.0,1235.3,1230.2,0.0,0.0,5.1,2025.7,1336.8,125.4,563.4,619.3,2992.5,2736.7,1771.5,749.3000000000002,-37.40000000000009,0,0
2020-11-13,-697.4,-147.9,1235.7,1230.2,0.0,0.4,5.1,2003.1,1336.8,102.9,563.4,619.5,3286.2,2736.7,293.6999999999998,1343.4999999999998,496.0,0,0
2020-11-16,-858.4,-153.2,1235.3,1230.2,0.0,0.0,5.1,2008.3,1336.8,107.9,563.6,619.7,3441.9,2736.7,155.70000000000027,1120.5,369.3000000000002,0,0
2020-11-17,-919.1,-154.7,1235.3,1230.2,0.0,0.0,5.1,2009.7,1336.8,109.2,563.7,619.6,3501.1,2736.7,59.19999999999982,1610.8,268.4000000000001,0,0
2020-11-18,-949.8,-152.7,1235.3,1230.2,0.0,0.0,5.1,2007.6,1336.2,107.6,563.8,619.6,3533.9,2736.7,32.80000000000018,2312.9,335.0999999999999,0,0
2020-11-19,-1034.6,-461.4,1235.3,1230.2,0.0,0.0,5.1,2318.0,1607.2,105.2,605.6,621.2,3309.9,2736.7,-224.0,317.4000000000001,26.40000000000009,0,0
2020-11-20,-1051.8,-455.8,1235.3,1230.2,0.0,0.0,5.1,2312.7,1607.2,99.8,605.6,621.5,3332.7,2736.7,22.799999999999727,46.5,51.19999999999982,0,0
2020-11-23,-1001.6,-462.2,1235.5,1230.2,0.0,0.1,5.1,2318.9,1607.2,105.7,605.9,621.2,3276.1,2736.7,-56.59999999999991,-165.80000000000018,147.29999999999973,0,0
2020-11-24,-927.7,-466.5,1235.5,1230.2,0.0,0.1,5.1,2323.4,1607.2,110.3,605.9,621.5,3198.0,2736.7,-78.09999999999991,-303.0999999999999,83.80000000000018,0,0
2020-11-25,-794.0,-457.6,1235.3,1230.2,0.0,0.0,5.1,2314.5,1607.2,101.2,606.0,621.5,3073.1,2736.7,-124.90000000000009,-460.8000000000002,-15.400000000000091,0,0
2020-11-26,-6.9,-286.4,1264.0,1230.2,0.0,25.8,8.0,2171.1,1457.1,107.9,606.1,620.6,2457.2,2736.7,-615.9000000000001,-852.7000000000003,-683.3000000000002,1,1
2020-11-27,-44.0,-348.1,1235.3,1230.2,0.0,0.0,5.1,2204.0,1457.1,140.8,606.1,620.6,2432.6,2736.7,-24.59999999999991,-900.0999999999999,-175.20000000000027,0,0
2020-11-30,-160.3,-293.1,1276.5,1230.2,0.0,0.0,46.3,2185.2,1457.1,121.7,606.3,615.6,2604.0,2736.7,171.4000000000001,-672.0999999999999,-44.40000000000009,0,0
2020-12-01,-379.1,-296.5,1286.9,1230.2,0.0,0.0,56.7,2199.1,1457.1,135.6,606.4,615.7,2819.3,2736.7,215.30000000000018,-378.6999999999998,483.4000000000001,0,0
2020-12-02,-149.7,-288.3,1287.7,1230.2,0.0,0.0,57.5,2188.6,1457.1,125.0,606.5,612.6,2598.2,2736.7,-221.10000000000036,-474.9000000000001,26.5,0,0
2020-12-03,-381.4,-903.4,1292.1,1230.2,0.0,0.0,61.9,2808.4,2055.7,124.7,628.1,613.0,2214.8,2736.7,-383.39999999999964,-242.39999999999964,-441.0999999999999,1,0
2020-12-04,-409.7,-881.3,1292.1,1230.2,0.0,0.0,61.9,2782.9,2055.7,99.0,628.2,609.5,2265.1,2736.7,50.29999999999973,-167.5,-366.5,0,0
2020-12-07,-304.4,-885.5,1292.1,1230.2,0.0,0.0,61.9,2786.9,2055.7,102.9,628.4,609.3,2155.6,2736.7,-109.5,-448.4000000000001,-87.59999999999991,0,0
2020-12-08,-298.9,-969.9,1292.1,1230.2,0.0,0.0,61.9,2871.1,2055.7,186.9,628.5,609.0,2065.7,2736.7,-89.90000000000009,-753.6000000000004,122.99999999999977,0,0
2020-12-09,-385.3,-2056.3,1441.9,1230.2,0.0,1.3,210.3,4106.6,2961.6,516.6,628.5,608.5,1065.8,2736.7,-999.8999999999999,-1532.3999999999999,-1255.6000000000001,1,1
2020-12-10,-531.9,-276.8,908.8,846.9,0.0,0.0,61.9,1793.7,1140.0,104.3,549.4,608.2,3045.9,2790.7,1980.1000000000001,831.0999999999999,1155.6000000000001,0,0
2020-12-11,-571.5,-302.8,884.6,846.9,0.0,0.0,37.7,1795.6,1140.0,106.1,549.5,608.3,3059.5,2790.7,13.599999999999909,794.4000000000001,1838.5,0,0
2020-12-14,-398.9,-306.5,884.6,846.9,0.0,0.0,37.7,1799.1,1140.0,109.5,549.6,608.0,2883.1,2790.7,-176.4000000000001,727.5,-109.40000000000009,0,0
2020-12-15,-264.5,-314.1,884.6,846.9,0.0,0.0,37.7,1806.4,1140.0,116.7,549.7,607.8,2741.1,2790.7,-142.0,675.4000000000001,-545.0999999999999,0,0
2020-12-16,-233.6,-309.1,884.6,846.9,0.0,0.0,37.7,1802.1,1140.0,112.3,549.8,608.4,2715.2,2790.7,-25.90000000000009,1649.3999999999999,-726.7000000000003,0,0
2020-12-17,367.4,72.3,885.6,846.9,0.0,0.0,38.7,1421.7,759.9,110.0,551.8,608.4,2495.7,2790.7,-219.5,-550.2000000000003,-1005.4000000000001,0,0
2020-12-18,198.8,84.0,885.2,846.9,0.0,0.0,38.3,1409.7,759.9,98.0,551.8,608.5,2676.0,2790.7,180.30000000000018,-383.5,-857.9000000000001,0,0
2020-12-21,-242.3,81.5,885.2,846.9,0.0,0.0,38.3,1411.4,759.9,99.5,552.0,607.7,3114.5,2790.7,438.5,231.4000000000001,-195.4000000000001,0,0
2020-12-22,-148.9,65.4,884.2,846.9,0.0,0.0,37.3,1426.4,759.9,114.4,552.1,607.7,3005.1,2790.7,-109.40000000000009,264.0,-327.5999999999999,0,0
2020-12-23,43.2,79.9,884.2,846.9,0.0,0.0,37.3,1419.1,759.9,107.0,552.2,614.8,2827.4,2790.7,-177.69999999999982,112.20000000000027,-448.6999999999998,0,0
2020-12-24,-55.6,412.4,884.1,846.8,0.0,0.0,37.3,1086.9,360.0,164.0,562.9,615.2,3258.8,2790.7,431.4000000000001,763.1000000000004,60.80000000000018,0,0
2020-12-25,-5.3,409.4,922.6,846.8,0.0,0.0,75.8,1128.5,360.0,205.6,562.9,615.3,3205.4,2790.7,-53.40000000000009,529.4000000000001,132.30000000000018,0,0
2020-12-28,-27.2,418.6,913.7,846.8,0.0,0.0,66.8,1109.4,360.0,186.3,563.1,614.4,3236.6,2790.7,31.199999999999818,122.09999999999991,779.4000000000001,0,0
2020-12-29,236.4,364.3,886.2,846.8,0.0,0.0,39.4,1136.3,360.0,213.1,563.2,614.3,2918.6,2790.7,-318.0,-86.5,486.0,1,0
2020-12-30,31.7,339.5,888.3,846.8,0.0,0.0,41.5,1163.4,360.0,240.1,563.3,614.6,3098.5,2790.7,179.9000000000001,271.0999999999999,494.5,0,0
2020-12-31,273.9,185.2,1306.7,846.8,0.0,118.5,341.5,1736.2,843.9,318.1,574.2,614.7,2702.0,2790.7,-396.5,-556.8000000000002,-117.30000000000018,1,0
2021-01-01,38.5,-203.7,975.8,846.8,0.0,118.5,10.5,1795.5,843.9,376.7,574.9,616.0,2548.5,2790.7,-153.5,-656.9000000000001,-49.69999999999982,0,0
2021-01-11,-97.7,-30.0,1201.0,846.8,0.0,343.7,10.5,1847.0,843.9,428.2,574.9,616.0,2858.4,2790.7,309.9000000000001,-378.1999999999998,643.5999999999999,0,0
2021-01-12,-23.9,335.4,1354.3,846.8,0.0,0.0,507.5,1634.2,843.9,215.3,575.0,615.3,3150.0,2790.7,291.5999999999999,231.4000000000001,884.9000000000001,0,0
2021-01-13,185.3,-52.3,1001.9,846.8,0.0,0.0,155.1,1668.4,843.9,249.5,575.0,614.2,2553.1,2790.7,-596.9000000000001,-545.4000000000001,397.5,1,1
2021-01-14,321.3,65.7,1159.3,1154.2,0.0,0.0,5.1,1707.7,1080.0,116.2,511.5,614.1,2562.5,2818.1,9.400000000000091,-139.5,496.8000000000002,0,0
2021-01-15,535.3,74.0,1159.3,1154.2,0.0,0.0,5.1,1699.3,1080.0,107.8,511.5,614.0,2356.8,2818.1,-205.69999999999982,-191.69999999999982,1291.0000000000002,0,0
2021-01-18,204.7,78.7,1159.3,1154.2,0.0,0.0,5.1,1694.0,1080.0,102.3,511.7,613.5,2692.1,2818.1,335.2999999999997,-166.30000000000018,-353.8000000000002,0,0
2021-01-19,312.3,213.5,1309.3,1154.2,0.0,0.0,155.1,1709.7,1080.0,117.9,511.8,613.9,2719.3,2818.1,27.200000000000273,-430.6999999999998,-340.1999999999998,0,0
2021-01-20,205.5,218.8,1309.3,1154.2,0.0,0.0,155.1,1704.1,1080.0,112.3,511.8,613.6,2831.4,2818.1,112.09999999999991,278.3000000000002,-51.69999999999982,0,0
2021-01-21,337.9,728.8,1159.2,1154.2,0.0,0.0,5.1,1044.1,400.0,122.4,521.7,613.7,3209.0,2818.1,377.5999999999999,646.5,467.9000000000001,0,0
2021-01-22,229.3,677.6,1159.2,1154.2,0.0,0.0,5.1,1094.3,400.0,172.6,521.7,612.7,3266.4,2818.1,57.40000000000009,909.5999999999999,551.2000000000003,0,0
2021-01-25,168.1,684.4,1159.2,1154.2,0.0,0.0,5.1,1087.5,400.0,165.6,521.9,612.7,3334.4,2818.1,68.0,642.3000000000002,838.7000000000003,0,0
2021-01-26,1023.8,837.9,1309.2,1154.1,0.0,0.0,155.1,1083.7,400.0,161.7,522.0,612.4,2632.2,2818.1,-702.2000000000003,-87.10000000000036,-43.80000000000018,1,1
2021-01-27,808.3,1037.1,1511.2,1154.1,0.0,0.0,357.0,1086.4,400.0,164.4,522.0,612.3,3046.9,2818.1,414.7000000000003,215.5,-67.59999999999991,0,0
2021-01-28,543.1,693.9,1309.2,1154.1,0.0,0.0,155.1,1227.8,554.0,119.0,554.8,612.5,2968.9,2818.1,-78.0,-240.0999999999999,-36.19999999999982,0,0
2021-01-29,565.2,910.9,1509.3,1154.1,0.0,0.0,355.1,1210.9,554.0,102.0,554.9,612.6,3163.8,2818.1,194.9000000000001,-102.59999999999991,336.4000000000001,0,0
2021-02-01,318.3,755.8,1361.1,1154.1,0.0,0.0,207.0,1216.8,554.0,107.7,555.1,611.4,3255.6,2818.1,91.79999999999973,-78.80000000000018,-3.200000000000273,0,0
2021-02-02,336.2,664.6,1279.2,1154.1,0.0,0.0,125.1,1226.0,554.0,116.9,555.1,611.3,3146.5,2818.1,-109.09999999999991,514.3000000000002,-58.90000000000009,0,0
2021-02-03,65.9,554.4,1159.2,1154.1,0.0,0.0,5.1,1216.3,554.0,107.1,555.2,611.5,3306.6,2818.1,160.0999999999999,259.6999999999998,70.0,0,0
2021-02-04,-82.6,-79.6,1159.2,1154.1,0.0,0.0,5.1,1850.5,1188.7,106.6,555.2,611.7,2821.1,2818.1,-485.5,-147.80000000000018,-97.5,1,0
2021-02-05,-556.6,-696.5,1159.2,1154.1,0.0,0.0,5.1,2468.6,1823.9,89.4,555.3,612.8,2678.2,2818.1,-142.9000000000001,-485.60000000000036,-420.3000000000002,0,0
2021-02-08,-921.8,-743.1,1159.2,1154.1,0.0,0.0,5.1,2515.0,1823.9,135.6,555.5,612.7,2996.8,2818.1,318.60000000000036,-258.7999999999997,294.8000000000002,0,0
2021-02-09,-1072.7,-1735.2,1159.2,1154.1,0.0,0.0,5.1,3507.1,1823.9,1127.6,555.6,612.7,2155.7,2818.1,-841.1000000000004,-990.8000000000002,-392.8000000000002,1,1
2021-02-10,-1476.7,-3400.1,1159.2,1154.1,0.0,0.0,5.1,5172.1,4338.7,277.9,555.6,612.8,894.7,2818.1,-1260.9999999999998,-2411.8999999999996,-1963.7,1,1
2021-02-11,-1719.7,-741.6,1159.3,1154.1,0.0,0.1,5.1,2514.0,1921.0,96.3,496.7,613.1,3803.1,2825.0,2908.3999999999996,982.0,653.0999999999999,0,0
2021-02-12,-1784.6,-740.8,1159.2,1154.1,0.0,0.0,5.1,2513.8,1921.0,96.2,496.7,613.8,3868.8,2825.0,65.70000000000027,1190.6000000000004,1315.7000000000003,0,0
2021-02-15,-1929.0,-743.7,1159.2,1154.1,0.0,0.0,5.1,2516.3,1921.0,98.4,496.9,613.3,4010.3,2825.0,141.5,1013.5,1447.8000000000002,0,0
2021-02-16,-1625.7,-750.3,1159.2,1154.1,0.0,0.0,5.1,2523.1,1921.0,105.1,497.0,613.6,3700.4,2825.0,-309.9000000000001,1544.7000000000003,1343.6,1,0
2021-02-17,-2161.2,-745.5,1159.2,1154.1,0.0,0.0,5.1,2518.2,1921.0,100.2,497.0,613.5,4240.7,2825.0,540.2999999999997,3346.0,1548.6,0,0
2021-02-18,-2018.6,-2304.9,102.8,97.7,0.0,0.1,5.1,3021.2,2390.0,89.1,542.1,613.5,2538.7,2825.0,-1702.0,-1264.4,-180.60000000000036,1,1
2021-02-19,-2009.6,-2308.0,102.8,97.7,0.0,0.0,5.1,3020.8,2390.0,88.6,542.2,610.0,2526.6,2825.0,-12.099999999999909,-1342.2000000000003,-304.8000000000002,0,0
2021-02-20,-2067.7,-2324.0,102.8,97.7,0.0,0.0,5.1,3036.7,2390.0,104.5,542.2,609.9,2568.7,2825.0,42.09999999999991,-1441.6000000000004,-640.3000000000002,0,0
2021-02-24,-2319.6,-2340.5,102.8,97.7,0.0,0.1,5.1,3052.6,2390.0,120.1,542.5,609.2,2804.1,2825.0,235.4000000000001,-896.3000000000002,-462.3000000000002,0,0
2021-02-25,-2236.6,-1882.6,102.8,97.7,0.0,0.0,5.1,2595.5,1940.0,110.5,545.0,610.1,3178.9,2825.0,374.8000000000002,-1061.7999999999997,-155.5,0,0
2021-02-26,-1236.8,-1873.7,102.8,97.7,0.0,0.0,5.1,2585.5,1940.0,100.5,545.0,609.0,2188.1,2825.0,-990.8000000000002,-350.5999999999999,-444.0999999999999,1,1
2021-03-01,-1632.1,-1895.4,104.0,97.7,0.0,0.1,6.3,2607.5,1940.0,122.3,545.2,608.0,2561.7,2825.0,373.5999999999999,35.09999999999991,-485.2000000000003,0,0
2021-03-02,-1473.5,-1902.4,102.8,97.7,0.0,0.0,5.1,2613.4,1940.0,128.1,545.3,608.2,2396.1,2825.0,-165.5999999999999,-172.5999999999999,-572.8000000000002,0,0
2021-03-03,-1603.4,-1870.3,102.7,97.7,0.0,0.0,5.1,2581.1,1940.0,95.8,545.3,608.1,2558.1,2825.0,162.0,-246.0,-605.7000000000003,0,0
2021-03-04,-1454.4,-2029.0,102.8,97.7,0.0,0.0,5.1,2739.8,2079.6,113.9,546.3,608.0,2250.4,2825.0,-307.6999999999998,-928.5,-1005.1999999999998,1,0
2021-03-05,-1717.0,-2022.8,102.8,97.7,0.0,0.0,5.1,2733.3,2079.6,107.3,546.4,607.8,2519.2,2825.0,268.7999999999997,331.0999999999999,-627.3000000000002,0,0
2021-03-09,-1932.6,-2212.5,102.8,97.7,0.0,0.0,5.1,2922.7,2079.6,296.5,546.6,607.5,2545.1,2825.0,25.90000000000009,-16.59999999999991,-761.5,0,0
2021-03-10,-1860.8,-3083.3,125.1,97.6,0.0,0.5,27.1,3815.9,3001.0,268.3,546.7,607.5,1602.5,2825.0,-942.5999999999999,-793.5999999999999,-1218.6,1,1
2021-03-11,-1682.9,-1875.3,103.2,97.6,0.0,0.5,5.1,2586.0,1869.1,100.8,616.1,607.5,2713.9,2906.3,1111.4,155.80000000000018,35.70000000000027,0,0
2021-03-12,-1866.9,-1871.5,113.2,97.6,0.0,0.5,15.1,2591.9,1869.1,106.6,616.2,607.2,2901.7,2906.3,187.79999999999973,651.2999999999997,-95.10000000000036,0,0
2021-03-15,-2012.4,-1886.8,103.1,97.6,0.0,0.5,5.1,2595.6,1869.1,110.1,616.4,605.6,3031.9,2906.3,130.20000000000027,512.7000000000003,876.2000000000003,0,0
2021-03-16,-1851.8,-1879.9,103.2,97.6,0.0,0.5,5.1,2588.8,1869.1,103.2,616.5,605.7,2878.2,2906.3,-153.70000000000027,333.0999999999999,1983.4999999999998,0,0
2021-03-17,-1997.7,-1871.7,103.2,97.6,0.0,0.5,5.1,2581.3,1868.6,96.2,616.5,606.4,3032.3,2906.3,154.10000000000036,1429.8000000000002,-770.7999999999997,0,0
2021-03-18,-1793.9,-1428.0,103.2,97.6,0.0,0.5,5.1,2137.6,1424.4,95.2,618.0,606.4,3272.2,2906.3,239.89999999999964,558.2999999999997,-596.6000000000004,0,0
2021-03-19,-1962.9,-1472.4,103.1,97.6,0.0,0.4,5.1,2181.8,1424.4,139.4,618.1,606.4,3396.9,2906.3,124.70000000000027,495.2000000000003,-613.4000000000001,0,0
2021-03-22,-1992.9,-1471.5,103.1,97.6,0.0,0.4,5.1,2180.9,1424.4,138.2,618.3,606.4,3427.8,2906.3,30.90000000000009,395.9000000000001,-272.5999999999999,0,0
2021-03-23,-2143.1,-1374.8,203.1,97.6,0.0,0.4,105.1,2184.1,1424.4,141.3,618.4,606.2,3674.7,2906.3,246.89999999999964,796.5,-566.0,0,0
2021-03-24,-2158.7,-1456.6,118.1,97.6,0.0,0.4,20.1,2181.0,1424.4,138.1,618.5,606.3,3608.4,2906.3,-66.29999999999973,576.0999999999999,1069.7000000000003,0,0
2021-03-25,-2111.4,-1638.1,118.4,102.8,0.0,0.4,15.1,2363.4,1635.6,108.6,619.2,606.9,3379.6,2906.3,-228.80000000000018,107.40000000000009,853.0,0,0
2021-03-26,-1190.2,-1460.7,294.3,102.8,0.0,0.4,191.1,2361.8,1635.6,107.0,619.3,606.9,2635.8,2906.3,-743.7999999999997,-761.0999999999999,67.10000000000036,1,1
2021-03-29,-1168.3,-1508.9,250.2,102.8,0.0,0.3,147.1,2365.6,1635.6,110.6,619.5,606.6,2565.7,2906.3,-70.10000000000036,-862.1000000000004,-238.4000000000001,0,0
2021-03-30,-817.4,-1297.3,454.9,102.8,0.0,0.3,351.8,2358.9,1635.6,103.7,619.6,606.7,2426.4,2906.3,-139.29999999999973,-1248.2999999999997,-752.5,0,0
2021-03-31,-1378.2,-1396.4,358.3,102.8,0.0,0.4,255.1,2361.5,1635.3,106.5,619.7,606.8,2888.1,2906.3,461.6999999999998,-720.3000000000002,700.0,0,0
2021-04-01,-1502.6,-1461.0,349.3,102.8,0.0,0.4,246.1,2417.2,1650.0,122.1,645.1,606.9,2947.9,2906.3,59.80000000000018,-431.6999999999998,386.2000000000003,0,0
2021-04-02,-1579.4,-1528.5,269.1,102.8,0.0,0.3,166.1,2404.3,1650.0,109.1,645.2,606.6,2957.2,2906.3,9.299999999999727,321.39999999999964,561.0999999999999,0,0
2021-04-05,-1736.1,-1681.8,120.1,102.8,0.0,0.2,17.1,2407.8,1650.0,112.4,645.4,605.9,2960.6,2906.3,3.400000000000091,394.9000000000001,402.5,0,0
2021-04-06,-1966.0,-2084.2,108.1,102.8,0.0,0.3,5.1,2798.2,1962.8,189.9,645.5,605.8,2788.1,2906.3,-172.5,361.6999999999998,537.6999999999998,0,0
2021-04-07,-1858.6,-3211.8,366.8,102.8,0.0,0.3,263.7,4182.9,3235.0,302.4,645.5,604.3,1553.1,2906.3,-1235.0,-1335.0,-966.0999999999999,1,1
2021-04-08,-1824.6,-1543.3,108.2,102.8,0.0,0.4,5.1,2255.7,1510.2,99.9,645.6,604.2,3215.5,2934.1,1662.4,267.5999999999999,670.4000000000001,0,0
2021-04-09,-1760.1,-1540.9,108.4,102.7,0.0,0.3,5.4,2253.3,1510.2,97.4,645.7,604.0,3153.3,2934.1,-62.19999999999982,196.10000000000036,1550.8000000000002,0,0
2021-04-12,-1917.0,-1542.6,108.3,102.7,0.0,0.6,5.1,2255.2,1510.2,99.1,645.9,604.3,3308.5,2934.1,155.19999999999982,347.9000000000001,594.5999999999999,0,0
2021-04-13,-1916.5,-1540.3,108.0,102.7,0.0,0.3,5.1,2252.6,1510.2,96.4,646.0,604.2,3310.3,2934.1,1.800000000000182,522.2000000000003,408.60000000000036,0,0
2021-04-14,-2071.0,-1546.7,108.1,102.7,0.0,0.3,5.1,2259.2,1510.2,102.9,646.1,604.4,3458.4,2934.1,148.0999999999999,1905.3000000000002,426.5,0,0
2021-04-15,-1826.2,-931.3,108.2,102.7,0.0,0.4,5.1,1644.2,1017.3,98.5,528.4,604.7,3829.1,2934.1,370.6999999999998,613.5999999999999,950.9000000000001,0,0
2021-04-16,-1898.4,-928.2,108.1,102.6,0.0,0.4,5.1,1641.5,1017.3,95.7,528.5,605.2,3904.3,2934.1,75.20000000000027,751.0,872.0,0,0
2021-04-19,-2045.6,-912.9,128.2,102.6,0.0,0.5,25.1,1646.2,1017.3,100.2,528.7,605.1,4066.8,2934.1,162.5,758.3000000000002,794.6000000000004,0,0
2021-04-20,-1769.6,-930.8,108.2,102.6,0.0,0.5,5.1,1645.4,1017.3,99.3,528.8,606.4,3772.9,2934.1,-293.9000000000001,462.5999999999999,376.0,0,0
2021-04-21,-1853.6,-928.3,108.2,102.5,0.0,0.5,5.1,1642.0,1016.3,96.9,528.8,605.5,3859.4,2934.1,86.5,401.0,431.5999999999999,0,0
2021-04-22,-1721.2,-799.9,159.3,153.9,0.0,0.3,5.1,1565.0,858.7,101.4,604.9,605.8,3855.4,2934.1,-4.0,26.300000000000182,180.70000000000027,0,0
2021-04-23,-1910.8,-796.9,159.0,153.9,0.0,0.0,5.1,1561.9,858.7,98.2,605.0,606.1,4048.0,2934.1,192.5999999999999,143.69999999999982,439.5999999999999,0,0
2021-04-26,-2051.4,-786.4,170.2,153.9,0.0,0.3,16.1,1562.1,858.7,98.2,605.2,605.4,4199.1,2934.1,151.10000000000036,132.30000000000018,819.5000000000005,0,0
2021-04-27,-680.2,-797.9,159.3,154.0,0.0,0.2,5.1,1561.9,858.7,97.9,605.3,604.7,2816.4,2934.1,-1382.7000000000003,-956.5,180.5999999999999,1,1
2021-04-28,-777.3,-826.3,159.2,154.0,0.0,0.1,5.1,1562.7,858.6,98.7,605.4,577.2,2885.1,2934.1,68.69999999999982,-974.3000000000002,319.4000000000001,0,0
2021-04-29,-848.4,-1926.9,159.6,154.0,0.0,0.5,5.1,2640.9,1870.0,112.6,658.3,554.4,1855.6,2934.1,-1029.5,-1999.8000000000002,-570.8000000000002,1,1
2021-04-30,-1313.6,-1928.3,159.7,154.0,0.0,0.6,5.1,2641.9,1870.0,113.5,658.4,553.9,2319.5,2934.1,463.9000000000001,-1728.5,-568.5999999999999,0,0
2021-05-04,-1307.0,-1974.1,159.7,154.0,0.0,0.6,5.1,2683.8,1870.0,155.1,658.7,550.0,2267.0,2934.1,-52.5,-1932.1000000000004,-680.9000000000001,0,0
2021-05-05,-1214.6,-2025.0,159.5,154.0,0.0,0.4,5.1,2734.5,1870.0,205.7,658.8,550.0,2123.7,2934.1,-143.30000000000018,-692.7000000000003,-833.5,0,0
2021-05-06,-1270.5,-2205.7,162.2,154.0,0.0,0.2,8.1,2915.2,2107.0,149.3,658.9,547.3,1998.9,2934.1,-124.79999999999973,-886.1999999999998,-961.6999999999998,0,0
2021-05-07,-1414.4,-2276.6,174.2,154.0,0.0,0.0,20.1,2997.9,2107.0,231.9,659.0,547.1,2071.9,2934.1,73.0,216.30000000000018,-716.1999999999998,0,0
2021-05-11,-1501.9,-2523.0,161.0,154.0,0.0,0.0,7.1,3225.3,2107.0,459.0,659.3,541.2,1913.0,2934.1,-158.9000000000001,-406.5,359.9000000000001,0,0
2021-05-12,-1697.5,-3238.1,159.1,154.0,0.0,0.0,5.1,3937.7,2803.0,475.2,659.4,540.4,1393.5,2934.1,-519.5,-873.5,-1822.0,1,1
2021-05-13,-1652.9,-1337.5,159.3,154.0,0.0,0.3,5.1,2035.6,1292.5,105.0,638.1,538.8,3321.2,3005.8,1927.6999999999998,1197.5,167.89999999999964,0,0
2021-05-14,-1473.1,-1327.0,159.2,154.0,0.0,0.1,5.1,2023.3,1292.5,92.6,638.2,537.1,3151.8,3005.8,-169.39999999999964,1152.9,-156.69999999999982,0,0
2021-05-17,-1149.6,-1440.3,174.3,154.0,0.0,0.3,20.1,2026.7,1292.5,95.7,638.5,412.0,2715.1,3005.8,-436.7000000000003,643.1999999999998,-595.2000000000003,1,0
2021-05-18,-1451.3,-1145.4,464.1,154.0,0.0,0.1,310.1,2021.4,1292.5,90.4,638.5,411.9,3311.7,3005.8,596.5999999999999,1398.6999999999998,-146.70000000000027,0,0
2021-05-19,-1614.3,-1118.0,489.2,154.0,0.0,0.2,335.1,2018.9,1292.4,88.0,638.6,411.7,3502.0,3005.8,190.30000000000018,2108.5,-327.0999999999999,0,0
2021-05-20,-1436.6,-713.5,609.1,153.8,0.0,0.2,455.1,1726.3,960.0,97.7,668.6,403.8,3728.9,3005.8,226.9000000000001,407.7000000000003,-175.4000000000001,0,0
2021-05-21,-1574.9,-886.2,439.1,153.8,0.0,0.2,285.1,1727.4,960.0,98.7,668.7,402.1,3694.5,3005.8,-34.40000000000009,542.6999999999998,-372.3000000000002,0,0
2021-05-24,-1784.3,-893.0,439.2,153.8,0.0,0.3,285.1,1718.5,960.0,89.5,669.0,386.3,3897.1,3005.8,202.5999999999999,1182.0,124.19999999999982,0,0
2021-05-25,-1627.7,-1082.1,274.3,153.8,0.0,0.4,120.1,1735.2,960.0,106.1,669.1,378.8,3551.4,3005.8,-345.6999999999998,239.70000000000027,-308.0,1,0
2021-05-26,-842.7,-1034.9,319.3,153.8,0.0,0.4,165.1,1732.4,960.0,103.2,669.2,378.2,2813.6,3005.8,-737.8000000000002,-688.4000000000001,-1041.8000000000002,1,1
2021-05-27,-1232.8,-1376.6,314.3,153.7,0.0,0.5,160.1,2068.3,1103.9,287.9,676.5,377.4,2862.0,3005.8,48.40000000000009,-866.9000000000001,-1186.0,0,0
2021-05-28,-1033.8,-1330.0,159.3,153.7,0.0,0.6,5.1,1867.9,1103.9,87.5,676.5,378.6,2709.6,3005.8,-152.4000000000001,-984.9000000000001,-1489.5000000000005,0,0
2021-05-31,-1879.1,-1357.3,159.4,153.7,0.0,0.7,5.1,1894.1,1103.9,113.4,676.8,377.4,3527.6,3005.8,818.0,-369.5,711.1999999999998,0,0
2021-06-01,-1968.9,-1364.1,159.4,153.7,0.0,0.7,5.1,1895.7,1103.9,114.9,676.9,372.1,3610.6,3005.8,83.0,59.19999999999982,725.5,0,0
2021-06-02,-1990.0,-1350.2,159.4,153.7,0.0,0.7,5.1,1877.7,1103.9,96.8,677.0,368.1,3645.6,3005.8,35.0,832.0,1790.0,0,0
2021-06-03,-2002.6,-2520.0,192.5,153.7,0.0,0.8,38.1,3080.4,2308.4,85.1,686.9,367.8,2488.4,3005.8,-1157.1999999999998,-373.5999999999999,168.9000000000001,1,1
2021-06-04,-2096.7,-2602.3,159.4,153.7,0.0,0.7,5.1,3130.1,2308.4,134.7,687.0,368.4,2500.2,3005.8,11.799999999999727,-209.4000000000001,233.19999999999982,0,0
2021-06-07,-2036.0,-2581.1,159.5,153.7,0.0,0.7,5.1,3107.7,2308.4,112.0,687.3,367.2,2460.7,3005.8,-39.5,-1066.9,337.0,0,0
2021-06-08,-2090.3,-2680.2,159.3,153.7,0.0,0.4,5.2,3211.7,2308.4,215.9,687.4,372.2,2415.8,3005.8,-44.899999999999636,-1194.7999999999997,416.9000000000001,0,0
2021-06-09,-2244.8,-4074.3,327.4,153.7,0.0,0.2,173.5,4773.9,3946.0,140.4,687.5,372.2,1176.3,3005.8,-1239.5000000000002,-2469.3,-895.6000000000001,1,1
2021-06-10,-2142.4,-997.9,159.5,153.7,0.0,0.8,5.1,1530.1,830.4,86.4,613.4,372.7,4176.5,3032.0,3000.2,1688.1,2263.5,0,0
2021-06-11,-1877.4,-1033.2,159.7,153.6,0.0,0.7,5.4,1532.6,830.4,88.8,613.4,339.7,3876.2,3032.0,-300.3000000000002,1376.0,2482.7,1,0
2021-06-15,-1722.7,-1038.4,159.7,153.6,0.0,0.7,5.4,1537.8,830.4,93.6,613.8,339.7,3716.3,3032.0,-159.89999999999964,1255.6000000000004,395.10000000000036,0,0
2021-06-16,-1703.4,-1057.3,159.9,153.7,0.0,0.8,5.4,1557.0,830.4,112.7,613.9,339.9,3678.1,3032.0,-38.20000000000027,1262.2999999999997,526.2999999999997,0,0
2021-06-17,-1676.9,-1212.1,159.9,153.7,0.0,0.7,5.4,1711.5,985.7,109.3,616.5,339.6,3496.8,3032.0,-181.29999999999973,2320.5,781.7000000000003,0,0
2021-06-18,-1602.0,-1198.5,159.9,153.7,0.0,0.8,5.4,1696.8,985.7,94.6,616.6,338.4,3435.4,3032.0,-61.40000000000009,-741.0999999999999,123.70000000000027,0,0
2021-06-21,-1706.0,-1200.4,160.0,153.7,0.0,0.8,5.4,1699.1,985.7,96.6,616.8,338.7,3537.5,3032.0,102.09999999999991,-338.6999999999998,35.5,0,0
2021-06-22,-1626.5,-1190.2,172.0,153.7,0.0,12.9,5.4,1701.0,985.7,98.5,616.9,338.9,3468.3,3032.0,-69.19999999999982,-248.0,-260.5999999999999,0,0
2021-06-23,-1707.1,-1187.6,167.9,153.7,0.0,8.8,5.4,1695.2,985.7,92.6,617.0,339.8,3551.5,3032.0,83.19999999999982,-126.59999999999991,-143.0,0,0
2021-06-24,-1579.9,-1356.9,169.4,148.3,0.0,15.7,5.4,1863.4,1127.3,113.6,622.6,337.1,3254.9,3032.0,-296.5999999999999,-241.9000000000001,-642.1999999999998,0,0
2021-06-25,-1412.5,-1342.7,178.4,148.3,0.0,24.7,5.4,1859.2,1127.3,109.2,622.7,338.1,3101.7,3032.0,-153.20000000000027,-333.7000000000003,-449.7000000000003,0,0
2021-06-28,-901.7,-1399.3,189.8,148.3,0.0,36.1,5.4,1919.4,1127.3,169.1,623.0,330.2,2534.3,3032.0,-567.3999999999996,-1003.1999999999998,-279.2999999999997,1,1
2021-06-29,-1344.2,-1399.6,155.7,148.3,0.0,0.4,6.9,1885.2,1127.3,134.8,623.1,329.9,2976.6,3032.0,442.2999999999997,-491.7000000000003,114.59999999999991,0,0
2021-06-30,-1595.8,-1366.8,154.1,148.3,0.0,0.4,5.4,1850.6,1123.6,103.7,623.2,329.6,3260.9,3032.0,284.3000000000002,-290.5999999999999,551.3000000000002,0,0
2021-07-01,-1469.9,-1454.3,154.1,148.3,0.0,0.4,5.4,1940.6,1190.7,123.5,626.4,332.2,3047.5,3032.0,-213.4000000000001,-207.4000000000001,-480.0999999999999,0,0
2021-07-02,-1284.7,-1437.8,177.1,148.3,0.0,0.4,28.4,1947.3,1190.7,130.1,626.5,332.5,2878.9,3032.0,-168.5999999999999,-222.79999999999973,-731.6999999999998,0,0
2021-07-05,-1405.6,-2399.5,154.4,148.3,0.0,0.2,5.9,2887.1,2172.0,88.3,626.8,333.2,2038.1,3032.0,-840.8000000000002,-496.2000000000003,-1607.5,1,1
2021-07-06,-1364.7,-2068.0,169.2,148.3,0.0,0.5,20.4,2570.3,1819.6,123.9,626.8,333.2,2328.7,3032.0,290.5999999999999,-647.9000000000001,-159.70000000000027,0,0
2021-07-07,-1556.3,-2556.6,154.7,148.3,0.0,0.6,5.8,3044.4,2162.8,254.7,626.9,333.1,2031.7,3032.0,-296.9999999999998,-1229.2,-468.4999999999998,0,0
2021-07-08,-2030.4,-1267.8,156.1,148.3,0.0,0.7,7.1,1756.6,1037.2,92.4,627.0,332.7,3801.0,3038.5,1769.3,753.5,1340.3000000000002,0,0
2021-07-09,-1935.3,-1295.6,154.4,148.3,0.0,0.7,5.4,1749.9,1037.2,85.6,627.1,299.9,3678.1,3038.5,-122.90000000000009,799.1999999999998,1262.2999999999997,0,0
2021-07-12,-1813.6,-1291.9,154.4,148.3,0.0,0.7,5.5,1746.2,1037.2,81.6,627.4,299.9,3560.2,3038.5,-117.90000000000009,1522.1,2383.8999999999996,0,0
2021-07-13,-1886.3,-1304.8,153.7,148.3,0.0,0.0,5.4,1750.0,1037.2,85.3,627.5,291.5,3619.9,3038.5,59.70000000000027,1291.2000000000003,-556.5999999999999,0,0
2021-07-14,-1977.5,-1297.7,153.7,148.3,0.0,0.0,5.4,1750.6,1037.2,85.8,627.6,299.2,3718.2,3038.5,98.29999999999973,1686.4999999999998,-158.0,0,0
2021-07-15,-1891.4,-835.2,153.7,148.3,0.0,0.0,5.4,1279.3,590.6,101.9,586.8,290.4,4094.7,3038.5,376.5,293.6999999999998,378.39999999999964,0,0
2021-07-16,-1760.9,-840.5,154.0,148.3,0.0,0.0,5.7,1284.8,590.6,107.3,586.9,290.2,3958.8,3038.5,-135.89999999999964,280.7000000000003,280.7000000000003,0,0
2021-07-19,-1725.3,-834.7,154.0,148.3,0.0,0.0,5.7,1279.7,590.6,102.0,587.1,291.0,3929.2,3038.5,-29.600000000000364,369.0,432.39999999999964,0,0
2021-07-20,-1728.6,-835.9,154.0,148.3,0.0,0.0,5.7,1280.7,590.6,102.9,587.2,290.8,3931.1,3038.5,1.900000000000091,311.1999999999998,495.6999999999998,0,0
2021-07-21,-1751.6,-831.0,154.0,148.3,0.0,0.0,5.7,1274.8,590.6,97.0,587.3,289.9,3959.1,3038.5,28.0,240.9000000000001,421.5999999999999,0,0
2021-07-22,-1771.3,-256.1,559.2,148.4,0.0,0.2,410.7,1105.0,419.0,97.1,588.9,289.7,4553.7,3038.5,594.5999999999999,459.0,1085.3999999999996,0,0
2021-07-23,-1657.0,-251.8,569.0,148.4,0.0,0.0,420.7,1102.2,419.0,94.2,589.0,281.3,4443.6,3038.5,-110.09999999999945,484.8000000000002,892.1000000000004,0,0
2021-07-26,-1797.8,-441.2,384.1,148.4,0.0,0.0,235.7,1098.9,419.0,90.6,589.3,273.6,4395.1,3038.5,-48.5,465.90000000000055,1140.2000000000003,0,0
2021-07-27,-566.7,-682.8,154.4,148.5,0.0,0.0,5.9,1109.2,419.0,100.8,589.4,272.0,2922.4,3038.5,-1472.7000000000003,-1008.6999999999998,-179.29999999999973,1,1
2021-07-28,-539.1,-571.1,274.3,148.5,0.0,0.1,125.7,1117.4,419.0,109.0,589.5,272.0,3006.5,3038.5,84.09999999999991,-952.5999999999999,472.1999999999998,0,0
2021-07-29,-383.3,-1612.2,612.4,148.5,0.0,78.8,385.1,2496.2,1790.0,110.4,595.8,271.7,1809.6,3038.5,-1196.9,-2744.1,-1167.0,1,1
2021-07-30,-1015.7,-1697.4,547.7,148.5,0.0,2.8,396.4,2505.8,1790.0,119.9,595.9,260.7,2356.8,3038.5,547.2000000000003,-2086.8,-904.0999999999999,0,0
2021-08-02,-1325.1,-1727.1,541.9,148.5,0.0,0.1,393.3,2539.6,1790.0,153.4,596.2,270.5,2636.4,3038.5,279.5999999999999,-1758.7000000000003,-411.0999999999999,0,0
2021-08-03,-1092.5,-1781.5,504.2,148.5,0.0,0.0,355.7,2556.1,1790.0,169.8,596.3,270.4,2349.5,3038.5,-286.9000000000001,-572.9000000000001,-529.4000000000001,0,0
2021-08-04,-1227.9,-2048.3,419.4,148.5,0.0,0.3,270.7,2738.4,1790.0,352.0,596.4,270.7,2218.1,3038.5,-131.4000000000001,-788.4000000000001,180.0,0,0
2021-08-05,-1457.7,-2468.5,364.5,148.5,0.0,0.3,215.7,3107.3,2110.0,392.8,604.5,274.3,2027.7,3038.5,-190.39999999999986,218.10000000000014,-300.9999999999998,0,0
2021-08-06,-1520.9,-2467.4,204.4,148.5,0.0,0.3,55.7,2946.2,2110.0,231.6,604.6,274.4,2091.9,3038.5,64.20000000000005,-264.9000000000001,60.200000000000045,0,0
2021-08-09,-1629.1,-2883.4,219.5,148.5,0.0,0.3,70.7,3377.3,2610.0,162.4,604.9,274.5,1784.2,3038.5,-307.70000000000005,-852.2,-2016.8,1,0
2021-08-10,-1800.3,-2999.0,214.5,148.5,0.0,0.3,65.7,3486.7,2761.0,120.8,605.0,273.2,1839.7,3038.5,55.5,-509.79999999999995,-1838.3999999999999,0,0
2021-08-11,-1929.8,-3345.1,175.4,148.5,0.0,21.5,5.4,3793.3,2950.5,237.6,605.2,272.8,1623.2,3038.5,-216.5,-594.8999999999999,-1936.9999999999998,0,0
2021-08-12,-1772.8,-1340.7,154.2,148.5,0.0,0.4,5.4,1753.1,1083.0,104.5,565.6,258.2,3490.7,3058.6,1867.4999999999998,1462.9999999999998,-129.20000000000027,0,0
2021-08-13,-1600.4,-1331.0,154.1,148.4,0.0,0.3,5.4,1743.1,1083.0,94.3,565.7,258.0,3328.1,3058.6,-162.5999999999999,1236.1999999999998,-390.0999999999999,0,0
2021-08-16,-1643.6,-1333.7,154.1,148.4,0.0,0.3,5.4,1744.6,1083.0,95.6,566.0,256.8,3368.5,3058.6,40.40000000000009,1584.3,-726.1999999999998,0,0
2021-08-17,-1541.9,-1338.9,154.0,148.4,0.0,0.4,5.1,1748.8,1083.0,99.7,566.1,255.9,3261.6,3058.6,-106.90000000000009,1421.8999999999999,-697.2000000000003,0,0
2021-08-18,-1708.2,-1296.5,188.9,148.4,0.0,0.4,40.1,1740.3,1083.0,91.0,566.2,254.8,3470.4,3058.6,208.80000000000018,1847.2,-458.7999999999997,0,0
2021-08-19,-1651.0,-1012.9,314.0,148.5,0.0,0.4,165.1,1578.0,899.5,105.9,572.5,251.1,3696.8,3058.6,226.4000000000001,206.10000000000036,-234.29999999999973,0,0
2021-08-20,-1490.9,-957.9,354.0,148.5,0.0,0.3,205.1,1562.2,899.5,90.1,572.6,250.4,3591.7,3058.6,-105.10000000000036,263.5999999999999,-367.4000000000001,0,0
2021-08-23,-1667.4,-953.9,364.0,148.5,0.0,0.4,215.2,1568.0,899.5,95.6,572.9,250.1,3772.2,3058.6,180.5,403.6999999999998,-781.5,0,0
2021-08-24,-1629.6,-999.2,313.9,148.5,0.0,0.3,165.1,1563.3,899.5,90.8,573.0,250.2,3689.1,3058.6,-83.09999999999991,427.5,-754.5000000000005,0,0
2021-08-25,-1315.2,-832.1,486.3,148.5,0.0,0.3,337.6,1568.8,899.5,96.1,573.1,250.3,3541.7,3058.6,-147.4000000000001,71.29999999999973,-853.4000000000005,0,0
2021-08-26,-733.7,-667.7,453.9,148.5,0.0,0.3,305.1,1371.9,700.0,96.6,575.3,250.2,3124.6,3058.6,-417.0999999999999,-572.2000000000003,202.19999999999982,1,0
2021-08-27,-701.3,-708.3,408.9,148.5,0.0,0.4,260.1,1365.3,700.0,89.9,575.4,248.0,3051.6,3058.6,-73.0,-540.0999999999999,45.09999999999991,0,0
2021-08-30,-992.8,-800.6,329.0,148.5,0.0,0.4,180.1,1376.8,700.0,101.1,575.7,247.2,3250.8,3058.6,199.20000000000027,-521.3999999999996,1441.2000000000003,0,0
2021-08-31,-718.9,-673.0,454.1,148.5,0.0,0.4,305.2,1373.8,700.0,98.0,575.8,246.8,3104.6,3058.6,-146.20000000000027,-584.5,747.7999999999997,0,0
2021-09-01,-1236.8,-844.1,294.0,148.5,0.0,0.4,145.1,1385.4,700.0,109.5,575.9,247.3,3451.4,3058.6,346.8000000000002,-90.29999999999973,815.0,0,0
2021-09-02,-1239.7,-1042.3,289.1,148.5,0.0,0.6,140.1,1578.7,859.2,134.9,584.6,247.2,3256.0,3058.6,-195.4000000000001,131.4000000000001,906.5,0,0
2021-09-03,-1026.7,-1144.1,249.1,148.5,0.0,0.5,100.1,1639.7,859.2,195.9,584.7,246.5,2941.2,3058.6,-314.8000000000002,-110.40000000000009,723.0999999999999,1,0
2021-09-06,-1055.3,-1918.7,294.2,148.5,0.0,0.6,145.1,2459.2,1774.0,100.2,585.0,246.4,2195.3,3058.6,-745.8999999999996,-1055.5,167.60000000000014,1,1
2021-09-07,-1299.3,-1939.4,304.1,148.5,0.0,0.5,155.1,2489.8,1774.0,130.7,585.1,246.2,2418.5,3058.6,223.19999999999982,-686.0999999999999,326.5999999999999,0,0
2021-09-08,-1435.0,-2258.7,154.3,148.5,0.0,0.6,5.3,2659.0,1679.2,394.6,585.2,246.1,2235.0,3058.6,-183.5,-1216.4,450.79999999999995,0,0
2021-09-09,-1314.9,-955.9,154.4,148.5,0.0,0.8,5.1,1355.9,669.1,96.5,590.3,245.5,3463.1,3104.1,1228.1,207.0999999999999,1623.3999999999999,0,0
2021-09-10,-1271.5,-903.1,204.7,148.5,0.0,0.8,55.5,1353.6,669.1,94.1,590.4,245.7,3472.5,3104.1,9.400000000000091,531.3000000000002,1849.3,0,0
2021-09-13,-1286.6,-737.9,374.4,148.5,0.0,0.8,225.1,1357.8,669.1,97.9,590.8,245.5,3652.8,3104.1,180.30000000000018,1457.5,162.10000000000036,0,0
2021-09-14,-1268.3,-838.8,279.4,148.5,0.0,0.8,130.1,1358.2,669.1,98.2,590.9,239.9,3533.6,3104.1,-119.20000000000027,1115.1,205.5,0,0
2021-09-15,-1262.6,-888.0,244.1,148.5,0.0,0.5,95.1,1357.4,669.1,97.3,591.0,225.3,3478.7,3104.1,-54.90000000000009,1243.6999999999998,110.19999999999982,0,0
2021-09-16,-1160.8,-1020.1,114.2,108.3,0.0,0.8,5.1,1356.7,660.0,103.8,592.9,222.4,3244.9,3104.1,-233.79999999999973,-218.19999999999982,-16.699999999999818,0,0
2021-09-17,-1232.9,-1017.2,114.2,108.3,0.0,0.8,5.1,1352.8,660.0,99.8,593.0,221.4,3319.8,3104.1,74.90000000000009,-152.69999999999982,-150.5999999999999,0,0
2021-09-20,-1335.0,-977.2,154.2,108.3,0.0,0.8,45.1,1352.5,660.0,99.2,593.3,221.1,3461.9,3104.1,142.0999999999999,-190.9000000000001,-234.9000000000001,0,0
2021-09-21,-1328.5,-1024.9,114.3,108.3,0.0,0.8,5.1,1359.3,660.0,105.9,593.4,220.2,3407.7,3104.1,-54.20000000000027,-125.90000000000009,-184.0,0,0
2021-09-22,-1437.9,-1021.6,114.2,108.3,0.0,0.8,5.1,1354.6,660.0,101.1,593.5,218.8,3520.4,3104.1,112.70000000000027,41.70000000000027,-251.79999999999973,0,0
2021-09-23,-1479.2,-852.3,114.2,108.3,0.0,0.8,5.1,1183.9,459.0,125.0,599.9,217.4,3731.0,3104.1,210.5999999999999,486.0999999999999,41.90000000000009,0,0
2021-09-24,-1514.9,-847.6,114.1,108.3,0.0,0.7,5.1,1179.3,459.0,120.3,600.0,217.5,3771.4,3104.1,40.40000000000009,451.5999999999999,229.70000000000027,0,0
2021-09-27,-1430.3,-900.0,114.1,108.3,0.0,0.7,5.1,1224.6,459.0,165.3,600.3,210.6,3634.4,3104.1,-137.0,172.5,509.8000000000002,0,0
2021-09-28,-684.4,-918.8,114.8,108.3,0.0,1.0,5.5,1225.9,459.0,166.5,600.4,192.3,2869.7,3104.1,-764.7000000000003,-538.0,-181.9000000000001,1,1
2021-09-29,-699.7,-846.3,189.1,108.2,0.0,0.6,80.2,1226.3,459.0,166.8,600.5,190.9,2957.5,3104.1,87.80000000000018,-562.9000000000001,-293.3000000000002,0,0
2021-09-30,-1122.1,-1173.4,114.1,108.2,0.0,0.6,5.2,1478.4,780.0,95.2,603.2,190.9,3052.8,3104.1,95.30000000000018,-678.1999999999998,-51.79999999999973,0,0
2021-10-01,-1402.1,-1282.5,154.1,108.2,0.0,10.6,35.2,1626.5,780.0,243.1,603.4,189.9,3223.7,3104.1,170.89999999999964,-547.7000000000003,-227.70000000000027,0,0
2021-10-04,-1404.3,-1313.0,113.7,108.2,0.0,0.1,5.3,1616.1,780.0,232.4,603.7,189.4,3195.4,3104.1,-28.299999999999727,-439.0,-60.59999999999991,0,0
2021-10-05,-1411.7,-1020.5,298.7,108.2,0.0,0.0,190.4,1506.8,780.0,123.0,603.8,187.7,3495.3,3104.1,299.9000000000001,625.6000000000004,554.1000000000004,0,0
2021-10-06,-1188.8,-987.0,322.7,108.2,0.0,1.6,213.0,1499.3,780.0,115.4,603.9,189.6,3305.9,3104.1,-189.4000000000001,348.4000000000001,1110.6,0,0
2021-10-07,-1247.6,-1489.5,294.0,108.1,0.0,0.5,185.3,1973.2,1250.0,119.1,604.1,189.7,2862.3,3104.1,-443.5999999999999,-190.5,443.8000000000002,1,0
2021-10-08,-1247.4,-1399.7,393.4,108.1,0.0,0.0,285.3,1982.7,1250.0,128.5,604.2,189.5,2951.8,3104.1,89.5,-271.89999999999964,716.8000000000002,0,0
2021-10-11,-1120.7,-1476.9,353.4,108.1,0.0,0.0,245.3,2020.0,1250.0,165.4,604.6,189.7,2747.9,3104.1,-203.9000000000001,-447.5,-715.1999999999998,0,0
2021-10-12,-1021.6,-2125.8,593.4,108.1,0.0,0.0,485.3,2908.8,2142.0,162.1,604.7,189.6,1999.9,3104.1,-748.0,-1495.4,-1472.6,1,1
2021-10-13,-1172.7,-2511.7,654.4,108.1,0.0,11.0,535.3,3355.2,2374.9,375.5,604.8,189.0,1765.1,3104.1,-234.80000000000018,-1540.8000000000002,-1887.7000000000003,0,0
2021-10-14,-1502.9,-1007.0,247.6,127.3,0.0,0.0,120.3,1443.6,862.9,114.8,465.9,189.1,3627.5,3131.5,1862.4,765.1999999999998,93.90000000000009,0,0
2021-10-15,-1511.8,-1034.9,202.6,127.3,0.0,0.0,75.3,1426.5,862.9,97.6,466.0,189.0,3608.4,3131.5,-19.09999999999991,656.5999999999999,129.70000000000027,0,0
2021-10-18,-1542.2,-880.6,352.6,127.3,0.0,0.0,225.3,1422.6,862.9,93.5,466.2,189.4,3793.1,3131.5,184.69999999999982,1045.1999999999998,548.1999999999998,0,0
2021-10-19,-1411.9,-809.5,425.6,127.3,0.0,0.0,298.3,1424.5,862.9,95.2,466.3,189.4,3734.0,3131.5,-59.09999999999991,1734.1,414.1999999999998,0,0
2021-10-20,-1549.6,-864.3,372.6,127.3,0.0,0.0,245.3,1423.0,862.9,93.7,466.4,186.1,3816.9,3131.5,82.90000000000009,2051.8,355.0,0,0
2021-10-21,-1542.4,-461.0,422.6,127.3,0.0,0.0,295.3,1066.6,508.3,91.8,466.5,183.0,4213.0,3131.5,396.0999999999999,585.5,805.3000000000002,0,0
2021-10-22,-1491.7,-204.9,683.6,127.3,0.0,0.0,556.3,1071.4,508.3,96.5,466.6,182.9,4418.3,3131.5,205.30000000000018,809.9000000000001,897.9000000000001,0,0
2021-10-25,-1336.0,-155.6,752.6,127.2,0.0,0.0,625.3,1089.5,508.3,114.4,466.8,181.2,4311.9,3131.5,-106.40000000000055,518.7999999999997,580.8999999999996,0,0
2021-10-26,-236.1,-72.1,818.7,127.2,0.0,0.1,691.3,1071.8,508.3,96.6,466.9,181.0,3295.6,3131.5,-1016.2999999999997,-438.4000000000001,-475.8000000000002,1,1
2021-10-27,-249.4,-136.9,768.7,127.2,0.0,0.2,641.3,1086.3,508.3,111.1,467.0,180.8,3244.0,3131.5,-51.59999999999991,-572.9000000000001,-390.4000000000001,0,0
2021-10-28,-318.7,-392.3,832.6,127.2,0.0,0.2,705.3,1403.4,820.0,116.3,467.1,178.5,3057.9,3131.5,-186.0999999999999,-1155.1,188.20000000000027,0,0
2021-10-29,-111.9,-364.1,867.8,127.2,0.0,0.3,740.3,1410.9,820.0,123.7,467.2,179.1,2879.4,3131.5,-178.5,-1538.9,-78.09999999999991,0,0
2021-11-01,-591.2,-438.7,843.9,127.2,0.0,0.4,716.3,1461.5,820.0,174.0,467.5,178.9,3284.1,3131.5,404.6999999999998,-1027.7999999999997,231.29999999999973,0,0
2021-11-02,-627.7,-607.5,664.0,127.1,0.0,0.4,536.6,1448.8,820.0,161.2,467.6,177.2,3151.7,3131.5,-132.4000000000001,-143.9000000000001,-72.0,0,0
2021-11-03,-700.0,-874.1,453.7,127.1,0.0,0.3,326.3,1504.9,820.0,217.2,467.7,177.0,2957.4,3131.5,-194.29999999999973,-286.5999999999999,-238.0,0,0
2021-11-08,-838.4,-1850.7,1004.0,127.1,0.0,0.0,876.9,3032.3,2390.0,174.1,468.2,177.6,2119.3,3131.5,-838.0999999999999,-938.5999999999999,-1376.0,1,1
2021-11-09,-1057.3,-1845.0,1088.4,127.1,0.0,0.0,961.3,3112.0,2390.0,253.8,468.2,178.5,2343.8,3131.5,224.5,-535.5999999999999,-962.0999999999999,0,0
2021-11-10,-1563.9,-2413.5,722.4,127.1,0.0,5.0,590.3,3314.1,2636.1,209.7,468.3,178.1,2281.9,3131.5,-61.90000000000009,-1002.1999999999998,-580.4000000000001,0,0
2021-11-11,-1389.5,-929.7,578.8,127.4,0.0,0.0,451.3,1686.6,1400.3,123.1,163.2,178.1,3608.7,3148.9,1326.7999999999997,457.0,656.8999999999996,0,0
2021-11-12,-1560.8,-1013.3,478.8,127.4,0.0,0.0,351.3,1670.1,1400.3,106.6,163.3,178.1,3696.4,3148.9,87.70000000000027,739.0,948.5,0,0
2021-11-15,-1453.8,-1089.3,403.7,127.4,0.0,0.0,276.3,1671.6,1400.3,107.9,163.4,178.6,3513.4,3148.9,-183.0,1394.1,1513.5,0,0
2021-11-16,-1310.6,-1104.1,385.7,127.4,0.0,2.0,256.3,1668.5,1400.3,104.8,163.4,178.7,3355.3,3148.9,-158.0999999999999,1011.5,1590.2000000000003,0,0
2021-11-17,-1413.3,-891.1,593.2,127.3,0.0,14.0,451.9,1662.6,1400.3,99.0,163.4,178.3,3671.1,3148.9,315.7999999999997,1389.1999999999998,43.59999999999991,0,0
2021-11-18,-1452.0,-793.1,523.9,127.0,0.0,0.0,396.8,1495.3,1228.1,103.7,163.5,178.4,3807.8,3148.9,136.70000000000027,199.10000000000036,199.4000000000001,0,0
2021-11-19,-1287.2,-727.5,593.9,127.0,0.0,0.1,466.8,1499.6,1228.1,108.0,163.5,178.3,3708.6,3148.9,-99.20000000000027,12.199999999999818,-84.5,0,0
2021-11-22,-1360.3,-662.4,658.8,127.0,0.0,0.0,531.8,1499.9,1228.1,108.2,163.6,178.6,3846.7,3148.9,138.0999999999999,333.2999999999997,112.69999999999982,0,0
2021-11-23,-1255.5,-632.1,678.8,127.0,0.0,0.0,551.8,1491.8,1228.1,100.1,163.6,180.9,3772.3,3148.9,-74.39999999999964,417.0,-44.59999999999991,0,0
2021-11-24,-1308.4,-560.4,748.3,126.9,0.0,14.5,606.8,1489.5,1228.1,97.7,163.7,180.8,3896.9,3148.9,124.59999999999991,225.80000000000018,-316.0999999999999,0,0
2021-11-25,-1200.7,-574.3,768.2,126.7,0.0,14.6,626.8,1523.0,1240.0,119.3,163.7,180.5,3775.2,3148.9,-121.70000000000027,-32.600000000000364,-643.1000000000004,0,0
2021-11-26,31.5,-384.3,948.4,126.7,0.0,14.9,806.8,1513.0,1240.0,109.3,163.7,180.3,2733.1,3148.9,-1042.1,-975.5,-1578.7999999999997,1,1
2021-11-29,-609.8,-573.1,798.3,126.7,0.0,15.2,656.3,1551.4,1240.0,147.6,163.8,180.0,3185.6,3148.9,452.5,-661.0999999999999,-110.0,0,0
2021-11-30,-417.8,-408.6,953.3,126.7,0.0,0.2,826.3,1542.1,1240.0,138.2,163.9,180.2,3158.0,3148.9,-27.59999999999991,-614.3000000000002,-86.0,0,0
2021-12-01,-682.4,-339.5,1029.2,126.7,0.0,46.1,856.3,1547.4,1240.0,143.5,163.9,178.8,3491.8,3148.9,333.8000000000002,-405.0999999999999,433.9000000000001,0,0
2021-12-02,-514.0,-912.7,1123.0,126.7,0.0,4.9,991.3,2214.5,1860.0,190.6,163.9,178.9,2750.2,3148.9,-741.6000000000004,-1025.0,-129.20000000000027,1,1
2021-12-03,-441.4,-808.3,1187.9,126.7,0.0,9.7,1051.4,2175.4,1860.0,151.4,164.0,179.2,2781.9,3148.9,31.700000000000273,48.80000000000018,-502.1999999999998,0,0
2021-12-06,-859.9,-1490.5,1012.5,126.7,0.0,9.6,876.2,2681.9,2420.0,97.8,164.1,178.9,2518.2,3148.9,-263.7000000000003,-667.4000000000001,-633.5,0,0
2021-12-07,-1411.8,-2159.3,822.8,126.7,0.0,9.6,686.5,3161.3,2849.0,148.2,164.1,179.2,2401.4,3148.9,-116.79999999999973,-756.5999999999999,-556.0,0,0
2021-12-08,-1539.1,-2309.2,736.1,126.7,0.0,15.6,593.8,3224.2,2855.1,205.0,164.1,178.9,2378.8,3148.9,-22.59999999999991,-1113.0,259.5,0,0
2021-12-09,-1404.2,-239.1,691.9,116.3,0.0,9.5,566.1,1110.1,1007.4,102.6,0.0,179.1,4372.5,3207.4,1993.6999999999998,1622.3000000000002,2028.6999999999998,0,0
2021-12-10,-1294.3,-129.5,792.0,116.3,0.0,9.6,666.1,1100.6,1007.4,93.2,0.0,179.0,4372.1,3207.4,-0.3999999999996362,1590.2000000000003,2090.2000000000003,0,0
2021-12-13,-1180.8,-142.1,782.1,116.3,0.0,9.6,656.1,1103.2,1007.4,95.8,0.0,179.0,4246.1,3207.4,-126.0,1727.9000000000005,637.4000000000005,0,0
2021-12-14,-927.4,29.0,952.0,116.3,0.0,9.6,826.1,1102.1,1007.4,94.7,0.0,179.1,4163.7,3207.4,-82.40000000000055,1762.2999999999997,467.2999999999997,0,0
2021-12-15,-1370.8,-77.7,1062.0,116.3,0.0,9.5,936.1,1318.5,1007.4,311.1,0.0,178.8,4500.4,3207.4,336.6999999999998,2121.5999999999995,986.9999999999995,0,0
2021-12-16,-1320.8,-11.7,932.8,116.3,0.0,9.3,807.1,1123.3,1007.2,116.2,0.0,178.9,4516.5,3207.4,16.100000000000364,144.0,1161.1999999999998,0,0
2021-12-17,-1141.9,128.6,1067.9,116.3,0.0,10.4,941.1,1118.8,1007.2,111.6,0.0,179.6,4477.9,3207.4,-38.600000000000364,105.79999999999927,806.7999999999997,0,0
2021-12-20,-1228.3,65.2,1021.8,116.3,0.0,9.3,896.2,1136.7,1007.2,129.5,0.0,180.1,4500.8,3207.4,22.900000000000546,254.69999999999982,693.0,0,0
2021-12-21,-1136.8,112.3,1106.7,116.3,0.0,9.3,981.1,1174.7,1007.2,167.5,0.0,180.2,4456.5,3207.4,-44.30000000000018,292.8000000000002,747.9000000000001,0,0
2021-12-22,-922.6,-42.0,1076.8,116.3,0.0,9.3,951.1,1299.1,1007.2,292.0,0.0,180.4,4088.0,3207.4,-368.5,-412.39999999999964,241.30000000000018,1,0
2021-12-23,-866.3,-439.5,1229.3,116.3,0.0,6.9,1106.2,1849.6,1611.8,237.8,0.0,180.7,3634.1,3207.4,-453.9000000000001,-882.4000000000001,-138.20000000000027,1,0
2021-12-24,-894.2,-787.7,1058.8,116.3,0.0,6.4,936.1,2028.3,1611.8,416.5,0.0,181.8,3313.9,3207.4,-320.1999999999998,-1163.9999999999995,-583.0,1,0
2021-12-27,-240.3,-921.8,1459.3,116.3,0.0,6.2,1336.8,2563.4,2441.3,122.1,0.0,182.3,2525.9,3207.4,-788.0,-1974.9,-1249.2999999999997,1,1
2021-12-28,428.7,-265.7,1362.5,116.3,0.0,0.0,1246.1,1810.7,1611.8,198.9,0.0,182.6,2513.0,3207.4,-12.900000000000091,-1943.5,-220.0999999999999,0,0
2021-12-29,-370.5,-722.7,1167.9,116.3,0.0,0.0,1051.6,2075.9,1611.8,464.1,0.0,185.3,2855.2,3207.4,342.1999999999998,-1232.8000000000002,-330.4000000000001,0,0
2021-12-30,-388.1,-756.6,1121.5,116.3,0.0,0.0,1005.1,2067.7,1625.9,441.9,0.0,189.7,2838.9,3207.4,-16.299999999999727,-795.1999999999998,-319.0999999999999,0,0
2022-01-01,-1134.3,-1691.1,909.0,116.3,0.0,2.6,790.1,2803.8,1625.9,1177.9,0.0,203.7,2650.6,3207.4,-188.30000000000018,-663.3000000000002,-841.2000000000003,0,0
2022-01-10,-1267.1,-1784.1,999.0,116.3,0.0,2.6,880.1,2986.8,1625.9,1360.9,0.0,203.7,2690.3,3207.4,39.70000000000027,164.4000000000001,-59.899999999999636,0,0
2022-01-11,-1236.3,-2036.8,1381.4,116.3,0.0,0.0,1265.1,3621.6,3224.3,397.3,0.0,203.5,2406.9,3207.4,-283.4000000000001,-106.09999999999991,-375.0,0,0
2022-01-12,-1111.7,-2814.1,1331.5,116.3,0.0,0.2,1215.1,4348.9,4064.8,284.0,0.0,203.2,1505.0,3207.4,-901.9000000000001,-1350.1999999999998,-1013.1999999999998,1,1
2022-01-13,-1276.0,-1012.2,1184.5,144.4,0.0,0.0,1040.1,2399.7,2279.0,120.7,0.0,203.0,3508.4,3244.6,2003.4,669.5,1107.0,0,0
2022-01-14,-1265.6,-1104.0,1127.6,142.6,0.0,0.0,985.1,2434.0,2279.0,155.1,0.0,202.4,3406.2,3244.6,-102.20000000000027,755.5999999999999,1027.3999999999996,0,0
2022-01-17,-1208.4,-1309.4,933.2,141.1,0.0,0.0,792.1,2444.5,2279.0,165.5,0.0,201.8,3143.5,3244.6,-262.6999999999998,453.1999999999998,-1229.0,0,0
2022-01-18,-1129.9,-1113.9,1121.7,137.9,0.0,48.7,935.1,2437.2,2279.0,158.2,0.0,201.6,3260.6,3244.6,117.09999999999991,853.6999999999998,-1111.5000000000005,0,0
2022-01-19,-1165.4,-1089.8,1159.7,136.8,0.0,52.9,970.1,2451.3,2279.0,172.3,0.0,201.8,3320.2,3244.6,59.59999999999991,1815.1999999999998,-925.9000000000005,0,0
2022-01-20,-1346.3,-697.6,1010.1,136.4,0.0,53.6,820.1,1909.4,1755.7,153.7,0.0,201.7,3893.3,3244.6,573.1000000000004,384.9000000000001,-270.39999999999964,0,0
2022-01-21,-1258.7,-729.7,958.7,136.4,0.0,52.2,770.1,1890.2,1755.7,134.5,0.0,201.8,3773.6,3244.6,-119.70000000000027,367.4000000000001,-726.7999999999997,0,0
2022-01-24,-1162.1,-711.0,967.8,136.3,0.0,46.4,785.1,1879.7,1755.7,124.0,0.0,200.9,3695.7,3244.6,-77.90000000000009,552.1999999999998,-820.8000000000002,0,0
2022-01-25,-934.7,-609.5,1074.2,136.3,0.0,52.8,885.1,1885.2,1755.7,129.4,0.0,201.5,3569.8,3244.6,-125.89999999999964,309.2000000000003,-908.0999999999995,0,0
2022-01-26,-25.6,-434.1,1244.3,133.7,0.0,49.8,1060.8,1879.9,1755.7,124.2,0.0,201.4,2836.1,3244.6,-733.7000000000003,-484.0999999999999,-1664.7000000000003,1,1
2022-01-27,-37.0,435.3,1440.6,133.6,0.0,56.9,1250.2,1206.0,1020.0,186.0,0.0,200.7,3716.9,3244.6,880.8000000000002,-176.4000000000001,-739.5999999999999,0,0
2022-01-28,-332.0,48.6,1071.3,133.6,0.0,57.7,880.1,1223.5,1020.0,203.5,0.0,200.7,3625.2,3244.6,-91.70000000000027,-148.4000000000001,-462.8000000000002,0,0
2022-01-31,-639.9,142.5,1211.5,133.6,0.0,57.1,1020.9,1269.4,1020.0,249.4,0.0,200.4,4027.0,3244.6,401.8000000000002,331.3000000000002,392.9000000000001,0,0
2022-02-01,-626.3,-108.5,1121.6,133.6,0.0,57.1,930.9,1429.6,1020.0,409.6,0.0,199.5,3762.4,3244.6,-264.5999999999999,192.5999999999999,448.5,0,0
2022-02-02,-595.2,-187.1,1149.4,133.6,0.0,55.7,960.1,1535.5,1020.0,515.5,0.0,199.0,3652.7,3244.6,-109.70000000000027,816.5999999999999,1126.7999999999997,0,0
2022-02-03,-626.5,-1278.8,1152.6,133.1,0.0,54.4,965.1,2631.6,2446.0,185.6,0.0,200.2,2592.3,3244.6,-1060.3999999999996,-1124.6,79.30000000000018,1,1
2022-02-04,-429.7,-1132.8,1308.5,133.1,0.0,55.3,1120.1,2641.3,2446.0,195.3,0.0,200.0,2541.5,3244.6,-50.80000000000018,-1083.6999999999998,-313.6999999999998,0,0
2022-02-07,-788.1,-1369.3,1081.9,132.6,0.0,54.3,895.1,2651.8,2446.0,205.8,0.0,200.5,2663.4,3244.6,121.90000000000009,-1363.6,-175.5,0,0
2022-02-08,-949.9,-1504.0,1167.3,132.6,0.0,54.6,980.1,2859.1,2446.0,413.1,0.0,187.9,2690.5,3244.6,27.09999999999991,-1071.9,39.90000000000009,0,0
2022-02-09,-1041.4,-1975.0,1386.5,132.6,0.0,53.8,1200.1,3561.2,3296.3,264.9,0.0,199.8,2311.0,3244.6,-379.5,-1341.6999999999998,-379.3000000000002,1,0
2022-02-10,-1009.7,525.8,1562.0,132.6,0.0,54.3,1375.1,1236.0,1124.7,111.3,0.0,199.8,4840.1,3304.6,2529.1000000000004,2247.8,2433.2000000000003,0,0
2022-02-11,-821.1,205.0,1235.1,132.6,0.0,53.4,1049.1,1230.0,1124.7,105.3,0.0,199.9,4330.6,3304.6,-509.5,1789.1000000000004,2825.6000000000004,1,1
2022-02-14,-742.5,252.8,1346.5,132.6,0.0,88.9,1125.1,1293.5,1124.7,168.8,0.0,199.8,4299.9,3304.6,-30.700000000000728,1636.4999999999995,791.4999999999995,0,0
2022-02-15,-526.4,162.9,1289.6,131.9,0.0,47.7,1110.1,1326.6,1124.7,201.9,0.0,199.8,3993.9,3304.6,-305.99999999999955,1303.4,587.7000000000003,1,0
2022-02-16,-508.4,-136.9,972.8,129.1,0.0,48.6,795.2,1309.7,1124.1,185.6,0.0,200.0,3676.1,3304.6,-317.8000000000002,1365.1,532.5999999999999,1,0
2022-02-17,-399.8,-276.9,1125.6,199.8,0.0,48.7,877.2,1602.6,1473.5,129.1,0.0,200.1,3427.5,3304.6,-248.5999999999999,-1412.6000000000004,166.9000000000001,0,0
2022-02-18,-602.3,-325.9,1072.9,199.8,0.0,48.0,825.2,1598.9,1473.5,125.4,0.0,200.1,3581.0,3304.6,153.5,-749.6000000000004,260.8000000000002,0,0
2022-02-21,-566.6,-375.6,1039.9,199.1,0.0,49.1,791.7,1615.6,1473.5,142.1,0.0,200.1,3495.6,3304.6,-85.40000000000009,-804.2999999999997,-397.7000000000003,0,0
2022-02-22,-531.9,-273.5,1130.8,199.1,0.0,48.7,883.1,1604.6,1473.5,131.1,0.0,200.3,3563.0,3304.6,67.40000000000009,-430.9000000000001,-210.5999999999999,0,0
2022-02-24,-206.0,-113.1,1319.0,196.5,0.0,72.4,1050.1,1606.9,1473.5,133.3,0.0,174.8,3397.5,3304.6,-165.5,-278.5999999999999,-298.1999999999998,0,0
2022-02-25,128.9,10.9,3206.6,1067.1,0.0,261.6,1877.9,2811.7,798.0,2013.7,0.0,-384.0,3186.6,3304.6,-210.9000000000001,-240.9000000000001,-383.2000000000003,0,0
2022-02-28,4216.6,2858.5,5853.7,2101.3,0.0,178.9,3573.5,2387.6,798.0,1589.6,0.0,-607.6,1946.5,3304.6,-1240.1,-1634.5,-889.5999999999999,1,1
2022-03-01,5846.1,5388.7,8189.1,3157.3,0.0,564.3,4467.4,2870.6,797.7,2072.9,0.0,70.1,2847.1,3304.6,900.5999999999999,-648.5,-869.8000000000002,0,0
2022-03-02,6239.4,6929.8,9629.4,2586.8,0.0,2072.8,4969.8,2898.0,797.7,2100.3,0.0,198.3,3995.0,3304.6,1147.9,432.0,369.8000000000002,0,0
2022-03-03,5835.6,7033.3,9817.0,4348.0,0.0,496.8,4972.3,2981.9,0.0,2981.9,0.0,198.3,4502.3,3304.6,507.3000000000002,1104.8000000000002,475.3000000000002,0,0
2022-03-04,5768.1,4674.0,8226.4,4862.2,0.0,130.3,3233.9,3750.6,626.0,3124.6,0.0,198.2,2210.5,3304.6,-2291.8,-976.0999999999999,-1551.9,1,1
2022-03-05,5658.4,4295.5,7816.1,5028.5,0.0,130.6,2656.9,3718.8,1000.2,2718.6,0.0,198.2,1941.7,3304.6,-268.79999999999995,-4.7999999999999545,-1710.9999999999998,0,0
2022-03-09,5525.6,4465.0,8172.7,5028.5,0.0,130.6,3013.5,3905.8,1082.2,2823.6,0.0,198.1,2244.0,3304.6,302.29999999999995,-603.0999999999999,-348.3000000000002,0,0
2022-03-10,3715.2,4850.8,7642.8,4837.5,0.0,123.3,2682.0,2988.3,792.9,2195.4,0.0,196.2,2418.7,1283.1,174.69999999999982,-1576.3000000000002,-122.80000000000018,0,0
2022-03-11,3648.4,4135.3,7147.0,5310.8,0.0,138.8,1697.5,3207.9,1020.9,2187.1,0.0,196.2,1770.0,1283.1,-648.6999999999998,-2732.3,-893.4000000000001,1,1
2022-03-14,3425.2,4021.7,6920.1,5210.5,0.0,192.7,1517.0,3094.1,1207.6,1886.5,0.0,195.7,1879.5,1283.1,109.5,-331.0,-811.0,0,0
2022-03-15,2937.2,3619.1,6685.9,5213.2,0.0,171.6,1301.1,3263.0,1424.1,1838.9,0.0,196.2,1965.0,1283.1,85.5,23.299999999999955,-346.0,0,0
2022-03-16,2620.4,3304.7,6283.8,5548.3,0.0,100.7,634.8,3174.8,1510.9,1663.8,0.0,195.7,1967.3,1283.1,2.2999999999999545,-276.70000000000005,-2872.8,0,0
2022-03-17,1764.3,2681.9,5561.3,5233.8,0.0,22.8,304.7,3168.7,1000.0,2168.7,0.0,289.3,2200.6,1283.1,233.29999999999995,-218.0999999999999,-2130.0000000000005,0,0
2022-03-18,1591.0,2386.7,5327.2,5125.7,0.0,161.9,39.5,3229.7,1000.0,2229.7,0.0,289.2,2078.8,1283.1,-121.79999999999973,308.8000000000002,-2221.0999999999995,0,0
2022-03-21,1595.9,2148.7,5410.3,5153.4,0.0,212.3,44.6,3550.7,1000.0,2550.7,0.0,289.1,1835.9,1283.1,-242.9000000000001,-43.59999999999991,-2158.0,0,0
2022-03-22,1341.2,1707.6,5125.6,4893.5,0.0,187.5,44.5,3709.8,1000.0,2709.8,0.0,291.8,1649.5,1283.1,-186.4000000000001,-315.5,-2026.6,0,0
2022-03-23,1160.7,1305.5,4763.7,4575.4,0.0,163.7,24.6,3764.2,1000.0,2764.2,0.0,306.0,1427.8,1283.1,-221.70000000000005,-539.5,-1999.7,0,0
2022-03-24,704.4,876.2,4515.3,4413.0,0.0,83.6,18.6,3945.0,984.3,2960.7,0.0,305.9,1454.8,1283.1,27.0,-745.8,-2126.2,0,0
2022-03-25,630.7,619.3,4060.8,3949.6,0.0,92.4,18.9,3749.7,1000.0,2749.7,0.0,308.1,1271.6,1283.1,-183.20000000000005,-807.2000000000003,-2224.0,0,0
2022-03-28,1549.4,1491.7,4377.3,4147.3,0.0,198.7,31.2,3197.5,1000.0,2197.5,0.0,312.0,1225.4,1283.1,-46.19999999999982,-610.5,-2337.6,0,0
2022-03-29,1346.1,1719.9,4586.3,4347.7,0.0,86.2,152.4,3184.9,1000.0,2184.9,0.0,318.5,1656.9,1283.1,431.5,7.400000000000091,-1740.6,0,0
2022-03-30,875.3,1351.5,4173.7,4056.0,0.0,55.4,62.4,3142.6,1000.0,2142.6,0.0,320.3,1759.2,1283.1,102.29999999999995,331.4000000000001,-1427.3999999999999,0,0
2022-03-31,372.2,76.7,2751.4,2572.9,0.0,113.1,65.4,3002.6,0.0,3002.6,0.0,327.9,987.6,1283.1,-771.6,-467.19999999999993,-958.9,1,1
2022-04-01,-83.8,-280.4,2484.2,2298.4,0.0,91.6,94.2,3107.8,0.0,3107.8,0.0,343.2,1086.4,1283.1,98.80000000000007,-185.19999999999982,-1760.6999999999998,0,0
2022-04-04,-82.0,-603.6,2228.0,1881.9,0.0,115.9,230.2,3175.2,0.0,3175.2,0.0,343.6,761.4,1283.1,-325.0000000000001,-464.0000000000001,-3233.6,1,0
2022-04-05,-387.7,-617.1,2228.8,1879.6,0.0,121.2,228.0,3190.4,0.0,3190.4,0.0,344.5,1053.6,1283.1,292.19999999999993,-603.3000000000002,-3448.7000000000003,0,0
2022-04-06,-799.7,-740.4,2238.2,1778.4,0.0,111.2,348.6,3326.7,0.0,3326.7,0.0,348.1,1342.4,1283.1,288.8000000000002,-416.79999999999995,-868.0999999999999,0,0
2022-04-07,-935.5,-1160.1,1855.4,1588.8,0.0,43.9,222.6,3366.2,0.0,3366.2,0.0,350.7,1058.5,1283.1,-283.9000000000001,70.89999999999998,-883.2,0,0
2022-04-08,-1421.2,-1513.0,1811.8,1588.4,0.0,1.7,221.6,3679.3,0.0,3679.3,0.0,354.6,1191.2,1283.1,132.70000000000005,104.79999999999995,-1052.8,0,0
2022-04-11,-1454.0,-2059.9,1770.4,1587.4,0.0,15.5,167.4,4190.3,0.0,4190.3,0.0,360.0,677.2,1283.1,-514.0,-84.19999999999993,-1741.4999999999998,1,1
2022-04-12,-1375.9,-444.3,2768.7,1586.0,0.0,22.7,1160.0,3577.2,0.0,3577.2,0.0,364.2,2214.6,1283.1,1537.3999999999999,1161.0,444.5999999999999,0,0
2022-04-13,-967.1,-658.2,2944.9,1586.0,0.0,23.0,1335.9,3972.8,2341.5,1631.3,0.0,369.7,1592.0,1283.1,-622.5999999999999,249.5999999999999,-287.5,1,1
2022-04-14,-908.4,-1415.7,1036.9,843.5,0.0,30.8,162.6,2832.5,0.0,2832.5,0.0,379.9,913.6,1420.9,-678.4,-144.89999999999998,-1051.4,1,1
2022-04-15,-1009.2,-1416.2,1074.6,843.5,0.0,18.3,212.7,2873.6,0.0,2873.6,0.0,382.8,1013.9,1420.9,100.29999999999995,-177.30000000000007,-953.4,0,0
2022-04-18,-848.0,-1254.9,1147.1,843.5,0.0,18.5,285.1,2791.8,0.0,2791.8,0.0,389.8,1014.1,1420.9,0.20000000000004547,336.9,-1186.5,0,0
2022-04-19,-954.9,-1369.4,1222.9,842.7,0.0,17.1,363.1,2988.1,0.0,2988.1,0.0,395.7,1006.4,1420.9,-7.7000000000000455,-1208.1999999999998,-1072.4,0,0
2022-04-20,-992.6,-1454.1,1227.1,842.7,0.0,18.2,366.2,3091.0,0.0,3091.0,0.0,409.7,959.4,1420.9,-47.0,-632.6,-876.5000000000001,0,0
2022-04-21,-1048.3,-1366.1,1336.1,1267.4,0.0,5.5,63.1,3116.0,0.0,3116.0,0.0,413.8,1103.1,1420.9,143.69999999999993,189.4999999999999,-546.4000000000001,0,0
2022-04-22,-1120.7,-1234.1,1334.8,1267.2,0.0,4.1,63.5,2977.3,0.0,2977.3,0.0,408.4,1307.6,1420.9,204.5,293.69999999999993,-120.20000000000005,0,0
2022-04-25,-1142.2,-1091.6,1333.2,1266.9,0.0,3.5,62.8,2838.2,0.0,2838.2,0.0,413.4,1471.6,1420.9,164.0,457.4999999999999,16.799999999999955,0,0
2022-04-26,-235.2,-690.4,1356.9,1266.5,0.0,2.5,87.9,2460.6,0.0,2460.6,0.0,413.3,965.7,1420.9,-505.89999999999986,-40.69999999999993,-305.89999999999986,1,1
2022-04-27,-216.7,-593.6,1499.1,1265.6,0.0,2.4,231.1,2534.6,0.0,2534.6,0.0,441.9,1044.0,1420.9,78.29999999999995,84.60000000000002,-181.4000000000001,0,0
2022-04-28,-1078.3,-1537.7,836.0,766.7,0.0,2.8,66.4,2820.8,0.0,2820.8,0.0,447.2,961.6,1420.9,-82.39999999999998,-141.4999999999999,-695.3000000000001,0,0
2022-04-29,-623.8,-1278.8,858.2,766.7,0.0,2.7,88.7,2590.2,0.0,2590.2,0.0,453.2,765.9,1420.9,-195.70000000000005,-541.6999999999999,-993.3000000000001,0,0
2022-05-04,-1171.2,-1538.0,835.7,766.7,0.0,2.7,66.2,2827.5,0.0,2827.5,0.0,453.8,1054.1,1420.9,288.19999999999993,-417.5,66.49999999999989,0,0
2022-05-05,-1071.2,307.8,2377.0,625.3,0.0,15.3,1736.3,2528.8,0.0,2528.8,0.0,459.6,2799.9,1420.9,1745.8000000000002,1834.2,1713.5,0,0
2022-05-06,-1470.2,-1140.8,908.6,624.8,0.0,15.5,268.3,2518.9,0.0,2518.9,0.0,469.5,1750.3,1420.9,-1049.6000000000001,706.3,988.9,1,1
2022-05-11,-1703.1,-854.3,1207.8,624.5,0.0,14.2,569.2,2536.2,0.0,2536.2,0.0,474.1,2269.7,1420.9,519.3999999999999,1308.1,1216.1,0,0
2022-05-12,-1833.5,-1320.2,851.8,273.5,0.0,9.3,568.9,2647.7,0.0,2647.7,0.0,475.6,1934.2,1420.9,-335.4999999999998,1168.3000000000002,591.8,1,0
2022-05-13,-2020.9,-1198.7,950.7,273.5,0.0,9.0,668.2,2627.7,0.0,2627.7,0.0,478.3,2243.1,1420.9,308.89999999999986,1189.0,1184.6,0,0
2022-05-16,-2007.5,-1012.7,998.3,273.2,0.0,6.9,718.2,2490.6,0.0,2490.6,0.0,479.6,2415.7,1420.9,172.5999999999999,-384.2000000000003,1224.4999999999998,0,0
2022-05-17,-2015.0,-1338.9,749.5,272.9,0.0,10.5,466.1,2572.2,0.0,2572.2,0.0,483.8,2097.0,1420.9,-318.6999999999998,346.70000000000005,1419.8,1,0
2022-05-18,-2088.0,-1641.6,659.3,272.9,0.0,4.1,382.3,2786.2,800.0,1986.2,0.0,485.4,1867.3,1420.9,-229.70000000000005,-402.39999999999986,-347.29999999999995,0,0
2022-05-19,-2220.3,-1974.5,252.9,175.0,0.0,10.2,67.7,2713.3,740.0,1973.3,0.0,486.0,1571.3,1325.5,-296.0,-362.9000000000001,-20.700000000000045,0,0
2022-05-20,-2189.2,-1759.5,352.6,175.0,0.0,10.9,166.6,2602.6,740.0,1862.6,0.0,490.5,1755.2,1325.5,183.9000000000001,-487.89999999999986,841.6,0,0
2022-05-23,-2095.8,-1815.2,252.1,175.0,0.0,11.2,65.9,2561.4,740.0,1821.4,0.0,494.1,1606.1,1325.5,-149.10000000000014,-809.5999999999999,592.1999999999999,0,0
2022-05-24,-2274.8,-1957.8,250.2,175.0,0.0,11.6,63.6,2703.1,740.0,1963.1,0.0,495.2,1642.5,1325.5,36.40000000000009,-454.5,628.4,0,0
2022-05-25,-2449.6,-1923.9,247.4,175.0,0.0,9.7,62.6,2671.3,740.0,1931.3,0.0,500.0,1851.2,1325.5,208.70000000000005,-16.09999999999991,844.8000000000001,0,0
2022-05-26,-1312.7,-1718.8,374.9,174.1,0.0,13.6,187.1,2595.2,849.9,1745.3,0.0,501.5,919.4,1325.5,-931.8000000000001,-651.9,-40.0,1,1
2022-05-27,-1417.8,-2079.0,249.9,174.1,0.0,14.5,61.3,2831.8,849.9,1981.9,0.0,502.9,664.3,1325.5,-255.10000000000002,-1090.9,-438.79999999999995,0,0
2022-05-30,-1921.8,-1892.5,262.0,172.8,0.0,17.4,71.8,2660.0,849.9,1810.1,0.0,505.6,1354.9,1325.5,690.6000000000001,-251.19999999999982,47.30000000000018,0,0
2022-05-31,-1778.0,-1958.2,264.8,172.7,0.0,17.2,74.8,2732.2,849.9,1882.3,0.0,509.2,1145.3,1325.5,-209.60000000000014,-497.20000000000005,-326.29999999999995,0,0
2022-06-01,-2438.8,-1967.8,276.8,172.6,0.0,18.4,85.8,2748.8,849.9,1898.9,0.0,504.2,1796.5,1325.5,651.2,-54.700000000000045,830.8,0,0
2022-06-02,-2020.6,-2121.6,274.2,172.6,0.0,16.6,85.0,2901.4,1200.0,1701.4,0.0,505.6,1224.5,1325.5,-572.0,305.1,180.5,1,1
2022-06-03,-2117.3,-2177.8,333.0,172.6,0.0,15.5,144.9,3017.5,1200.0,1817.5,0.0,506.7,1265.0,1325.5,40.5,600.7,303.4,0,0
2022-06-06,-1972.6,-2023.7,312.0,172.6,0.0,14.0,125.4,2844.5,1200.0,1644.5,0.0,508.8,1274.5,1325.5,9.5,-80.40000000000009,508.6,0,0
2022-06-07,-2297.0,-2244.6,358.5,172.5,0.0,14.5,171.4,3113.4,1200.0,1913.4,0.0,510.2,1377.9,1325.5,103.40000000000009,232.60000000000014,323.8000000000002,0,0
2022-06-08,-2275.8,-2302.1,358.5,172.5,0.0,14.0,172.0,3171.2,1200.0,1971.2,0.0,510.5,1299.2,1325.5,-78.70000000000005,-497.29999999999995,-1500.7,0,0
2022-06-09,-2127.6,-2584.7,511.6,172.5,0.0,17.2,321.9,3608.0,1940.0,1668.0,0.0,511.7,868.4,1325.5,-430.80000000000007,-356.1,-881.9,1,0
2022-06-10,-2420.7,-2675.5,418.8,172.4,0.0,21.1,225.3,3605.4,1940.0,1665.4,0.0,511.0,1070.7,1325.5,202.30000000000007,-194.29999999999995,-1198.9999999999998,0,0
2022-06-14,-2687.8,-2595.4,544.2,172.4,0.0,21.0,350.7,3652.2,1940.0,1712.2,0.0,512.7,1417.9,1325.5,347.20000000000005,143.4000000000001,-516.3,0,0
2022-06-15,-2787.4,-104.6,3212.8,171.8,0.0,233.3,2807.7,3832.2,1940.0,1892.2,0.0,514.8,4008.3,1325.5,2590.4,2630.4,1765.2000000000003,0,0
2022-06-16,-2663.3,-2280.9,457.4,171.4,0.0,19.5,266.5,3253.4,1428.1,1825.3,0.0,515.1,2013.6,1631.2,-1994.7000000000003,714.3999999999999,-402.0999999999999,1,1
2022-06-17,-2825.4,-2491.1,395.6,171.3,0.0,17.7,206.6,3402.0,1428.1,1973.9,0.0,515.3,1965.5,1631.2,-48.09999999999991,1097.1,-131.5,0,0
2022-06-20,-2706.8,-2376.8,379.6,171.3,0.0,16.5,191.8,3271.9,1428.1,1843.8,0.0,515.5,1961.3,1631.2,-4.2000000000000455,890.5999999999999,94.0,0,0
2022-06-21,-2490.0,-2353.8,443.7,171.3,0.0,16.9,255.5,3312.7,1428.1,1884.6,0.0,515.2,1767.4,1631.2,-193.89999999999986,349.5,196.10000000000014,0,0
2022-06-22,-2634.1,-2411.9,441.3,171.3,0.0,15.4,254.6,3368.9,1428.1,1940.8,0.0,515.6,1853.4,1631.2,86.0,-2154.9,98.20000000000005,0,0
2022-06-23,-2691.7,-2443.6,434.7,170.7,0.0,9.6,254.4,3394.7,1610.0,1784.7,0.0,516.4,1879.3,1631.2,25.899999999999864,-134.29999999999995,273.20000000000005,0,0
2022-06-24,-2764.5,-2453.9,432.5,170.7,0.0,13.2,248.6,3403.0,1610.0,1793.0,0.0,516.6,1941.8,1631.2,62.5,-23.700000000000045,299.29999999999995,0,0
2022-06-27,-2561.2,-2402.6,429.0,170.7,0.0,10.7,247.6,3348.9,1610.0,1738.9,0.0,517.3,1789.8,1631.2,-152.0,-171.5,-61.40000000000009,0,0
2022-06-28,-2036.7,-2260.3,349.7,170.7,0.0,12.4,166.6,3126.8,1610.0,1516.8,0.0,516.8,1407.6,1631.2,-382.20000000000005,-359.8000000000002,488.19999999999993,1,0
2022-06-29,-2179.6,-2156.3,362.0,170.7,0.0,12.7,178.6,3034.0,1610.0,1424.0,0.0,515.7,1654.6,1631.2,247.0,-198.80000000000018,990.3,0,0
2022-06-30,-2417.7,-2538.9,272.7,170.7,0.0,12.3,89.6,3327.1,1838.4,1488.6,0.0,515.5,1510.0,1631.2,-144.5999999999999,-369.29999999999995,155.0999999999999,0,0
2022-07-01,-2560.9,-2383.6,280.0,170.7,0.0,9.9,99.4,3179.5,1838.4,1341.1,0.0,515.9,1808.5,1631.2,298.5,-133.29999999999995,663.2,0,0
2022-07-04,-2492.6,-2501.0,400.2,170.7,0.0,9.1,220.5,3417.8,1838.4,1579.3,0.0,516.5,1622.8,1631.2,-185.70000000000005,-167.0,-173.70000000000005,0,0
2022-07-05,-2280.3,-2602.3,391.6,170.3,0.0,8.4,212.9,3510.6,1838.4,1672.2,0.0,516.8,1309.3,1631.2,-313.5,-98.29999999999995,84.79999999999995,1,0
2022-07-06,-2591.8,-2608.2,389.5,169.9,0.0,6.4,213.2,3511.6,1838.4,1673.2,0.0,513.9,1614.8,1631.2,305.5,-39.799999999999955,349.79999999999995,0,0
2022-07-07,-2724.6,-2863.9,388.7,169.5,0.0,4.3,214.9,3767.2,2329.2,1438.0,0.0,514.6,1492.0,1631.2,-122.79999999999995,-18.0,217.5,0,0
2022-07-08,-2739.6,-2771.2,330.7,169.5,0.0,4.3,156.9,3616.5,2329.2,1287.3,0.0,514.6,1599.6,1631.2,107.59999999999991,-208.9000000000001,221.69999999999982,0,0
2022-07-11,-2576.6,-2254.0,894.4,169.5,0.0,4.0,720.9,3663.2,2329.2,1334.0,0.0,514.8,1953.7,1631.2,354.10000000000014,330.9000000000001,654.5,0,0
2022-07-12,-2556.8,-2183.9,1064.0,169.5,0.0,4.0,890.5,3762.1,2329.2,1432.9,0.0,514.2,2004.1,1631.2,50.399999999999864,694.8,1135.6999999999998,0,0
2022-07-13,-2744.7,-2508.3,878.8,169.5,0.0,4.0,705.3,3902.1,2736.7,1165.4,0.0,515.1,1867.7,1631.2,-136.39999999999986,252.9000000000001,797.0,0,0
2022-07-14,-2761.5,-2680.0,415.5,169.2,0.0,4.6,241.7,3609.8,2297.7,1312.1,0.0,514.3,1650.2,1568.7,-217.5,158.20000000000005,232.29999999999995,0,0
2022-07-15,-2641.6,-2660.6,377.4,168.9,0.0,4.4,204.1,3555.3,2297.7,1257.6,0.0,517.3,1549.7,1568.7,-100.5,-49.899999999999864,-2458.6000000000004,0,0
2022-07-18,-2601.0,-2785.4,342.0,168.9,0.0,4.0,169.1,3643.7,2297.7,1346.1,0.0,516.3,1384.3,1568.7,-165.4000000000001,-569.4000000000001,-629.3,0,0
2022-07-19,-2526.5,-2812.6,341.6,168.9,0.0,4.6,168.1,3670.3,2297.7,1372.7,0.0,516.1,1282.6,1568.7,-101.70000000000005,-721.5,-682.9000000000001,0,0
2022-07-20,-2613.5,-2950.6,347.0,168.9,0.0,6.5,171.6,3816.2,2297.7,1518.6,0.0,518.6,1231.6,1568.7,-51.0,-636.1000000000001,-729.7,0,0
2022-07-21,-2647.1,-2850.4,137.4,69.3,0.0,6.6,61.6,3504.3,1870.0,1634.3,0.0,516.5,1365.4,1568.7,133.80000000000018,-284.79999999999995,-402.0,0,0
2022-07-22,-2690.2,-2756.2,138.0,69.3,0.0,7.2,61.5,3410.7,1870.0,1540.7,0.0,516.5,1502.7,1568.7,137.29999999999995,-47.0,-350.70000000000005,0,0
2022-07-25,-2672.0,-2888.8,141.5,69.3,0.0,5.9,66.4,3546.5,1870.0,1676.5,0.0,516.2,1352.0,1568.7,-150.70000000000005,-32.299999999999955,-527.3,0,0
2022-07-26,-2075.5,-2290.2,517.4,68.8,0.0,5.9,442.8,3217.3,1870.0,1347.3,0.0,409.6,1354.0,1568.7,2.0,71.40000000000009,-587.8,0,0
2022-07-27,-2656.4,-2672.5,233.9,68.6,0.0,5.9,159.5,3312.0,1870.0,1442.0,0.0,405.6,1552.6,1568.7,198.5999999999999,321.0,-237.20000000000005,0,0
2022-07-28,-2832.3,-2355.3,224.7,68.4,0.0,5.9,150.4,2982.1,1637.0,1345.1,0.0,402.2,2045.8,1568.7,493.20000000000005,680.3999999999999,638.2,0,0
2022-07-29,-2602.4,-1995.3,502.0,68.4,0.0,6.9,426.8,2899.2,1637.0,1262.2,0.0,401.9,2175.8,1568.7,130.00000000000023,673.1000000000001,521.2000000000003,0,0
2022-08-01,-2697.9,-2243.8,179.6,68.4,0.0,7.3,103.9,2824.1,1637.0,1187.1,0.0,400.7,2022.8,1568.7,-153.00000000000023,670.8,512.8,0,0
2022-08-02,-2558.7,-1670.6,846.4,68.4,0.0,5.8,772.2,2916.4,1637.0,1279.4,0.0,399.4,2456.9,1568.7,434.10000000000014,1102.9,648.4000000000001,0,0
2022-08-03,-2702.9,-1814.0,745.9,68.4,0.0,5.9,671.6,2959.8,1637.0,1322.8,0.0,399.9,2457.6,1568.7,0.6999999999998181,905.0,834.8,0,0
2022-08-04,-2814.5,-2212.3,643.1,67.9,0.0,5.8,569.5,3255.2,1803.3,1451.9,0.0,399.7,2170.9,1568.7,-286.6999999999998,125.10000000000014,861.6000000000001,0,0
2022-08-05,-2664.9,-2183.6,544.9,67.8,0.0,4.2,472.9,3128.1,1803.3,1324.8,0.0,399.5,2050.0,1568.7,-120.90000000000009,-125.80000000000018,435.20000000000005,0,0
2022-08-08,-2755.2,-2359.1,365.5,67.8,0.0,3.8,293.9,3123.6,1803.3,1320.4,0.0,399.1,1964.9,1568.7,-85.09999999999991,-57.899999999999864,472.9000000000001,0,0
2022-08-09,-2655.5,-2617.2,243.3,67.8,0.0,3.8,171.7,3259.3,1803.3,1456.0,0.0,398.8,1607.1,1568.7,-357.8000000000002,-849.8000000000002,7.5,1,0
2022-08-10,-2581.8,-2629.5,468.7,67.8,0.0,3.8,397.2,3497.0,2349.1,1147.9,0.0,398.8,1521.0,1568.7,-86.09999999999991,-936.5999999999999,-432.70000000000005,0,0
2022-08-11,-2563.2,-2675.5,148.4,67.8,0.0,4.1,76.5,3222.1,1957.0,1265.1,0.0,398.3,1449.8,1562.1,-71.20000000000005,-721.1000000000001,-554.3,0,0
2022-08-12,-2644.1,-2631.3,154.6,67.6,0.0,4.5,82.5,3183.8,1957.0,1226.8,0.0,397.9,1574.9,1562.1,125.10000000000014,-475.0999999999999,-292.79999999999995,0,0
2022-08-15,-2616.0,-2620.1,158.3,67.4,0.0,4.1,86.9,3175.7,1957.0,1218.7,0.0,397.3,1558.0,1562.1,-16.90000000000009,-406.9000000000001,-92.20000000000005,0,0
2022-08-16,-2676.0,-2681.6,239.3,67.2,0.0,4.2,167.9,3315.0,1957.0,1358.0,0.0,394.1,1556.5,1562.1,-1.5,-50.59999999999991,6.7999999999999545,0,0
2022-08-17,-2858.1,-2707.9,206.9,67.2,0.0,4.0,135.6,3308.5,1957.0,1351.5,0.0,393.8,1712.3,1562.1,155.79999999999995,191.29999999999995,328.0,0,0
2022-08-18,-2758.4,-2796.9,252.2,71.0,0.0,0.4,180.8,3442.9,2283.2,1159.7,0.0,393.8,1523.6,1562.1,-188.70000000000005,73.79999999999995,241.0,0,0
2022-08-19,-2804.7,-2786.4,253.0,71.0,0.0,0.7,181.4,3433.1,2283.2,1149.9,0.0,393.7,1580.4,1562.1,56.80000000000018,5.5,348.8000000000002,0,0
2022-08-22,-2896.8,-2811.0,248.5,71.0,0.0,0.0,177.5,3441.5,2283.2,1158.4,0.0,382.1,1647.9,1562.1,67.5,89.90000000000009,282.5,0,0
2022-08-23,-2798.7,-2834.8,245.4,70.8,0.0,0.1,174.5,3460.6,2283.2,1177.4,0.0,380.5,1526.0,1562.1,-121.90000000000009,-30.5,23.299999999999955,0,0
2022-08-24,-2877.9,-2875.2,245.1,70.5,0.0,0.3,174.4,3491.8,2283.2,1208.6,0.0,371.4,1564.8,1562.1,38.799999999999955,-147.5,212.79999999999995,0,0
2022-08-25,-2882.1,-2803.4,272.6,70.2,0.0,0.3,202.1,3447.4,2271.0,1176.4,0.0,371.4,1640.8,1562.1,76.0,117.20000000000005,286.79999999999995,0,0
2022-08-26,-2642.1,-2579.9,303.8,70.2,0.0,0.3,233.4,3254.7,2271.0,983.7,0.0,371.1,1624.3,1562.1,-16.5,43.899999999999864,71.70000000000005,0,0
2022-08-29,-2845.3,-2654.4,302.8,70.2,0.0,0.1,232.6,3325.2,2271.0,1054.2,0.0,368.0,1753.0,1562.1,128.70000000000005,105.09999999999991,-292.79999999999995,0,0
2022-08-30,-2874.6,-2712.6,236.7,70.2,0.0,2.2,164.4,3316.9,2271.0,1045.9,0.0,367.6,1724.1,1562.1,-28.90000000000009,198.0999999999999,-451.7000000000003,0,0
2022-08-31,-3357.5,-2681.1,292.8,70.1,0.0,0.2,222.4,3341.3,2271.0,1070.3,0.0,367.4,2238.5,1562.1,514.4000000000001,673.7,215.70000000000005,0,0
2022-09-01,-3236.8,-2756.8,291.2,70.1,0.0,1.1,219.9,3413.6,2294.9,1118.7,0.0,365.6,2042.1,1562.1,-196.4000000000001,401.29999999999995,-414.8000000000002,0,0
2022-09-02,-3167.4,-2804.5,232.0,70.1,0.0,0.1,161.8,3398.0,2294.9,1103.1,0.0,361.5,1925.0,1562.1,-117.09999999999991,300.70000000000005,-532.5999999999999,0,0
2022-09-05,-3251.4,-2794.3,231.5,70.1,0.0,0.1,161.3,3387.3,2294.9,1092.4,0.0,361.5,2019.2,1562.1,94.20000000000005,266.20000000000005,-151.70000000000005,0,0
2022-09-06,-3201.4,-2985.8,231.0,70.1,0.0,0.4,160.5,3577.8,2294.9,1282.9,0.0,361.0,1777.7,1562.1,-241.5,53.600000000000136,-272.29999999999995,0,0
2022-09-07,-3262.4,-2914.9,232.0,70.1,0.0,0.5,161.3,3505.3,2294.9,1210.4,0.0,358.4,1909.6,1562.1,131.89999999999986,-328.9000000000001,-55.30000000000018,0,0
2022-09-08,-3274.6,-2980.9,231.9,70.1,0.0,0.3,161.5,3570.3,2320.6,1249.7,0.0,357.5,1855.8,1562.1,-53.799999999999955,-186.29999999999995,248.70000000000005,0,0
2022-09-09,-3153.7,-2971.9,229.3,70.1,0.0,0.4,158.7,3562.4,2320.6,1241.8,0.0,361.2,1743.9,1562.1,-111.89999999999986,-181.0999999999999,222.9000000000001,0,0
2022-09-12,-3072.3,-2990.9,227.6,70.1,0.0,0.4,157.1,3577.1,2320.6,1256.5,0.0,358.6,1643.5,1562.1,-100.40000000000009,-375.70000000000005,193.70000000000005,0,0
2022-09-13,-3061.0,-3210.7,224.3,70.0,0.0,0.2,154.0,3793.2,2320.6,1472.6,0.0,358.2,1412.4,1562.1,-231.0999999999999,-365.29999999999995,-162.5,0,0
2022-09-14,-3150.0,-3655.0,248.7,70.0,0.0,0.3,178.4,4261.5,3085.2,1176.2,0.0,357.8,1057.1,1562.1,-355.3000000000002,-852.5,-500.9000000000001,1,0
2022-09-15,-2441.2,-2830.0,322.4,174.7,0.0,3.0,144.7,3509.7,2178.1,1331.7,0.0,357.3,1931.7,2320.5,874.6000000000001,75.90000000000009,375.20000000000005,0,0
2022-09-16,-2305.8,-2787.9,315.4,174.3,0.0,1.7,139.4,3460.5,2178.1,1282.4,0.0,357.1,1838.4,2320.5,-93.29999999999995,94.5,126.10000000000014,0,0
2022-09-19,-2177.8,-2801.9,264.4,174.3,0.0,0.5,89.5,3423.2,2178.1,1245.2,0.0,357.0,1696.5,2320.5,-141.9000000000001,53.0,172.9000000000001,0,0
2022-09-20,-2264.8,-2566.0,514.6,173.6,0.0,0.8,340.2,3436.6,2178.1,1258.5,0.0,356.0,2019.3,2320.5,322.79999999999995,606.8999999999999,438.89999999999986,0,0
2022-09-21,-2405.0,-2299.0,762.1,172.6,0.0,0.8,588.7,3417.0,2178.1,1239.0,0.0,355.9,2426.5,2320.5,407.20000000000005,1369.4,778.5999999999999,0,0
2022-09-22,-2401.2,-2315.0,511.0,171.6,0.0,0.6,338.9,3181.9,1800.0,1381.9,0.0,355.8,2406.7,2320.5,-19.800000000000182,474.9999999999998,880.6999999999998,0,0
2022-09-23,-2158.0,-2023.6,759.6,169.7,0.0,0.6,589.3,3139.0,1800.0,1339.0,0.0,355.7,2454.9,2320.5,48.20000000000027,616.5,890.1000000000001,0,0
2022-09-26,-2067.7,-1620.3,1008.6,169.7,0.0,0.7,838.2,2979.5,1800.0,1179.5,0.0,350.5,2767.9,2320.5,313.0,1071.4,1127.1000000000001,0,0
2022-09-27,-1400.5,-1743.5,908.6,168.9,0.0,1.1,738.7,3002.3,1800.0,1202.3,0.0,350.2,1977.5,2320.5,-790.4000000000001,-41.799999999999955,353.20000000000005,1,1
2022-09-28,-2056.3,-2071.5,559.1,167.2,0.0,1.6,390.4,2980.8,1800.0,1180.8,0.0,350.3,2305.3,2320.5,327.8000000000002,-121.19999999999982,552.3000000000002,0,0
2022-09-29,-1899.1,-1942.6,820.6,167.0,0.0,2.3,651.3,3110.5,1663.9,1446.6,0.0,347.3,2277.0,2320.5,-28.300000000000182,-129.69999999999982,552.9000000000001,0,0
2022-09-30,-1906.9,-1657.6,995.3,166.8,0.0,3.9,824.5,2998.5,1663.9,1334.6,0.0,345.7,2569.8,2320.5,292.8000000000002,114.90000000000009,331.3000000000002,0,0
2022-10-03,-1647.3,-1132.2,1478.5,166.1,0.0,9.5,1302.9,2954.9,1663.9,1291.0,0.0,344.2,2835.6,2320.5,265.7999999999997,67.69999999999982,793.5,0,0
2022-10-04,-1579.4,-1073.0,1464.9,165.3,0.0,5.3,1294.3,2879.3,1663.9,1215.4,0.0,341.4,2827.0,2320.5,-8.599999999999909,849.5,902.0,0,0
2022-10-05,-1809.1,-1285.1,1382.4,165.3,0.0,6.4,1210.6,3008.8,1663.9,1344.9,0.0,341.3,2844.5,2320.5,17.5,539.1999999999998,825.3,0,0
2022-10-06,-1546.1,-993.6,1576.5,164.6,0.0,6.9,1405.0,2911.6,1390.0,1521.6,0.0,341.5,2873.0,2320.5,28.5,596.0,1095.3,0,0
2022-10-07,-1501.8,-911.2,1686.7,164.6,0.0,6.7,1515.4,2939.2,1390.0,1549.2,0.0,341.3,2911.1,2320.5,38.09999999999991,341.2999999999997,1001.5,0,0
2022-10-10,-1544.1,-1023.8,1491.3,164.6,0.0,6.8,1319.9,2855.9,1390.0,1465.9,0.0,340.8,2840.8,2320.5,-70.29999999999973,5.200000000000273,985.0000000000002,0,0
2022-10-11,-1409.5,-1256.9,1257.3,164.6,0.0,6.8,1085.9,2854.5,1390.0,1464.5,0.0,340.3,2473.1,2320.5,-367.7000000000003,-353.9000000000001,729.1999999999998,1,0
2022-10-12,-1333.2,-1566.8,1272.1,163.9,0.0,7.1,1101.2,3175.0,1390.0,1785.0,0.0,336.1,2087.0,2320.5,-386.0999999999999,-757.5,443.5,1,0
2022-10-13,-1349.8,-1654.2,791.7,372.2,0.0,6.4,413.2,2781.9,1360.0,1421.9,0.0,336.0,2019.0,2323.3,-68.0,-854.0,606.5999999999999,0,0
2022-10-14,-1335.1,-1595.1,874.5,372.2,0.0,5.8,496.6,2805.4,1360.0,1445.4,0.0,335.8,2063.3,2323.3,44.30000000000018,-847.7999999999997,1006.2000000000003,0,0
2022-10-17,-1210.6,-1464.5,1012.4,372.2,0.0,4.9,635.3,2810.6,1360.0,1450.6,0.0,333.7,2069.4,2323.3,6.099999999999909,-771.4000000000001,137.70000000000005,0,0
2022-10-18,-1198.3,-1312.4,1212.6,372.2,0.0,3.7,836.7,2858.7,1360.0,1498.7,0.0,333.8,2209.3,2323.3,139.9000000000001,-263.7999999999997,370.9000000000001,0,0
2022-10-19,-1207.3,-1368.8,1192.6,372.1,0.0,3.7,816.8,2895.9,1360.0,1535.9,0.0,334.4,2161.8,2323.3,-47.5,74.80000000000018,465.3000000000002,0,0
2022-10-20,-1251.5,-1278.0,1097.8,372.1,0.0,3.7,722.0,2709.9,729.9,1980.0,0.0,334.1,2296.9,2323.3,135.0999999999999,277.9000000000001,277.60000000000014,0,0
2022-10-21,-1126.2,-1029.9,1347.9,372.1,0.0,3.1,972.7,2711.8,729.9,1982.0,0.0,334.1,2419.7,2323.3,122.79999999999973,356.39999999999964,-6.800000000000182,0,0
2022-10-24,-1267.5,-935.1,1383.5,372.1,0.0,2.5,1008.9,2652.7,729.9,1922.8,0.0,334.1,2655.7,2323.3,236.0,586.2999999999997,249.0,0,0
2022-10-25,-1265.9,-1456.5,1347.7,372.1,0.0,2.0,973.6,3138.0,729.9,2408.1,0.0,333.7,2132.7,2323.3,-523.0,-76.60000000000036,-322.2000000000003,1,1
2022-10-26,-622.8,-1127.8,1349.7,372.1,0.0,1.5,976.0,2811.3,729.9,2081.4,0.0,333.8,1818.3,2323.3,-314.39999999999986,-343.5000000000002,-949.6000000000001,1,0
2022-10-27,-1272.7,-1549.6,850.0,372.1,0.0,1.5,476.4,2734.8,1070.0,1664.8,0.0,335.2,2046.4,2323.3,228.10000000000014,-250.5,68.90000000000009,0,0
2022-10-28,-1401.5,-1496.6,639.5,372.1,0.0,1.5,265.9,2474.2,1070.0,1404.2,0.0,338.1,2228.2,2323.3,181.79999999999973,-191.5,-77.10000000000036,0,0
2022-10-31,-1175.7,-866.9,1218.0,372.1,0.0,1.3,844.6,2413.1,1070.0,1343.1,0.0,328.2,2632.2,2323.3,404.0,-23.5,355.1999999999998,0,0
2022-11-01,-961.3,-564.2,1569.9,372.1,0.0,1.5,1196.3,2458.1,1070.0,1388.1,0.0,324.0,2720.4,2323.3,88.20000000000027,587.7000000000003,150.5999999999999,0,0
2022-11-02,-970.1,-641.6,1469.3,372.0,0.0,1.3,1096.1,2435.3,1070.0,1365.3,0.0,324.4,2651.8,2323.3,-68.59999999999991,833.5000000000002,-183.79999999999973,0,0
2022-11-03,-1251.7,-900.8,1179.8,371.9,0.0,1.3,806.6,2404.9,1010.0,1394.9,0.0,324.2,2674.2,2323.3,22.399999999999636,627.7999999999997,-152.80000000000018,0,0
2022-11-07,-1252.3,-1014.5,1219.6,371.6,0.0,1.3,846.7,2559.5,1010.0,1549.5,0.0,325.4,2561.2,2323.3,-113.0,333.0,-283.3000000000002,0,0
2022-11-08,-1369.1,-1273.7,1064.7,371.4,0.0,1.3,692.1,2663.7,1010.0,1653.7,0.0,325.3,2418.7,2323.3,-142.5,-213.5,-454.3000000000002,0,0
2022-11-09,-1393.0,-1643.7,563.9,371.4,0.0,1.3,191.2,2531.4,1010.0,1521.4,0.0,323.9,2072.6,2323.3,-346.0999999999999,-647.8000000000002,-838.5,1,0
2022-11-10,-1345.6,-627.1,1972.7,1778.5,0.0,1.3,192.9,2923.5,1763.3,1160.2,0.0,323.7,3041.8,2323.3,969.2000000000003,390.0,201.0,0,0
2022-11-11,-1078.3,-629.0,1972.5,1778.4,0.0,1.3,192.8,2927.4,1763.3,1164.1,0.0,325.8,2772.6,2323.3,-269.2000000000003,98.40000000000009,299.5,0,0
2022-11-14,-1325.3,-653.3,1940.7,1778.4,0.0,0.5,161.7,2918.5,1763.3,1155.2,0.0,324.6,2995.3,2323.3,222.70000000000027,434.10000000000036,908.3000000000002,0,0
2022-11-15,-1078.8,-1111.4,1938.5,1778.4,0.0,0.5,159.6,3375.2,1763.3,1611.9,0.0,325.3,2290.8,2323.3,-704.5,-127.89999999999964,271.8000000000002,1,1
2022-11-16,-736.6,-1350.7,1958.2,1778.4,0.0,0.6,179.2,3632.9,2448.8,1184.1,0.0,324.0,1709.3,2323.3,-581.5000000000002,-363.29999999999995,-354.0000000000002,1,1
2022-11-17,-957.9,-612.9,1937.3,1778.2,0.0,0.7,158.3,2874.0,1853.9,1020.2,0.0,323.9,2650.2,2305.2,940.8999999999999,-391.60000000000036,580.7999999999997,0,0
2022-11-18,-656.7,-542.1,1936.2,1778.2,0.0,0.7,157.2,2804.1,1853.9,950.2,0.0,325.8,2419.8,2305.2,-230.39999999999964,-352.7999999999997,210.5,0,0
2022-11-21,-1646.2,-621.0,1937.0,1778.2,0.0,0.7,158.0,2881.7,1853.9,1027.8,0.0,323.7,3330.4,2305.2,910.5999999999999,335.0999999999999,1168.6,0,0
2022-11-22,-1776.7,-759.5,1936.4,1778.2,0.0,0.7,157.4,3021.3,1853.9,1167.4,0.0,325.4,3322.5,2305.2,-7.900000000000091,1031.6999999999998,1025.6,0,0
2022-11-23,-1756.3,-703.8,1896.3,1778.2,0.0,0.7,117.4,2915.7,1853.9,1061.9,0.0,315.6,3357.7,2305.2,35.19999999999982,1648.3999999999999,938.0,0,0
2022-11-24,-1811.3,-873.3,1895.1,1777.3,0.0,0.7,117.0,3092.4,1663.3,1429.1,0.0,324.0,3243.2,2305.2,-114.5,593.0,587.5,0,0
2022-11-25,-1907.6,-1065.7,1895.6,1777.3,0.0,0.0,118.3,3284.4,1663.3,1621.1,0.0,323.2,3147.1,2305.2,-96.09999999999991,727.2999999999997,1014.4000000000001,0,0
2022-11-28,-580.3,-730.9,2023.9,1777.2,0.0,0.1,246.6,3092.2,1663.3,1428.9,0.0,337.4,2154.6,2305.2,-992.5,-1175.8000000000002,336.29999999999995,1,1
2022-11-29,-580.7,-718.6,2045.7,1777.1,0.0,0.0,268.6,3109.8,1663.3,1446.5,0.0,345.5,2167.3,2305.2,12.700000000000273,-1155.1999999999998,120.90000000000009,0,0
2022-11-30,-1026.1,-907.7,2044.4,1777.1,0.0,0.0,267.4,3298.2,1663.3,1634.8,0.0,346.1,2423.6,2305.2,256.2999999999997,-934.0999999999999,195.4000000000001,0,0
2022-12-01,-991.2,-1239.6,2045.3,1777.1,0.0,0.6,267.7,3629.6,2539.3,1090.4,0.0,344.7,2056.8,2305.2,-366.7999999999997,-1186.3999999999996,-575.3999999999996,1,0
2022-12-02,-884.6,-1383.0,2076.1,1777.0,0.0,0.0,299.1,3798.0,2539.3,1258.8,0.0,338.9,1806.8,2305.2,-250.00000000000023,-1340.3,-913.6000000000001,0,0
2022-12-05,-1235.5,-1409.6,2047.8,1777.0,0.0,0.8,270.0,3796.0,2539.3,1256.8,0.0,338.6,2131.1,2305.2,324.29999999999995,-23.5,-520.7000000000003,0,0
2022-12-06,-1320.5,-1397.3,2048.7,1777.0,0.0,2.1,269.6,3783.6,2539.3,1244.4,0.0,337.6,2228.4,2305.2,97.30000000000018,61.09999999999991,-445.7999999999997,0,0
2022-12-07,-1813.5,-1481.9,2031.7,1776.8,0.0,2.2,252.7,3849.2,2539.3,1309.9,0.0,335.6,2636.8,2305.2,408.4000000000001,213.20000000000027,75.60000000000036,0,0
2022-12-08,-1881.4,-2166.8,1705.5,1492.1,0.0,2.1,211.3,4207.8,3063.3,1144.4,0.0,335.5,2019.9,2305.2,-616.9000000000001,-36.90000000000009,-398.7999999999997,1,1
2022-12-09,-1277.0,-2117.6,1692.6,1492.1,0.0,2.1,198.4,4145.5,3063.3,1082.2,0.0,335.4,1464.6,2305.2,-555.3000000000002,-342.20000000000005,-608.0,1,1
2022-12-12,-1582.5,-1868.4,2052.4,1492.1,0.0,1.9,558.4,4255.8,3063.3,1192.5,0.0,335.1,2019.3,2305.2,554.7,-111.79999999999995,-1022.5000000000002,0,0
2022-12-13,-1311.8,-1801.2,2117.6,1492.1,0.0,1.6,624.0,4253.5,3063.3,1190.2,0.0,334.6,1815.8,2305.2,-203.5,-412.60000000000014,-956.8,0,0
2022-12-14,-1398.5,-1996.6,2074.8,1492.1,0.0,2.1,580.6,4405.0,3063.3,1341.6,0.0,333.5,1707.1,2305.2,-108.70000000000005,-929.7000000000003,-1288.2000000000003,0,0
2022-12-15,-1596.4,-1528.0,1637.3,1492.1,0.0,2.2,143.1,3498.6,2500.0,998.6,0.0,333.3,2390.5,2322.1,683.4000000000001,370.5999999999999,99.69999999999982,0,0
2022-12-16,-1277.2,-1518.7,1663.5,1492.1,0.0,2.2,169.2,3515.1,2500.0,1015.1,0.0,332.9,2080.6,2322.1,-309.9000000000001,616.0,371.29999999999995,1,0
2022-12-19,-1370.5,-1449.2,1654.9,1492.1,0.0,2.2,160.6,3430.1,2500.0,930.1,0.0,326.0,2243.4,2322.1,162.80000000000018,224.10000000000014,-406.7999999999997,0,0
2022-12-20,-1163.0,-1387.8,1728.0,1492.1,0.0,2.2,233.8,3441.1,2500.0,941.1,0.0,325.3,2097.3,2322.1,-146.0999999999999,281.5000000000002,-322.5,0,0
2022-12-21,-1323.8,-1490.4,1726.7,1491.8,0.0,0.7,234.2,3545.1,2500.0,1045.1,0.0,328.1,2155.5,2322.1,58.19999999999982,448.4000000000001,-1174.9,0,0
2022-12-22,-1420.0,-1542.1,1690.9,1491.7,0.0,0.7,198.6,3560.8,2519.1,1041.8,0.0,327.7,2200.0,2322.1,44.5,-190.5,-1122.5,0,0
2022-12-23,-1482.8,-1600.6,1692.7,1491.6,0.0,0.4,200.7,3628.1,2519.1,1109.0,0.0,334.8,2204.3,2322.1,4.300000000000182,123.70000000000027,-1153.3999999999996,0,0
2022-12-26,-2246.7,-1642.5,1632.0,1491.6,0.0,0.4,140.0,3609.5,2519.1,1090.4,0.0,335.0,2926.3,2322.1,722.0,682.9000000000001,-316.89999999999964,0,0
2022-12-27,-1380.9,-1535.5,1757.7,1491.6,0.0,0.4,265.7,3636.8,2519.1,1117.8,0.0,343.6,2167.5,2322.1,-758.8000000000002,70.19999999999982,-979.5999999999999,1,1
2022-12-28,-1322.3,-1718.9,1924.4,1491.6,0.0,0.8,431.9,3986.2,2519.1,1467.2,0.0,342.9,1925.5,2322.1,-242.0,-230.0,-229.0999999999999,0,0
2022-12-29,-1535.9,-1751.2,2178.4,1491.6,0.0,1.2,685.7,4262.5,2515.2,1747.4,0.0,333.0,2106.8,2322.1,181.30000000000018,-93.19999999999982,-60.5,0,0
2022-12-30,-1709.0,-1668.8,1895.8,1491.5,0.0,3.1,401.1,3897.9,2515.2,1382.7,0.0,333.3,2362.3,2322.1,255.5,158.0,-61.29999999999973,0,0
2023-01-01,-3471.1,-2809.6,1808.4,1491.5,0.0,7.9,309.0,4949.4,3621.2,1328.2,0.0,331.4,2983.6,2322.1,621.2999999999997,57.29999999999973,926.7999999999997,0,0
2023-01-03,-3471.1,-2809.6,1808.4,1491.5,0.0,7.9,309.0,4949.4,3621.2,1328.2,0.0,331.4,2983.6,2322.1,0.0,816.0999999999999,1176.8,0,0
2023-01-04,-3548.0,-3054.4,1808.4,1491.5,0.0,7.9,309.0,5194.2,3621.2,1573.1,0.0,331.4,2815.6,2322.1,-168.0,890.0999999999999,684.5,0,0
2023-01-05,-3547.1,-3126.4,1808.4,1491.5,0.0,7.9,309.0,5266.2,3621.2,1645.0,0.0,331.4,2742.8,2322.1,-72.79999999999973,636.0,514.4000000000001,0,0
2023-01-06,-3545.8,-3131.1,1808.4,1491.5,0.0,7.9,309.0,5270.9,3621.2,1649.7,0.0,331.4,2736.8,2322.1,-6.0,374.5,100.0,0,0
2023-01-09,-3550.0,-3164.9,1812.5,1491.5,0.0,7.9,313.0,5308.7,3621.2,1687.6,0.0,331.4,2707.2,2322.1,-29.600000000000364,-276.4000000000001,687.2999999999997,0,0
2023-01-10,-3557.2,-2890.5,1744.4,1491.5,0.0,3.0,249.9,4968.0,3412.0,1556.0,0.0,333.2,2988.8,2322.1,281.60000000000036,5.200000000000273,1524.2000000000003,0,0
2023-01-11,-3820.1,-3708.0,1736.9,1491.5,0.0,2.8,242.6,5768.7,4864.9,903.9,0.0,323.8,2434.2,2322.1,-554.6000000000004,-381.4000000000001,414.89999999999986,1,1
2023-01-12,-3513.1,-2675.2,2313.4,2065.5,0.0,2.8,245.1,5312.3,3760.6,1551.7,0.0,323.7,3160.0,2322.1,725.8000000000002,417.1999999999998,1344.2,0,0
2023-01-13,-3160.3,-2781.5,2324.7,2065.5,0.0,2.8,256.5,5429.6,3760.6,1669.0,0.0,323.4,2700.9,2322.1,-459.0999999999999,-35.90000000000009,993.8000000000002,1,0
2023-01-16,-1882.3,-2667.1,2342.6,2065.5,0.0,1.4,275.6,5332.1,3760.6,1571.5,0.0,322.4,1537.3,2322.1,-1163.6000000000001,-1169.8999999999999,-853.2,1,1
2023-01-17,-3052.2,-2741.6,2329.0,2065.5,0.0,0.0,263.5,5393.0,3760.6,1632.4,0.0,322.4,2632.7,2322.1,1095.3999999999999,-356.10000000000036,552.0999999999999,0,0
2023-01-18,-3668.0,-3703.8,2328.8,2065.5,0.0,0.0,263.3,6354.9,5062.6,1292.4,0.0,322.3,2286.3,2322.1,-346.39999999999964,-147.89999999999964,42.90000000000009,1,0
2023-01-19,-3634.2,-2701.1,2275.4,2065.5,0.0,0.0,209.9,5298.8,3884.1,1414.7,0.0,322.3,3364.7,2431.6,1078.3999999999996,204.69999999999982,1267.3999999999996,0,0
2023-01-20,-3661.6,-2701.7,2248.4,2065.4,0.0,0.0,183.0,5271.3,3884.1,1387.2,0.0,321.2,3391.5,2431.6,26.800000000000182,690.5999999999999,1236.0,0,0
2023-01-23,-3679.5,-2710.3,2247.1,2065.4,0.0,0.0,181.7,5278.1,3884.1,1394.0,0.0,320.7,3400.8,2431.6,9.300000000000182,1863.5000000000002,1200.8000000000002,0,0
2023-01-24,-3710.5,-2756.2,2244.1,2065.4,0.0,0.0,178.7,5321.0,3884.1,1436.9,0.0,320.6,3385.9,2431.6,-14.900000000000091,753.2000000000003,1181.6,0,0
2023-01-25,-3680.8,-2841.5,2242.9,2065.4,0.0,0.0,177.5,5405.0,3884.1,1520.9,0.0,320.5,3270.9,2431.6,-115.0,984.5999999999999,344.5999999999999,0,0
2023-01-26,-3594.3,-3436.5,2241.7,2065.4,0.0,0.0,176.3,5998.4,4469.0,1529.4,0.0,320.1,2589.4,2431.6,-681.5,-775.2999999999997,421.9000000000001,1,1
2023-01-27,-3424.0,-3405.7,2241.3,2065.4,0.0,0.0,175.9,5968.0,4469.0,1499.1,0.0,321.0,2449.9,2431.6,-139.5,-941.5999999999999,524.4000000000001,0,0
2023-01-30,-3236.9,-3296.2,2241.4,2065.4,0.0,0.0,175.9,5858.5,4469.0,1389.6,0.0,321.0,2372.3,2431.6,-77.59999999999991,-1028.5,265.5,0,0
2023-01-31,-3293.6,-3220.3,2240.2,2065.4,0.0,0.0,174.8,5796.6,4469.0,1327.7,0.0,336.1,2504.9,2431.6,132.5999999999999,-881.0,142.5999999999999,0,0
2023-02-01,-2857.7,-3214.8,2240.1,2065.4,0.0,0.0,174.7,5801.4,4469.0,1332.4,0.0,346.5,2074.5,2431.6,-430.4000000000001,-1196.4,-909.0999999999999,1,0
2023-02-02,-3420.6,-3250.1,2238.6,2065.0,0.0,0.0,173.6,5840.7,4371.5,1469.2,0.0,352.0,2602.1,2431.6,527.5999999999999,12.699999999999818,-381.5,0,0
2023-02-03,-3580.5,-3199.5,2237.6,2065.0,0.0,0.0,172.6,5797.6,4371.5,1426.1,0.0,360.5,2812.6,2431.6,210.5,362.6999999999998,-3.0,0,0
2023-02-06,-3646.0,-3175.2,2318.1,2065.0,0.0,0.4,252.7,5855.8,4371.5,1484.2,0.0,362.5,2902.4,2431.6,89.80000000000018,530.0999999999999,159.5999999999999,0,0
2023-02-07,-3615.0,-3383.1,2266.3,2065.0,0.0,0.4,200.9,6011.3,4371.5,1639.7,0.0,361.8,2663.5,2431.6,-238.9000000000001,158.5999999999999,-73.30000000000018,0,0
2023-02-08,-3548.6,-3352.6,2247.5,2065.0,0.0,0.4,182.1,5960.0,4371.5,1588.5,0.0,359.9,2627.6,2431.6,-35.90000000000009,553.0999999999999,-79.59999999999991,0,0
2023-02-09,-3277.3,-4073.3,2268.1,2065.0,0.0,0.4,202.6,6700.9,5252.6,1448.3,0.0,359.5,1635.6,2431.6,-992.0,-966.5,-1353.2000000000003,1,1
2023-02-10,-3256.5,-4018.5,2263.5,2065.0,0.0,0.0,198.5,6641.5,5252.6,1388.9,0.0,359.4,1669.6,2431.6,34.0,-1143.0,-764.5999999999999,0,0
2023-02-13,-3402.1,-4083.8,2356.6,2064.9,0.0,0.0,291.7,6800.7,5252.6,1548.1,0.0,360.2,1749.9,2431.6,80.30000000000018,-1152.5,-1410.1,0,0
2023-02-14,-3106.7,-4409.9,2256.5,2064.9,0.0,0.0,191.6,7027.5,5252.6,1774.9,0.0,361.2,1128.4,2431.6,-621.5,-1535.1,-1572.5,1,1
2023-02-15,-3255.9,-4772.8,2488.5,2064.8,0.0,0.0,423.7,7622.4,6291.6,1330.8,0.0,361.1,914.7,2431.6,-213.70000000000005,-1712.8999999999999,-622.5999999999999,0,0
2023-02-16,-3249.8,-3326.3,2154.1,1668.8,0.0,0.0,485.3,5841.6,4549.5,1292.1,0.0,361.2,2325.6,2402.1,1410.8999999999999,690.0,-307.0999999999999,0,0
2023-02-17,-3147.5,-3518.6,2021.1,1668.7,0.0,0.0,352.4,5900.9,4549.5,1351.4,0.0,361.2,2031.1,2402.1,-294.5,361.5,-255.20000000000027,0,0
2023-02-20,-3106.4,-3417.5,2003.3,1668.7,0.0,0.0,334.6,5781.4,4549.5,1231.9,0.0,360.6,2091.1,2402.1,60.0,341.1999999999998,-1273.6,0,0
2023-02-21,-2860.6,-3253.6,2217.2,1668.7,0.0,0.0,548.5,5832.3,4549.5,1282.7,0.0,361.5,2009.2,2402.1,-81.89999999999986,880.8,-1382.3,0,0
2023-02-22,-2738.5,-3053.6,2391.9,1668.7,0.0,0.0,723.2,5807.0,4549.5,1257.5,0.0,361.5,2087.0,2402.1,77.79999999999995,1172.3,-1313.8000000000002,0,0
2023-02-24,-2701.3,-2773.5,2114.5,1668.7,0.0,0.0,445.8,5257.3,3730.0,1527.3,0.0,369.3,2329.9,2402.1,242.9000000000001,4.300000000000182,-1056.0,0,0
2023-02-27,-2710.1,-2792.1,2114.5,1668.7,0.0,0.0,445.8,5275.9,3730.0,1545.9,0.0,369.3,2320.1,2402.1,-9.800000000000182,289.0,-950.8000000000002,0,0
2023-02-28,-2388.7,-2376.7,2614.9,1668.7,0.0,0.0,946.2,5358.8,3730.0,1628.8,0.0,367.3,2414.2,2402.1,94.09999999999991,323.0999999999999,-175.20000000000027,0,0
2023-03-01,-1901.1,-2064.8,2626.1,1668.7,0.0,0.0,957.4,5056.0,3730.0,1326.0,0.0,365.1,2238.4,2402.1,-175.79999999999973,229.20000000000005,-211.5,0,0
2023-03-02,-2340.6,-2142.2,2203.2,1668.7,0.0,0.0,534.5,4710.4,3331.2,1379.3,0.0,365.1,2600.6,2402.1,362.1999999999998,513.5999999999999,228.29999999999973,0,0
2023-03-03,-2843.8,-2367.0,1986.6,1668.7,0.0,0.0,317.9,4717.6,3331.2,1386.4,0.0,364.0,2879.0,2402.1,278.4000000000001,549.0999999999999,374.0999999999999,0,0
2023-03-06,-2816.8,-1998.0,1956.6,1668.7,0.0,0.0,287.9,4323.2,3331.2,992.1,0.0,368.7,3220.9,2402.1,341.9000000000001,900.8000000000002,1146.4,0,0
2023-03-07,-2244.3,-2112.7,1932.0,1668.7,0.0,0.0,263.3,4413.3,3331.2,1082.2,0.0,368.6,2533.8,2402.1,-687.0999999999999,119.60000000000036,-68.29999999999973,1,1
2023-03-09,-2393.4,-2187.2,2022.8,1668.7,0.0,0.0,354.1,4578.1,3331.2,1247.0,0.0,368.2,2608.3,2402.1,74.5,369.9000000000001,-204.29999999999973,0,0
2023-03-10,-2297.5,-1285.2,2436.1,1668.7,0.0,0.0,767.4,4089.3,3050.4,1038.9,0.0,368.0,3414.5,2402.1,806.1999999999998,813.9000000000001,512.0999999999999,0,0
2023-03-13,-2389.8,-1787.0,1967.4,1668.7,0.0,0.0,298.7,4120.6,3050.4,1070.3,0.0,366.2,3004.9,2402.1,-409.5999999999999,125.90000000000009,341.4000000000001,1,0
2023-03-14,-2398.8,-2079.3,1954.3,1668.7,0.0,0.0,285.6,4399.6,3050.4,1349.2,0.0,366.0,2721.6,2402.1,-283.3000000000002,-499.3000000000002,94.0,0,0
2023-03-15,-2391.9,-3919.5,1882.4,1668.7,0.0,0.0,213.7,6163.2,4464.4,1698.8,0.0,361.3,874.6,2402.1,-1847.0,-1659.2000000000003,-760.9999999999999,1,1
2023-03-16,-2204.5,-1923.6,1937.3,1668.7,0.0,0.0,268.6,4221.4,3243.4,978.0,0.0,360.5,2734.1,2453.2,1859.5,125.79999999999973,1064.5,0,0
2023-03-17,-2314.5,-1933.0,1927.7,1668.7,0.0,0.0,259.0,4221.0,3243.4,977.7,0.0,360.4,2834.8,2453.2,100.70000000000027,-579.6999999999998,1084.9,0,0
2023-03-20,-2388.3,-1974.3,1935.8,1668.7,0.0,0.0,267.1,4269.4,3243.4,1026.0,0.0,359.3,2867.2,2453.2,32.399999999999636,-137.70000000000027,1738.7999999999997,0,0
2023-03-21,-2193.9,-2121.0,1912.0,1668.6,0.0,0.0,243.4,4390.1,3243.4,1146.8,0.0,357.2,2526.2,2453.2,-341.0,-195.4000000000001,1611.4999999999998,1,0
2023-03-22,-2155.4,-2054.0,1916.8,1668.5,0.0,0.0,248.3,4327.2,3243.4,1083.9,0.0,356.4,2554.6,2453.2,28.40000000000009,1680.0,229.0,0,0
2023-03-23,-2063.5,-1873.4,2010.2,1765.9,0.0,0.0,244.4,4240.4,3049.6,1190.8,0.0,356.7,2643.3,2453.2,88.70000000000027,-90.79999999999973,612.2000000000003,0,0
2023-03-24,-2036.1,-1814.3,2000.5,1765.9,0.0,0.0,234.6,4170.5,3049.6,1120.9,0.0,355.8,2675.1,2453.2,31.799999999999727,-159.70000000000027,584.0,0,0
2023-03-27,-1973.8,-1913.2,1951.5,1765.9,0.0,0.0,185.6,4219.9,3049.6,1170.4,0.0,355.3,2513.8,2453.2,-161.29999999999973,-353.39999999999964,504.60000000000014,0,0
2023-03-28,-1538.9,-1806.0,1956.8,1765.9,0.0,0.0,190.9,4115.7,3049.6,1066.1,0.0,352.9,2186.1,2453.2,-327.7000000000003,-340.0999999999999,99.09999999999991,1,0
2023-03-29,53.9,-1291.9,2367.8,1765.9,0.0,0.1,601.9,4012.8,3049.6,963.3,0.0,353.1,1107.5,2453.2,-1078.6,-1447.1,-1222.4,1,1
2023-03-30,-1776.7,-1098.9,1986.6,1765.6,0.0,2.2,218.7,3435.8,2450.0,985.8,0.0,350.3,3131.0,2453.2,2023.5,487.6999999999998,810.9000000000001,0,0
2023-03-31,-2364.8,-1149.3,1992.6,1765.6,0.0,6.8,220.2,3489.2,2450.0,1039.2,0.0,347.3,3668.8,2453.2,537.8000000000002,993.7000000000003,1254.6000000000004,0,0
2023-04-03,-1978.7,-1117.9,2071.9,1765.6,0.0,7.6,298.7,3544.3,2450.0,1094.3,0.0,354.5,3314.0,2453.2,-354.8000000000002,800.1999999999998,1075.6,1,0
2023-04-04,-2145.4,-1206.1,1936.8,1765.6,0.0,7.6,163.5,3488.9,2450.0,1038.9,0.0,346.0,3392.6,2453.2,78.59999999999991,1206.5,792.0,0,0
2023-04-05,-1797.0,-1242.5,1952.0,1765.6,0.0,7.6,178.8,3517.2,2450.0,1067.2,0.0,322.7,3007.7,2453.2,-384.9000000000001,1900.1999999999998,128.69999999999982,1,0
2023-04-06,-785.9,-1396.4,1955.4,1765.3,0.0,7.7,182.3,3674.3,2772.9,901.4,0.0,322.5,1842.7,2453.2,-1164.9999999999998,-1288.3,-1378.2,1,1
2023-04-07,-621.1,-1345.1,1944.4,1765.3,0.0,7.7,171.4,3640.6,2772.9,867.7,0.0,351.0,1729.2,2453.2,-113.5,-1939.6000000000001,-804.6000000000001,0,0
2023-04-10,-593.6,-1339.2,1926.8,1765.3,0.0,7.8,153.7,3616.8,2772.9,844.0,0.0,350.9,1707.6,2453.2,-21.600000000000136,-1606.4,-900.7000000000003,0,0
2023-04-11,-1594.9,-1662.8,1936.4,1765.1,0.0,7.8,163.5,3948.5,2772.9,1175.7,0.0,349.3,2385.3,2453.2,677.7000000000003,-1007.2999999999997,-1029.1999999999998,0,0
2023-04-12,-1363.6,-2359.3,1912.5,1765.1,0.0,3.7,143.7,4621.5,3698.4,923.1,0.0,349.7,1457.5,2453.2,-927.8000000000002,-1550.1999999999998,-1547.4,1,1
2023-04-13,-1515.8,-1120.2,1899.5,1765.0,0.0,7.8,126.7,3365.7,2605.4,760.3,0.0,346.0,3943.5,3547.8,2486.0,2100.8,1221.9,0,0
2023-04-14,-1661.7,-1227.7,1903.8,1764.9,0.0,7.8,131.0,3440.1,2605.4,834.8,0.0,308.7,3981.9,3547.8,38.40000000000009,2252.7,3107.3,0,0
2023-04-17,-1519.9,-1229.7,1852.5,1764.9,0.0,7.8,79.8,3388.7,2605.4,783.3,0.0,306.4,3838.0,3547.8,-143.9000000000001,2130.4,1103.9,0,0
2023-04-18,-1421.4,-1184.3,1851.4,1764.9,0.0,7.8,78.7,3381.3,2605.4,776.0,0.0,345.6,3785.0,3547.8,-53.0,1399.6999999999998,950.1999999999998,0,0
2023-04-19,-1536.5,-1169.1,1849.8,1764.9,0.0,4.9,80.0,3343.8,2605.4,738.5,0.0,324.9,3915.2,3547.8,130.19999999999982,2457.7,1048.0,0,0
2023-04-20,-1577.5,-842.1,1817.0,1718.6,0.0,7.6,90.7,3003.0,2254.1,748.8,0.0,343.9,4283.2,3547.8,368.0,339.6999999999998,1757.0,0,0
2023-04-21,-1551.5,-857.0,1836.7,1718.6,0.0,7.6,110.4,2996.0,2254.1,741.9,0.0,302.4,4242.3,3547.8,-40.899999999999636,260.4000000000001,1687.7000000000003,0,0
2023-04-24,-1488.6,-833.0,1846.6,1718.6,0.0,7.3,120.7,3024.5,2254.1,770.4,0.0,344.9,4203.4,3547.8,-38.900000000000546,365.39999999999964,1560.0999999999995,0,0
2023-04-25,-1665.2,-872.2,1811.7,1718.6,0.0,7.3,85.8,3029.6,2254.1,775.4,0.0,345.6,4340.8,3547.8,137.40000000000055,555.8000000000002,1665.7000000000003,0,0
2023-04-26,-1703.7,-1076.8,1812.7,1718.6,0.0,7.3,86.7,3225.4,2254.1,971.3,0.0,336.0,4174.8,3547.8,-166.0,259.60000000000036,1661.0,0,0
2023-04-27,-1496.6,-928.9,1814.0,1718.6,0.0,7.3,88.0,3082.3,1990.0,1092.3,0.0,339.4,4115.5,3547.8,-59.30000000000018,-167.69999999999982,1929.4,0,0
2023-04-28,-1397.6,-831.1,1816.1,1718.6,0.0,0.0,97.4,2988.9,1990.0,998.9,0.0,341.8,4114.3,3547.8,-1.199999999999818,-128.0,3006.8,0,0
2023-05-02,500.4,-641.5,2028.8,1718.6,0.0,4.1,306.1,3006.6,1990.0,1016.6,0.0,336.3,2405.9,3547.8,-1708.4,-1797.4999999999995,-725.0999999999999,1,1
2023-05-03,-540.2,-808.7,1832.5,1718.6,0.0,5.7,108.2,2977.6,1990.0,987.6,0.0,336.4,3279.4,3547.8,873.5,-1061.4,-389.4000000000001,0,0
2023-05-04,-1550.2,-625.6,1806.4,1718.6,0.0,0.0,87.8,2769.2,1977.5,791.7,0.0,337.2,4472.5,3547.8,1193.1,297.6999999999998,1158.5,0,0
2023-05-05,-925.1,-634.5,1820.3,1718.6,0.0,0.0,101.7,2769.7,1977.5,792.2,0.0,314.9,3838.5,3547.8,-634.0,-277.0,445.9000000000001,1,1
2023-05-08,-699.0,-819.7,1799.4,1718.6,0.0,1.0,79.8,2903.3,1977.5,925.8,0.0,284.2,3427.2,3547.8,-411.3000000000002,-687.1000000000004,419.5,1,0
2023-05-10,-710.9,-844.1,1799.4,1718.6,0.0,1.0,79.8,2927.8,1977.5,950.3,0.0,284.2,3414.6,3547.8,-12.599999999999909,1008.6999999999998,1571.8999999999999,0,0
2023-05-11,-1124.3,-978.2,1878.1,1718.6,0.0,0.0,159.5,3179.5,2330.2,849.3,0.0,323.1,3693.9,3547.8,279.3000000000002,414.5,1964.7,0,0
2023-05-12,-1051.9,-1045.4,1798.6,1718.6,0.0,0.0,80.0,3178.9,2330.2,848.8,0.0,334.9,3554.4,3547.8,-139.5,-918.0999999999999,1846.8000000000002,0,0
2023-05-15,-1179.1,-1084.9,1813.6,1718.6,0.0,0.0,95.0,3234.3,2330.2,904.2,0.0,335.8,3642.0,3547.8,87.59999999999991,-196.5,1256.6999999999998,0,0
2023-05-16,-1297.4,-1990.9,1765.2,1718.6,0.0,0.0,46.6,4091.4,3310.3,781.2,0.0,335.3,2854.3,3547.8,-787.6999999999998,-572.8999999999996,1396.8000000000002,1,1
2023-05-17,-1505.4,-2113.4,1828.3,1718.6,0.0,0.0,109.7,4275.9,3305.4,970.5,0.0,334.2,2939.9,3547.8,85.59999999999991,-474.6999999999998,-1003.5999999999999,0,0
2023-05-18,-1455.6,-896.0,1527.0,1472.8,0.0,0.0,54.3,2759.5,2020.0,739.5,0.0,336.5,4171.2,3611.6,1231.2999999999997,477.2999999999997,189.29999999999973,0,0
2023-05-19,-1402.8,-1031.7,1489.0,1472.8,0.0,0.0,16.2,2858.1,2020.0,838.1,0.0,337.4,3982.6,3611.6,-188.5999999999999,428.1999999999998,144.5999999999999,0,0
2023-05-22,-1432.2,-1077.1,1545.9,1472.8,0.0,0.0,73.1,2955.9,2020.0,935.9,0.0,333.0,3966.7,3611.6,-15.900000000000091,324.6999999999998,181.69999999999982,0,0
2023-05-23,-1288.6,-996.3,1544.3,1472.8,0.0,0.0,71.5,2871.3,2020.0,851.3,0.0,330.8,3903.9,3611.6,-62.79999999999973,1049.6,-11.299999999999727,0,0
2023-05-24,-1337.6,-911.0,1539.3,1472.8,0.0,0.0,66.5,2785.9,2020.0,765.9,0.0,335.6,4038.1,3611.6,134.19999999999982,1098.1999999999998,-245.0999999999999,0,0
2023-05-25,-1334.2,-759.9,1518.5,1472.8,0.0,0.0,45.7,2615.6,1650.0,965.6,0.0,337.2,4185.8,3611.6,147.70000000000027,14.600000000000364,-56.5,0,0
2023-05-26,-1376.3,-769.3,1533.8,1472.8,0.0,0.0,61.1,2644.0,1650.0,994.0,0.0,340.8,4218.5,3611.6,32.69999999999982,235.9000000000001,15.100000000000364,0,0
2023-05-29,-1390.2,-787.8,1623.3,1472.8,0.0,0.0,150.6,2751.3,1650.0,1101.3,0.0,340.1,4213.9,3611.6,-4.600000000000364,247.19999999999982,-126.90000000000055,0,0
2023-05-30,-185.0,-368.0,1987.1,1472.8,0.0,0.0,514.4,2693.1,1650.0,1043.1,0.0,338.0,3428.6,3611.6,-785.2999999999997,-475.3000000000002,-746.2000000000003,1,1
2023-05-31,-313.1,-380.9,2044.2,1472.8,0.0,0.0,571.5,2763.5,1650.0,1113.5,0.0,338.4,3543.7,3611.6,115.09999999999991,-494.4000000000001,-571.8000000000002,0,0
2023-06-01,-661.6,-927.7,1978.5,1472.8,0.0,0.0,505.7,3246.2,2401.2,844.9,0.0,340.0,3345.5,3611.6,-198.19999999999982,-840.3000000000002,-768.8000000000002,0,0
2023-06-02,-1184.0,-1218.1,1651.8,1472.8,0.0,0.0,179.1,3209.7,2401.2,808.5,0.0,339.8,3577.4,3611.6,231.9000000000001,-641.0999999999999,1171.5,0,0
2023-06-05,-786.6,-1221.4,1721.8,1472.7,0.0,0.0,249.2,3282.5,2401.2,881.3,0.0,339.3,3176.7,3611.6,-400.7000000000003,-1037.1999999999998,-102.70000000000027,1,0
2023-06-06,-1319.1,-1397.4,1698.3,1472.7,0.0,0.0,225.6,3434.2,2401.2,1032.9,0.0,338.5,3533.3,3611.6,356.60000000000036,104.70000000000027,-939.1999999999998,0,0
2023-06-07,-1132.0,-1343.4,1692.2,1472.7,0.0,0.0,219.5,3373.6,2401.2,972.3,0.0,338.0,3400.2,3611.6,-133.10000000000036,-143.5,-438.3000000000002,0,0
2023-06-08,-1121.7,-1198.9,1676.9,1472.7,0.0,0.0,204.2,3213.3,2249.3,964.1,0.0,337.5,3534.3,3611.6,134.10000000000036,188.80000000000018,107.10000000000036,0,0
2023-06-09,-1133.5,-1167.5,1683.0,1472.7,0.0,0.0,210.3,3187.1,2249.3,937.8,0.0,336.6,3577.6,3611.6,43.29999999999973,0.1999999999998181,163.0,0,0
2023-06-13,-1093.9,-1272.0,1630.1,1472.7,0.0,1.7,155.8,3237.9,2249.3,988.6,0.0,335.8,3433.5,3611.6,-144.0999999999999,256.8000000000002,-260.4000000000001,0,0
2023-06-14,-943.5,-1415.4,1982.4,1472.7,0.0,0.0,509.7,3729.6,2849.3,880.4,0.0,331.8,3139.6,3611.6,-293.9000000000001,-393.7000000000003,-414.8000000000002,0,0
2023-06-15,-1140.8,-977.4,1591.1,1472.7,0.0,0.0,118.4,2898.8,1990.0,908.8,0.0,330.3,3784.7,3621.4,645.0999999999999,384.5,142.69999999999982,0,0
2023-06-16,-718.9,-949.9,1591.3,1472.7,0.0,0.0,118.7,2875.2,1990.0,885.2,0.0,334.0,3390.4,3621.4,-394.2999999999997,-143.9000000000001,536.0999999999999,1,0
2023-06-19,-1027.9,-956.6,1592.2,1472.7,0.0,0.7,118.9,2881.9,1990.0,891.9,0.0,333.0,3692.6,3621.4,302.1999999999998,115.0,752.6999999999998,0,0
2023-06-20,-1007.9,-964.9,1592.3,1472.7,0.0,0.7,118.9,2890.1,1990.0,900.1,0.0,333.0,3664.4,3621.4,-28.199999999999818,230.9000000000001,-506.7999999999997,0,0
2023-06-21,-1030.3,-996.0,1618.2,1472.6,0.0,0.0,145.6,2947.7,1990.0,957.7,0.0,333.4,3655.7,3621.4,-8.700000000000273,516.0999999999999,-326.9000000000001,0,0
2023-06-22,-1115.6,-980.7,1558.8,1378.4,0.0,0.0,180.4,2873.0,1828.3,1044.6,0.0,333.5,3756.3,3621.4,100.60000000000036,-28.399999999999636,-210.39999999999964,0,0
2023-06-23,-1089.4,-1022.5,1533.7,1378.4,0.0,0.0,155.3,2890.2,1828.3,1061.9,0.0,334.1,3688.3,3621.4,-68.0,297.9000000000001,-215.5999999999999,0,0
2023-06-26,-1118.5,-1050.5,1500.2,1378.3,0.0,1.2,120.8,2887.8,1828.3,1059.5,0.0,337.1,3689.4,3621.4,1.099999999999909,-3.199999999999818,-348.6999999999998,0,0
2023-06-27,-856.5,-1059.4,1550.7,1378.3,0.0,1.6,170.8,2947.2,1828.3,1118.9,0.0,337.1,3418.5,3621.4,-270.9000000000001,-245.9000000000001,-767.3000000000002,0,0
2023-06-28,-859.2,-1049.7,1500.0,1378.3,0.0,1.4,120.3,2887.0,1828.3,1058.7,0.0,337.4,3430.9,3621.4,12.400000000000091,-224.79999999999973,-787.5999999999999,0,0
2023-06-29,-818.5,-409.7,1814.6,1378.3,0.0,0.3,436.0,2560.6,1746.6,814.0,0.0,336.2,4030.1,3621.4,599.1999999999998,273.7999999999997,-183.79999999999973,0,0
2023-06-30,-1050.1,-452.9,1905.8,1378.3,0.0,0.0,527.5,2687.3,1746.6,940.7,0.0,328.6,4218.6,3621.4,188.50000000000045,530.3000000000002,790.0000000000005,0,0
2023-07-03,-1026.6,-546.4,1926.5,1378.3,0.0,1.5,546.7,2754.4,1746.6,1007.8,0.0,281.6,4101.6,3621.4,-117.0,412.2000000000003,557.9000000000005,0,0
2023-07-04,-1102.0,-549.4,1838.7,1378.2,0.0,1.5,459.0,2720.5,1746.6,973.9,0.0,332.4,4174.0,3621.4,72.39999999999964,755.5,828.5,0,0
2023-07-05,-1206.0,-693.9,1862.3,1378.2,0.0,1.0,483.2,2888.8,1746.6,1142.2,0.0,332.6,4133.5,3621.4,-40.5,702.5999999999999,556.0999999999999,0,0
2023-07-06,-1200.9,-734.7,1921.3,1378.2,0.0,0.0,543.2,2988.0,2216.0,772.0,0.0,332.0,4087.6,3621.4,-45.90000000000009,57.5,910.9000000000001,0,0
2023-07-07,-915.7,-854.3,1853.2,1378.1,0.0,1.5,473.6,3039.2,2216.0,823.2,0.0,331.7,3682.8,3621.4,-404.7999999999997,-535.8000000000002,149.5,1,0
2023-07-10,-612.7,-1124.7,1693.0,1378.1,0.0,1.2,313.6,3145.1,2216.0,929.1,0.0,327.5,3109.4,3621.4,-573.4000000000001,-992.2000000000003,-290.7999999999997,1,1
2023-07-11,-1060.0,-1286.4,1556.2,1378.1,0.0,1.0,177.0,3169.7,2216.0,953.7,0.0,327.1,3395.0,3621.4,285.5999999999999,-779.0,-139.30000000000018,0,0
2023-07-12,-1101.5,-1917.8,1716.3,1378.0,0.0,0.8,337.5,3960.7,2900.4,1060.2,0.0,326.6,2805.1,3621.4,-589.9000000000001,-1328.4,-772.5,1,1
2023-07-13,-387.1,-222.9,1762.7,1378.0,0.0,2.5,382.2,2313.2,1409.9,903.2,0.0,327.6,4420.0,4255.8,1614.9,332.4000000000001,986.5,0,0
2023-07-14,-262.3,-350.2,1682.7,1378.0,0.0,2.5,302.3,2361.4,1409.9,951.5,0.0,328.5,4167.9,4255.8,-252.10000000000036,485.09999999999945,1028.2999999999997,0,0
2023-07-17,-303.9,-454.7,1535.0,1378.0,0.0,2.1,154.9,2319.0,1409.9,909.0,0.0,329.3,4105.0,4255.8,-62.899999999999636,995.5999999999999,320.3000000000002,0,0
2023-07-18,-274.7,-450.8,1507.6,1378.0,0.0,2.3,127.4,2292.7,1409.9,882.7,0.0,334.2,4079.7,4255.8,-25.300000000000182,684.6999999999998,689.2999999999997,0,0
2023-07-19,-314.0,-437.0,1473.4,1377.9,0.0,0.0,95.5,2245.8,1409.9,835.9,0.0,335.4,4132.8,4255.8,53.100000000000364,1327.7000000000003,440.2000000000003,0,0
2023-07-20,-250.6,608.7,2377.6,1283.8,0.0,0.7,1093.1,2104.7,1390.0,714.7,0.0,335.7,5115.1,4255.8,982.3000000000002,695.1000000000004,1450.7000000000003,0,0
2023-07-21,-267.1,924.8,2632.5,1283.7,0.0,0.7,1348.1,2047.0,1390.0,657.0,0.0,339.3,5447.7,4255.8,332.59999999999945,1279.8000000000002,1792.0,0,0
2023-07-24,-288.0,4600.5,6363.6,1283.7,0.0,233.4,4846.5,2104.5,1390.0,714.5,0.0,341.4,9144.3,4255.8,3696.5999999999995,5039.299999999999,5387.999999999999,0,0
2023-07-25,-110.5,-523.9,1436.8,1289.9,0.0,1.8,145.1,2302.3,1390.0,912.3,0.0,341.6,3842.4,4255.8,-5301.9,-237.29999999999973,154.0999999999999,1,1
2023-07-26,-99.9,-528.2,1431.4,1289.9,0.0,1.3,140.1,2302.4,1390.0,912.4,0.0,342.9,3827.5,4255.8,-14.900000000000091,-305.3000000000002,138.0999999999999,0,0
2023-07-27,-195.9,-960.9,1367.2,1289.9,0.0,2.1,75.2,2671.8,1748.7,923.1,0.0,343.7,3490.8,4255.8,-336.6999999999998,-1624.3000000000002,72.30000000000018,1,0
2023-07-28,-13.7,-901.6,1443.3,1289.9,0.0,2.9,150.5,2689.5,1748.7,940.9,0.0,344.6,3367.9,4255.8,-122.90000000000009,-2079.7999999999997,-63.0,0,0
2023-07-31,772.6,-113.8,2232.3,1289.9,0.0,2.9,939.5,2688.2,1748.7,939.5,0.0,342.1,3369.4,4255.8,1.5,-5774.9,-660.6999999999998,0,0
2023-08-01,12.0,-277.1,2024.3,1289.8,0.0,3.0,731.5,2644.3,1748.7,895.6,0.0,342.9,3966.7,4255.8,597.2999999999997,124.29999999999973,-251.90000000000055,0,0
2023-08-02,-347.8,-1069.8,1452.1,1289.8,0.0,3.0,159.3,2865.7,1748.7,1117.1,0.0,343.9,3533.8,4255.8,-432.89999999999964,-293.6999999999998,-567.8000000000002,1,0
2023-08-03,-169.9,-1120.5,1441.4,1289.2,0.0,3.6,148.7,2911.2,1959.7,951.5,0.0,349.3,3305.2,4255.8,-228.60000000000036,-185.60000000000036,-868.8000000000002,0,0
2023-08-04,-308.9,-1168.8,1453.2,1289.2,0.0,4.1,160.0,2970.6,1959.7,1010.9,0.0,348.6,3395.9,4255.8,90.70000000000027,28.0,-737.5999999999999,0,0
2023-08-07,-230.5,-1147.8,1353.9,1289.1,0.0,4.6,60.2,2850.1,1959.7,890.4,0.0,348.4,3338.5,4255.8,-57.40000000000009,-30.90000000000009,-749.0999999999999,0,0
2023-08-08,-156.7,-1473.0,1354.6,1289.1,0.0,5.0,60.5,3173.5,1959.7,1213.8,0.0,345.9,2939.5,4255.8,-399.0,-1027.1999999999998,-743.3000000000002,1,0
2023-08-09,-102.2,-2087.7,1521.2,1289.1,0.0,3.5,228.5,3957.5,3167.5,790.1,0.0,348.7,2270.3,4255.8,-669.1999999999998,-1263.5,-839.0999999999999,1,1
2023-08-10,-68.6,-619.5,1424.9,1289.0,0.0,4.6,131.3,2393.4,1290.0,1103.4,0.0,349.1,3834.4,4385.3,1564.1,529.2000000000003,439.4000000000001,0,0
2023-08-11,-105.7,-800.0,1368.5,1288.9,0.0,0.5,79.1,2516.7,1290.0,1226.7,0.0,348.2,3691.0,4385.3,-143.4000000000001,295.0999999999999,885.9000000000001,0,0
2023-08-14,-103.3,-731.9,1413.8,1288.8,0.0,1.5,123.4,2493.8,1290.0,1203.8,0.0,348.1,3756.7,4385.3,65.69999999999982,418.1999999999998,-663.3000000000002,0,0
2023-08-15,-133.3,6824.7,8831.6,1288.8,0.0,477.9,7064.9,2351.9,1290.0,1061.9,0.0,344.9,11343.3,4385.3,7586.599999999999,8403.8,7175.4,0,0
2023-08-16,-54.1,-748.3,1446.2,1307.8,0.0,3.1,135.3,2536.7,1290.0,1246.7,0.0,342.2,3691.1,4385.3,-7652.199999999999,1420.7999999999997,-413.9000000000001,1,1
2023-08-17,-93.6,-710.2,1413.5,1308.0,0.0,3.1,102.4,2467.8,1470.0,997.8,0.0,344.2,3768.7,4385.3,77.59999999999991,-65.70000000000027,-311.0,0,0
2023-08-18,-127.8,-722.3,1356.0,1308.0,0.0,2.7,45.3,2422.3,1470.0,952.3,0.0,344.0,3790.8,4385.3,22.100000000000364,99.80000000000018,-342.0,0,0
2023-08-21,-81.3,-368.4,1745.4,1308.0,0.0,3.1,434.3,2457.4,1470.0,987.4,0.0,343.7,4098.2,4385.3,307.39999999999964,341.5,-1016.9000000000005,0,0
2023-08-22,-139.5,-19.0,2075.0,1308.0,0.0,1.8,765.3,2437.7,1470.0,967.7,0.0,343.7,4505.8,4385.3,407.60000000000036,-6837.499999999999,-941.8999999999996,0,0
2023-08-23,-203.0,-447.1,1762.2,1308.0,0.0,0.6,453.6,2552.8,1470.0,1082.8,0.0,343.5,4141.2,4385.3,-364.60000000000036,450.0999999999999,-5003.099999999999,1,0
2023-08-24,-171.6,-441.2,1722.4,1308.0,0.0,0.8,413.6,2508.0,1320.0,1188.0,0.0,344.4,4115.7,4385.3,-25.5,347.0,273.2999999999997,0,0
2023-08-25,-81.3,-171.2,1972.4,1307.9,0.0,0.6,663.9,2487.6,1320.0,1167.6,0.0,344.0,4295.4,4385.3,179.69999999999982,504.59999999999945,467.89999999999964,0,0
2023-08-28,-132.3,-163.9,1854.3,1307.8,0.0,0.6,545.9,2362.4,1320.0,1042.4,0.0,344.2,4353.7,4385.3,58.30000000000018,255.5,862.8999999999996,0,0
2023-08-29,314.1,698.6,2722.7,1307.7,0.0,0.6,1414.4,2368.2,1320.0,1048.2,0.0,344.1,4769.8,4385.3,416.10000000000036,264.0,1401.9,0,0
2023-08-30,1.6,-76.0,2147.1,1307.7,0.0,0.0,839.4,2556.9,1320.0,1236.9,0.0,333.8,4307.7,4385.3,-462.10000000000036,166.5,938.2999999999997,1,0
2023-08-31,19.9,61.6,2221.7,1307.7,0.0,0.0,914.0,2503.0,1429.9,1073.1,0.0,342.9,4427.0,4385.3,119.30000000000018,311.3000000000002,460.3000000000002,0,0
2023-09-01,-45.2,132.8,2396.5,1307.7,0.0,0.0,1088.8,2606.7,1429.9,1176.8,0.0,343.0,4563.3,4385.3,136.30000000000018,267.90000000000055,1029.5,0,0
2023-09-04,-97.7,-33.2,2341.8,1307.6,0.0,0.0,1034.2,2717.9,1429.9,1288.0,0.0,342.8,4449.8,4385.3,-113.5,96.10000000000036,1144.6000000000004,0,0
2023-09-05,-123.0,129.8,2399.1,1307.6,0.0,0.5,1091.0,2612.0,1429.9,1182.1,0.0,342.8,4638.1,4385.3,188.30000000000018,-131.69999999999982,1242.2000000000003,0,0
2023-09-06,-137.9,-32.6,2268.8,1307.5,0.0,1.8,959.5,2641.8,1429.9,1211.9,0.0,340.4,4490.6,4385.3,-147.5,182.90000000000055,1152.1000000000004,0,0
2023-09-07,-84.7,464.9,2459.6,1307.3,0.0,1.9,1150.4,2335.1,1396.5,938.6,0.0,340.4,4934.9,4385.3,444.2999999999993,507.89999999999964,1995.3999999999996,0,0
2023-09-08,-92.0,86.5,2114.1,1307.1,0.0,0.9,806.2,2367.1,1396.5,970.6,0.0,339.5,4563.8,4385.3,-371.09999999999945,0.5,2293.5,1,0
2023-09-11,-70.9,428.8,2437.3,1306.6,0.0,0.4,1130.2,2347.0,1396.5,950.5,0.0,338.6,4885.0,4385.3,321.1999999999998,435.1999999999998,1050.6,0,0
2023-09-12,-47.3,28.2,2352.8,1306.6,0.0,0.0,1046.1,2662.6,1396.5,1266.1,0.0,338.1,4460.8,4385.3,-424.1999999999998,-177.30000000000018,769.8000000000002,1,0
2023-09-13,5.0,-1001.2,2041.4,1306.6,0.0,0.0,734.8,3382.5,2499.7,882.8,0.0,339.9,3379.1,4385.3,-1081.7000000000003,-1111.5000000000005,-377.5999999999999,1,1
2023-09-14,127.5,7490.9,8903.5,1198.7,0.0,240.9,7463.8,1759.7,1120.0,639.7,0.0,347.1,11867.2,4503.9,8488.1,6932.300000000001,523.9000000000015,0,0
2023-09-15,214.9,7838.5,9234.9,1198.7,0.0,232.4,7803.8,1742.5,1120.0,622.5,0.0,346.0,12127.5,4503.9,260.2999999999993,7563.7,8436.4,0,0
2023-09-18,259.5,7589.7,9115.0,1198.7,0.0,297.0,7619.3,1870.6,1120.0,750.6,0.0,345.3,11834.0,4503.9,-293.5,6949.0,8065.3,0,0
2023-09-19,406.0,-121.7,1692.6,1203.3,0.0,0.5,488.8,2159.2,1120.0,1039.2,0.0,344.9,3976.1,4503.9,-7857.9,-484.7000000000003,185.29999999999973,1,1
2023-09-20,333.1,-633.3,1697.6,1203.3,0.0,0.5,493.8,2675.7,1120.0,1555.7,0.0,344.9,3537.5,4503.9,-438.5999999999999,158.4000000000001,-560.6999999999998,1,0
2023-09-21,354.6,-966.1,1447.4,1203.3,0.0,0.4,243.8,2758.7,1985.7,773.0,0.0,345.2,3183.2,4503.9,-354.3000000000002,-8684.0,-1322.6000000000004,1,0
2023-09-22,349.2,-1072.4,1416.1,1203.3,0.0,0.0,212.8,2834.0,1985.7,848.3,0.0,345.5,3082.2,4503.9,-101.0,-9045.3,-1059.0,0,0
2023-09-25,317.2,-1287.9,1316.0,1203.2,0.0,0.0,112.8,2949.5,1985.7,963.9,0.0,345.6,2898.7,4503.9,-183.5,-8935.3,-1217.0,0,0
2023-09-26,400.3,-1190.9,1385.7,1203.2,0.0,0.0,182.4,2920.5,1985.7,934.9,0.0,344.0,2912.7,4503.9,14.0,-1063.4,-1382.6999999999998,0,0
2023-09-27,307.5,-1322.3,1259.9,1203.1,0.0,0.0,56.7,2928.8,1985.7,943.1,0.0,346.6,2874.0,4503.9,-38.69999999999982,-663.5,-1479.6999999999998,0,0
2023-09-28,296.8,-1270.4,1345.2,1203.0,0.0,0.0,142.2,2940.2,1975.6,964.7,0.0,324.6,2936.6,4503.9,62.59999999999991,-246.5999999999999,-1833.2000000000003,0,0
2023-09-29,1190.3,-528.8,2127.9,1202.9,0.0,0.0,924.9,3001.0,1975.6,1025.4,0.0,344.3,2784.8,4503.9,-151.79999999999973,-297.39999999999964,-1522.8999999999996,0,0
2023-10-02,800.8,-438.1,2107.4,1202.7,0.0,0.3,904.5,2889.7,1975.6,914.1,0.0,344.2,3265.0,4503.9,480.1999999999998,366.3000000000002,-1162.0,0,0
2023-10-03,702.3,-1076.2,1849.3,1202.6,0.0,0.0,646.7,3270.7,1975.6,1295.1,0.0,345.2,2725.3,4503.9,-539.6999999999998,-187.39999999999964,-1838.0,1,1
2023-10-04,314.0,-1401.7,1696.6,1202.5,0.0,0.0,494.1,3443.6,1975.6,1468.0,0.0,345.3,2788.2,4503.9,62.899999999999636,-85.80000000000018,-1661.6000000000004,0,0
2023-10-05,445.0,-1255.8,1499.2,1202.1,0.0,0.0,297.1,3096.8,2306.5,790.3,0.0,341.7,2803.1,4503.9,14.900000000000091,-133.5,-1835.0000000000005,0,0
2023-10-06,379.9,-1423.6,1580.2,1202.1,0.0,0.0,378.1,3348.5,2306.5,1042.1,0.0,344.7,2700.4,4503.9,-102.69999999999982,-84.40000000000009,-1790.2000000000003,0,0
2023-10-09,290.5,-1174.6,1679.7,1202.1,0.0,0.0,477.6,3194.5,2306.5,888.0,0.0,340.2,3038.7,4503.9,338.2999999999997,-226.30000000000018,-1896.1999999999998,0,0
2023-10-10,356.5,-1650.7,2022.0,1202.0,0.0,0.0,820.0,4012.0,3127.0,885.0,0.0,339.4,2496.7,4503.9,-542.0,-228.60000000000036,-2067.1000000000004,1,1
2023-10-11,329.0,-1922.1,2067.0,1201.9,0.0,0.0,865.0,4328.4,3337.8,990.6,0.0,339.3,2252.8,4503.9,-243.89999999999964,-535.3999999999996,-2632.2,0,0
2023-10-12,527.7,5645.1,8071.6,1093.6,0.0,0.0,6978.0,2765.7,2120.0,645.7,0.0,339.2,9679.9,4562.5,7427.099999999999,6876.799999999999,5219.099999999999,0,0
2023-10-13,615.2,6048.1,8464.2,1093.6,0.0,229.5,7141.1,2754.9,2120.0,634.9,0.0,338.8,9995.4,4562.5,315.5,7295.0,6616.299999999999,0,0
2023-10-16,658.0,5882.5,8284.0,1093.6,0.0,116.4,7074.1,2738.6,2120.0,618.6,0.0,337.1,9787.0,4562.5,-208.39999999999964,6748.3,-2080.2000000000007,0,0
2023-10-17,722.1,1942.7,4376.1,1093.6,0.0,59.6,3223.0,2815.7,2120.0,695.7,0.0,382.3,5783.1,4562.5,-4003.8999999999996,3286.4000000000005,-6344.4,1,1
2023-10-18,743.3,1478.0,4316.3,1093.6,0.0,0.3,3222.5,3175.6,2120.0,1055.6,0.0,337.3,5297.2,4562.5,-485.90000000000055,3044.3999999999996,-6536.8,1,0
2023-10-19,721.0,2194.7,4348.2,1093.6,0.0,1.1,3253.5,2490.3,1716.4,773.9,0.0,336.8,6036.2,4562.5,739.0,-3643.7,2060.1,0,0
2023-10-20,794.2,1271.4,3795.9,1093.4,0.0,0.0,2702.5,2937.1,1716.4,1220.7,0.0,412.6,5039.7,4562.5,-996.5,-4955.7,1502.1999999999998,1,1
2023-10-23,729.4,1381.0,3635.9,1093.4,0.0,0.0,2542.5,2662.5,1716.4,946.2,0.0,407.7,5214.1,4562.5,174.40000000000055,-4572.9,2030.9000000000005,0,0
2023-10-24,788.3,1428.4,3871.6,1093.4,0.0,0.7,2777.5,2926.5,1716.4,1210.1,0.0,483.3,5202.6,4562.5,-11.5,-580.5,2120.4000000000005,0,0
2023-10-25,897.2,1575.5,3904.8,1093.4,0.0,0.8,2810.7,2792.0,1716.4,1075.6,0.0,462.6,5240.8,4562.5,38.19999999999982,-56.399999999999636,2342.1000000000004,0,0
2023-10-26,694.4,943.8,3129.8,1093.4,0.0,0.8,2035.7,2634.7,1562.4,1072.3,0.0,448.7,4811.9,4562.5,-428.90000000000055,-1224.3000000000002,1899.1999999999998,1,0
2023-10-27,836.2,597.2,3048.1,1093.4,0.0,0.0,1954.7,2915.2,1562.4,1352.8,0.0,464.4,4323.5,4562.5,-488.39999999999964,-716.1999999999998,1449.5,1,0
2023-10-30,1204.1,1391.6,3319.5,1093.4,0.0,0.8,2225.3,2333.3,1562.4,770.9,0.0,405.4,4750.0,4562.5,426.5,-464.10000000000036,1813.4,0,0
2023-10-31,2262.3,186.4,2466.4,1100.0,0.0,2.5,1363.8,2910.0,1562.4,1347.6,0.0,630.0,2486.6,4562.5,-2263.4,-2716.0000000000005,-298.2000000000003,1,1
2023-11-01,1025.8,-527.1,2263.7,1099.9,0.0,0.3,1163.5,3336.1,1562.4,1773.7,0.0,545.2,3009.6,4562.5,523.0,-2231.2000000000003,-255.4000000000001,0,0
2023-11-02,1181.8,-354.8,2319.1,1099.9,0.0,0.0,1219.2,3098.9,1950.0,1148.9,0.0,425.1,3025.9,4562.5,16.300000000000182,-1785.9999999999995,300.5999999999999,0,0
2023-11-03,1158.2,-753.9,2440.1,1099.9,0.0,0.0,1340.2,3669.0,1950.0,1719.0,0.0,475.0,2650.4,4562.5,-375.5,-1673.1,-137.79999999999973,1,0
2023-11-06,970.6,-374.6,2656.2,1099.9,0.0,4.0,1552.4,3455.8,1950.0,1505.8,0.0,424.9,3217.3,4562.5,566.9000000000001,-1532.6999999999998,414.2000000000003,0,0
2023-11-07,979.5,-524.0,2656.2,1099.9,0.0,4.0,1552.4,3605.2,1950.0,1655.2,0.0,424.9,3059.0,4562.5,-158.30000000000018,572.4000000000001,358.5999999999999,0,0
2023-11-08,1009.3,-932.9,2462.3,1099.9,0.0,0.0,1362.4,3875.1,1950.0,1925.1,0.0,479.9,2620.2,4562.5,-438.8000000000002,-389.4000000000001,-418.5,1,0
2023-11-09,754.3,-1204.0,2311.5,1099.9,0.0,0.0,1211.6,4029.3,2117.9,1911.4,0.0,513.7,2604.1,4562.5,-16.09999999999991,-421.8000000000002,107.40000000000009,0,0
2023-11-10,812.4,-1605.9,2262.4,1099.9,0.0,0.0,1162.5,4362.0,3117.9,1244.1,0.0,493.7,2144.2,4562.5,-459.9000000000001,-506.2000000000003,-108.60000000000036,1,0
2023-11-13,965.8,-1324.6,2322.1,1099.9,0.0,0.0,1222.2,4130.3,3141.2,989.1,0.0,483.6,2272.0,4562.5,127.80000000000018,-945.3000000000002,-7407.9,0,0
2023-11-14,925.0,-1888.8,2024.1,1099.9,0.0,0.0,924.3,4501.5,3495.1,1006.3,0.0,588.6,1748.7,4562.5,-523.3,-1310.3,-8246.699999999999,1,1
2023-11-15,753.5,-1883.5,2073.4,1099.7,0.0,0.0,973.7,4550.4,3168.4,1382.0,0.0,593.6,1925.5,4562.5,176.79999999999995,-694.6999999999998,-7861.5,0,0
2023-11-16,774.7,-81.3,1965.5,992.4,0.0,0.0,973.1,2560.2,1500.0,1060.2,0.0,513.4,3739.6,4595.6,1814.1,1135.5,-2043.5000000000005,0,0
2023-11-17,804.5,50.8,2015.0,992.4,0.0,0.0,1022.6,2467.1,1500.0,967.2,0.0,502.9,3841.9,4595.6,102.30000000000018,1697.7000000000003,-1455.2999999999997,0,0
2023-11-20,773.8,168.2,2040.0,992.4,0.0,0.0,1047.6,2324.1,1500.0,824.1,0.0,452.3,3990.1,4595.6,148.19999999999982,1718.1,-2046.1,0,0
2023-11-21,866.2,608.3,2585.5,992.4,0.0,0.0,1593.1,2584.3,1500.0,1084.3,0.0,607.1,4337.7,4595.6,347.5999999999999,2589.0,-702.0,0,0
2023-11-22,807.5,630.3,2683.4,992.4,0.0,0.0,1691.0,2515.1,1500.0,1015.2,0.0,462.1,4418.5,4595.6,80.80000000000018,2493.0,-795.6000000000004,0,0
2023-11-23,921.8,1187.8,2674.0,992.4,0.0,0.0,1681.6,1956.8,749.7,1207.1,0.0,470.7,4861.6,4595.6,443.10000000000036,1122.0000000000005,-341.0,0,0
2023-11-24,808.3,1175.3,2681.9,992.3,0.0,0.0,1689.6,1947.0,749.7,1197.3,0.0,440.4,4962.6,4595.6,101.0,1120.7000000000003,-278.1999999999998,0,0
2023-11-27,905.2,1901.4,3291.2,992.3,0.0,0.0,2298.9,1828.6,749.7,1078.8,0.0,438.7,5591.8,4595.6,629.1999999999998,1601.7000000000003,779.9000000000005,0,0
2023-11-28,893.5,1862.9,3296.2,992.3,0.0,0.0,2303.9,1872.6,749.7,1122.8,0.0,439.3,5565.0,4595.6,-26.800000000000182,1227.3000000000002,1241.5,0,0
2023-11-29,1267.2,2010.4,3364.4,992.3,0.0,0.0,2372.1,1793.7,749.7,1043.9,0.0,439.7,5338.9,4595.6,-226.10000000000036,920.3999999999996,588.8999999999996,0,0
2023-11-30,1094.2,1180.2,2333.9,992.3,0.0,0.0,1341.6,1594.2,300.0,1294.2,0.0,440.5,4681.7,4595.6,-657.1999999999998,-179.90000000000055,2195.1,1,1
2023-12-01,1186.4,1611.3,2875.7,992.3,0.0,0.3,1883.1,1756.6,300.0,1456.6,0.0,492.2,5020.5,4595.6,338.8000000000002,57.899999999999636,2010.9,0,0
2023-12-04,1018.8,1537.3,2674.0,992.3,0.0,0.0,1681.7,1622.4,300.0,1322.4,0.0,485.7,5114.1,4595.6,93.60000000000036,-477.6999999999998,2088.2000000000003,0,0
2023-12-05,1394.3,1459.3,2584.0,992.2,0.0,0.1,1591.7,1565.3,300.0,1265.3,0.0,440.6,4660.6,4595.6,-453.5,-904.3999999999996,2010.2000000000003,1,0
2023-12-06,592.6,1038.2,2302.0,992.0,0.0,8.8,1301.2,1704.0,300.0,1404.0,0.0,440.2,5041.3,4595.6,380.6999999999998,-297.59999999999945,1824.0,0,0
2023-12-07,579.0,609.2,2150.7,991.9,0.0,8.6,1150.2,1981.7,990.0,991.7,0.0,440.2,4625.9,4595.6,-415.40000000000055,-55.80000000000018,1566.8999999999996,1,0
2023-12-08,399.1,377.6,2070.9,991.9,0.0,8.6,1070.4,2133.2,990.0,1143.2,0.0,439.8,4574.1,4595.6,-51.79999999999927,-446.39999999999964,1953.9000000000005,0,0
2023-12-11,195.4,134.2,1941.9,991.9,0.0,0.0,949.9,2224.9,990.0,1234.9,0.0,417.2,4534.4,4595.6,-39.70000000000073,-579.7000000000007,1930.2999999999997,0,0
2023-12-12,444.5,-267.6,2001.7,991.9,0.0,8.7,1001.1,2686.3,1814.9,871.5,0.0,417.0,3883.5,4595.6,-650.8999999999996,-777.1000000000004,1739.3000000000002,1,1
2023-12-13,179.2,-1000.1,2001.5,991.8,0.0,8.6,1001.0,3418.4,2328.4,1090.0,0.0,416.9,3416.3,4595.6,-467.1999999999998,-1625.0,1144.3000000000002,1,0
2023-12-14,56.8,2660.5,4207.7,882.2,0.0,155.7,3169.8,1963.9,1212.4,751.5,0.0,416.7,7168.2,4564.6,3751.8999999999996,2542.3,5419.5,0,0
2023-12-15,-37.0,2594.2,4168.1,882.2,0.0,115.7,3170.2,1991.9,1212.4,779.5,0.0,418.1,7195.8,4564.6,27.600000000000364,2621.7,5270.3,0,0
2023-12-18,-409.4,2744.6,4159.1,882.2,0.0,75.7,3201.2,1892.0,1212.4,679.5,0.0,477.5,7718.6,4564.6,522.8000000000002,3184.2000000000007,3979.0000000000005,0,0
2023-12-19,-476.5,132.1,1901.6,884.6,0.0,15.8,1001.2,2216.9,1212.4,1004.4,0.0,447.3,5173.2,4564.6,-2545.4000000000005,1289.6999999999998,1331.2999999999997,1,1
2023-12-20,-379.6,8.9,1920.0,884.6,0.0,14.3,1021.1,2358.4,1212.4,1145.9,0.0,447.4,4953.1,4564.6,-220.09999999999945,1536.8000000000002,963.0000000000005,0,0
2023-12-21,-844.2,-352.6,1947.1,884.6,0.0,11.5,1051.0,2692.1,1675.2,1016.9,0.0,392.4,5056.1,4564.6,103.0,-2112.0999999999995,718.4000000000005,0,0
2023-12-22,-1097.9,-389.1,1916.0,884.6,0.0,10.0,1021.4,2675.2,1675.2,1000.0,0.0,370.1,5273.4,4564.6,217.29999999999927,-1922.4000000000005,854.8999999999996,0,0
2023-12-25,-1246.5,-788.2,1829.9,884.6,0.0,11.7,933.6,2989.9,1675.2,1314.7,0.0,371.7,5022.8,4564.6,-250.59999999999945,-2695.8,161.19999999999982,0,0
2023-12-26,-1092.6,-992.0,1577.3,884.6,0.0,8.6,684.1,2940.0,1675.2,1264.9,0.0,370.7,4665.1,4564.6,-357.6999999999998,-508.09999999999945,-297.5,1,0
2023-12-27,-1360.2,-1336.9,1558.4,884.6,0.0,8.6,665.2,3316.0,1675.2,1640.8,0.0,420.7,4587.9,4564.6,-77.20000000000073,-365.2000000000007,-1003.9000000000005,0,0
2023-12-28,-1014.1,-1329.1,1639.8,884.6,0.0,9.2,746.0,3420.7,1472.7,1948.0,0.0,451.8,4249.5,4564.6,-338.39999999999964,-806.6000000000004,-1315.5,1,0
2023-12-29,1320.7,-589.5,2308.2,884.6,0.0,9.4,1414.2,3322.1,1472.7,1849.4,0.0,424.4,2654.4,4564.6,-1595.1,-2618.9999999999995,-2684.4999999999995,1,1
2024-01-01,-34.1,-68.2,2969.3,884.6,0.0,11.2,2073.5,3379.7,2341.3,1038.4,0.0,342.3,4530.5,4564.6,1876.1,-492.3000000000002,-151.19999999999982,0,0
2024-01-03,-34.1,-68.2,2969.3,884.6,0.0,11.2,2073.5,3379.7,2341.3,1038.4,0.0,342.3,4530.5,4564.6,0.0,-134.60000000000036,-490.0,0,0
2024-01-04,-305.7,-383.4,2969.3,884.6,0.0,11.2,2073.5,3695.0,2341.3,1353.6,0.0,342.3,4486.9,4564.6,-43.600000000000364,-101.0,-627.2000000000007,0,0
2024-01-05,-305.1,-407.0,2969.3,884.6,0.0,11.2,2073.5,3718.5,2341.3,1377.2,0.0,342.3,4462.7,4564.6,-24.199999999999818,213.19999999999982,-197.90000000000055,0,0
2024-01-08,-479.0,-438.8,2969.3,884.6,0.0,11.2,2073.5,3750.3,2341.3,1409.0,0.0,342.3,4604.8,4564.6,142.10000000000036,1950.4,-436.5,0,0
2024-01-09,-522.7,-445.4,2969.3,884.6,0.0,11.2,2073.5,3756.9,2341.3,1415.5,0.0,342.3,4641.9,4564.6,37.099999999999454,111.39999999999964,16.0,0,0
2024-01-10,-1712.1,-2282.6,1170.4,884.6,0.0,12.5,273.3,3955.4,2712.7,1242.7,0.0,502.4,3994.0,4564.6,-647.8999999999996,-536.5,-580.1000000000004,1,1
2024-01-11,-1424.0,-2060.1,1070.9,884.5,0.0,10.5,176.0,3621.1,1861.0,1760.1,0.0,490.1,3928.5,4564.6,-65.5,-558.3999999999996,-605.8999999999996,0,0
2024-01-12,-828.4,-2187.9,1031.0,884.5,0.0,8.6,138.0,3709.0,1861.0,1848.0,0.0,490.0,3205.0,4564.6,-723.5,-1257.6999999999998,-678.5,1,1
2024-01-15,-1398.7,-3374.2,921.8,884.3,0.0,8.6,28.9,4785.8,1861.0,2924.8,0.0,489.8,2589.0,4564.6,-616.0,-2015.8000000000002,-827.3000000000002,1,1
2024-01-16,-1604.9,-3448.9,899.4,884.3,0.0,8.6,6.5,4837.2,3939.9,897.3,0.0,488.9,2720.6,4564.6,131.5999999999999,-1921.2999999999997,-4447.6,0,0
2024-01-17,-1825.8,-4432.9,899.2,884.3,0.0,6.6,8.3,5671.3,4069.2,1602.0,0.0,339.2,1957.5,4564.6,-763.0999999999999,-2036.5,-5238.3,1,1
2024-01-18,-1727.6,-1899.8,685.1,672.1,0.0,6.5,6.5,2961.2,2001.9,959.3,0.0,376.3,4475.1,4647.3,2517.6000000000004,546.6000000000004,-3243.5,0,0
2024-01-19,-1794.9,-1903.2,685.1,672.1,0.0,6.6,6.5,2960.9,2001.9,959.0,0.0,372.5,4538.9,4647.3,63.79999999999927,1333.8999999999996,-634.3000000000002,0,0
2024-01-22,-1790.9,-1884.6,684.5,672.1,0.0,6.0,6.5,2942.0,2001.9,940.1,0.0,372.9,4553.6,4647.3,14.700000000000728,1964.6000000000004,-399.5,0,0
2024-01-23,-1832.5,-1931.2,684.5,672.1,0.0,5.9,6.5,2940.7,2001.9,938.8,0.0,325.0,4548.6,4647.3,-5.0,1828.0000000000005,-507.5,0,0
2024-01-24,-1783.5,-1982.9,683.5,672.1,0.0,5.0,6.5,3024.1,2001.9,1022.2,0.0,357.7,4447.9,4647.3,-100.70000000000073,2490.3999999999996,-825.5,0,0
2024-01-25,-1906.3,-1688.3,683.5,672.1,0.0,5.0,6.5,2739.6,1760.0,979.6,0.0,367.8,4865.3,4647.3,417.40000000000055,390.1999999999998,-157.5,0,0
2024-01-26,-1792.3,-1709.7,723.2,672.1,0.0,4.6,46.5,2774.4,1760.0,1014.4,0.0,341.6,4729.9,4647.3,-135.40000000000055,191.0,64.79999999999927,0,0
2024-01-29,-1700.0,-1665.8,703.2,672.1,0.0,4.6,26.5,2724.4,1760.0,964.4,0.0,355.4,4681.5,4647.3,-48.399999999999636,127.89999999999964,93.60000000000036,0,0
2024-01-30,-1291.5,-1338.1,933.2,672.1,0.0,4.6,256.5,2679.2,1760.0,919.2,0.0,407.9,4600.7,4647.3,-80.80000000000018,52.099999999999454,351.1999999999998,0,0
2024-01-31,-1617.2,-1388.4,888.1,672.1,0.0,4.5,211.5,2652.9,1760.0,892.9,0.0,376.4,4876.1,4647.3,275.40000000000055,428.2000000000007,2221.7000000000003,0,0
2024-02-01,-1738.2,-1564.3,942.7,671.7,0.0,4.5,266.5,2783.7,1839.5,944.2,0.0,276.7,4821.2,4647.3,-54.900000000000546,-44.100000000000364,290.6999999999998,0,0
2024-02-02,-1651.2,-1885.8,752.6,671.7,0.0,4.5,76.5,2981.0,1839.5,1141.5,0.0,342.6,4412.7,4647.3,-408.5,-317.1999999999998,-117.80000000000018,1,0
2024-02-05,-1573.9,-1973.4,682.7,671.7,0.0,4.5,6.5,2990.3,1839.5,1150.8,0.0,334.3,4247.8,4647.3,-164.89999999999964,-433.6999999999998,-239.09999999999945,0,0
2024-02-06,-1707.6,-1238.7,1446.1,671.6,0.0,18.0,756.5,2992.9,1839.5,1153.4,0.0,308.1,5116.1,4647.3,868.3000000000002,515.4000000000005,653.4000000000005,0,0
2024-02-07,-1786.1,-1472.8,1196.0,671.6,0.0,17.9,506.5,3026.5,1839.5,1187.0,0.0,357.7,4960.6,4647.3,-155.5,84.5,355.8000000000002,0,0
2024-02-08,-1647.5,-1212.2,975.9,671.5,0.0,17.9,286.5,2542.7,1430.0,1112.7,0.0,354.5,5082.5,4647.3,121.89999999999964,261.3000000000002,440.60000000000036,0,0
2024-02-09,-1619.9,-934.5,1218.2,671.5,0.0,17.9,528.8,2512.1,1430.0,1082.1,0.0,359.4,5332.7,4647.3,250.19999999999982,920.0,1338.6999999999998,0,0
2024-02-12,-1648.3,-975.4,1198.1,671.4,0.0,17.9,508.8,2512.5,1430.0,1082.5,0.0,339.0,5320.2,4647.3,-12.5,1072.3999999999996,1391.6999999999998,0,0
2024-02-13,-1652.4,-843.7,1483.1,671.4,0.0,17.9,793.8,2665.3,1430.0,1235.3,0.0,338.5,5455.9,4647.3,135.69999999999982,339.7999999999993,2250.8999999999996,0,0
2024-02-14,-1554.9,-2654.2,774.4,671.4,0.0,17.9,85.1,3767.0,2840.0,927.0,0.0,338.4,3548.0,4647.3,-1907.8999999999996,-1412.6000000000004,959.0,1,1
2024-02-15,-1667.1,-1678.0,584.6,561.8,0.0,17.9,4.8,2580.8,1570.0,1010.8,0.0,318.2,4701.3,4712.3,1153.3000000000002,-381.1999999999998,1980.7000000000003,0,0
2024-02-16,-1530.2,-1784.5,582.1,561.8,0.0,18.0,2.3,2683.3,1570.0,1113.3,0.0,316.7,4458.0,4712.3,-243.30000000000018,-874.6999999999998,2500.5,0,0
2024-02-19,-1429.1,-1734.8,582.1,561.8,0.0,18.0,2.3,2632.7,1570.0,1062.7,0.0,315.8,4406.6,4712.3,-51.399999999999636,-913.5999999999995,-68.5,0,0
2024-02-20,-1485.1,-1729.4,582.0,561.7,0.0,18.0,2.3,2626.6,1570.0,1056.6,0.0,315.1,4468.0,4712.3,61.399999999999636,-987.8999999999996,-70.89999999999964,0,0
2024-02-21,-1261.0,-1797.8,582.1,561.7,0.0,18.0,2.3,2690.1,1570.0,1120.1,0.0,310.2,4175.4,4712.3,-292.60000000000036,627.3999999999996,-378.2000000000007,0,0
2024-02-22,-1476.7,-1749.0,582.0,561.7,0.0,18.0,2.3,2596.4,1371.5,1224.9,0.0,265.4,4440.0,4712.3,264.60000000000036,-261.3000000000002,-108.60000000000036,0,0
2024-02-26,-1393.3,-1874.1,581.9,561.7,0.0,17.9,2.3,2758.0,1371.5,1386.5,0.0,301.9,4231.4,4712.3,-208.60000000000036,-226.60000000000036,-216.5,0,0
2024-02-27,-1305.4,-1662.0,581.7,561.7,0.0,17.7,2.3,2556.2,1371.5,1184.7,0.0,312.5,4355.7,4712.3,124.30000000000018,-50.900000000000546,-509.60000000000036,0,0
2024-02-28,-806.6,-1672.4,581.7,561.7,0.0,17.7,2.3,2513.6,1371.5,1142.1,0.0,259.5,3846.5,4712.3,-509.1999999999998,-621.5,-883.3999999999996,1,1
2024-02-29,50.5,-1176.5,636.7,561.7,0.0,17.7,57.4,2196.8,900.0,1296.8,0.0,383.6,3485.3,4712.3,-361.1999999999998,-690.0999999999995,-1196.1999999999998,1,0
2024-03-01,-688.4,-1042.4,846.6,561.6,0.0,17.7,267.4,2233.4,900.0,1333.4,0.0,344.3,4358.3,4712.3,873.0,-81.69999999999982,-242.39999999999964,0,0
2024-03-04,-504.0,1602.1,2681.4,561.6,0.0,17.4,2102.4,2281.4,900.0,1381.4,0.0,1202.1,6818.4,4712.3,2460.0999999999995,2587.0,1942.2999999999993,0,0
2024-03-05,-941.9,657.7,2801.3,561.6,0.0,17.4,2222.3,2481.5,900.0,1581.5,0.0,337.8,6311.9,4712.3,-506.5,1956.1999999999998,1490.6999999999998,1,1
2024-03-06,-1144.2,142.6,2206.3,561.6,0.0,17.4,1627.3,2381.4,900.0,1481.4,0.0,317.6,5999.1,4712.3,-312.7999999999993,2152.6000000000004,1586.4000000000005,1,0
2024-03-07,-1295.2,-1372.3,2033.8,561.4,0.0,17.4,1455.0,3721.5,2814.7,906.8,0.0,315.3,4635.1,4712.3,-1364.0,1149.8000000000002,387.3000000000002,1,1
2024-03-11,-1439.9,-1483.6,1863.8,561.3,0.0,17.5,1285.0,3692.6,2814.7,877.8,0.0,345.2,4668.6,4712.3,33.5,310.3000000000002,-447.5,0,0
2024-03-12,-1412.5,-619.1,2774.1,561.3,0.0,17.5,2195.3,3749.4,2814.7,934.7,0.0,356.3,5505.7,4712.3,837.0999999999995,-1312.6999999999998,545.0999999999995,0,0
2024-03-13,-1436.9,-1800.1,2219.5,561.3,0.0,17.5,1640.7,4422.8,3660.9,761.9,0.0,403.3,4349.1,4712.3,-1156.5999999999995,-1962.7999999999993,-733.3999999999996,1,1
2024-03-14,-1356.8,-711.0,1730.2,561.3,0.0,17.5,1151.5,2843.8,1992.8,851.0,0.0,402.6,5217.7,4571.8,868.5999999999995,-781.4000000000005,-115.0,0,0
2024-03-15,-1471.0,-545.4,1929.8,561.2,0.0,17.5,1351.1,2877.8,1992.7,885.1,0.0,402.5,5497.3,4571.8,279.60000000000036,862.1999999999998,177.10000000000036,0,0
2024-03-18,-1340.7,-382.2,2129.8,561.2,0.0,17.5,1551.1,2924.1,1992.7,931.3,0.0,412.0,5530.3,4571.8,33.0,861.6999999999998,74.40000000000055,0,0
2024-03-19,-1325.1,-226.4,2268.6,561.1,0.0,17.5,1690.0,2921.9,1992.7,929.2,0.0,426.9,5670.4,4571.8,140.09999999999945,164.69999999999982,2122.3999999999996,0,0
2024-03-20,-1396.9,-700.5,1778.5,561.0,0.0,17.5,1200.0,2924.7,1992.7,932.0,0.0,445.6,5268.2,4571.8,-402.1999999999998,919.0999999999995,566.8999999999996,1,0
2024-03-21,-1289.8,-500.8,1758.9,451.4,0.0,17.5,1290.0,2679.8,1599.4,1080.5,0.0,420.1,5360.7,4571.8,92.5,143.0,902.6999999999998,0,0
2024-03-22,-1294.5,-698.7,1568.8,451.3,0.0,17.5,1100.0,2678.9,1599.4,1079.5,0.0,411.4,5167.6,4571.8,-193.09999999999945,-329.6999999999998,761.0,0,0
2024-03-25,-1100.0,-491.0,1918.3,451.3,0.0,17.0,1450.0,2820.4,1599.3,1221.0,0.0,411.1,5180.8,4571.8,13.199999999999818,-349.5,712.8000000000002,0,0
2024-03-26,-1001.2,-354.0,2073.6,451.3,0.0,17.3,1605.0,2838.6,1599.0,1239.6,0.0,411.1,5219.0,4571.8,38.19999999999982,-451.39999999999964,1043.6000000000004,0,0
2024-03-27,-1366.6,-1479.2,2168.6,451.3,0.0,17.3,1700.0,4039.4,3104.2,935.2,0.0,391.6,4459.2,4571.8,-759.8000000000002,-809.0,19.199999999999818,1,1
2024-03-28,-1341.4,-1032.0,1898.6,451.3,0.0,17.3,1430.0,3320.9,2124.8,1196.1,0.0,390.3,4881.1,4571.8,421.90000000000055,-479.59999999999945,649.7000000000007,0,0
2024-03-29,45.4,-390.8,2347.3,451.3,0.0,17.3,1878.7,3193.0,2124.8,1068.2,0.0,454.9,4135.5,4571.8,-745.6000000000004,-1032.1000000000004,-220.19999999999982,1,1
2024-04-01,-617.3,-206.9,2574.1,451.3,0.0,56.8,2066.0,3204.7,2123.4,1081.3,0.0,423.7,4982.2,4571.8,846.6999999999998,-198.60000000000036,1135.6999999999998,0,0
2024-04-02,-1117.2,-820.4,2067.3,451.3,0.0,17.3,1598.7,3335.9,2123.4,1212.5,0.0,448.2,4868.6,4571.8,-113.59999999999945,-350.39999999999964,1383.3000000000002,0,0
2024-04-03,-1056.1,-1186.9,1764.3,451.3,0.0,17.3,1295.7,3356.3,2123.4,1233.0,0.0,405.1,4441.0,4571.8,-427.60000000000036,-18.199999999999818,82.69999999999982,1,0
2024-04-04,-1383.7,-2005.5,1964.3,451.2,0.0,17.3,1495.7,4425.0,3510.0,915.0,0.0,455.2,3950.0,4571.8,-491.0,-931.1000000000004,-2868.3999999999996,1,0
2024-04-05,-1227.1,-2064.8,2033.8,451.2,0.0,16.8,1565.7,4553.1,3508.9,1044.2,0.0,454.6,3734.1,4571.8,-215.9000000000001,-401.4000000000001,-2577.7999999999997,0,0
2024-04-08,-1090.7,-2163.7,2357.8,451.2,0.0,16.8,1889.7,4975.0,3508.8,1466.2,0.0,453.6,3498.9,4571.8,-235.19999999999982,-1483.2999999999997,-2500.2000000000003,0,0
2024-04-09,-1316.2,-3064.1,2507.3,451.2,0.0,16.4,2039.7,6024.9,4968.8,1056.1,0.0,453.6,2823.8,4571.8,-675.0999999999999,-2044.8000000000002,-1811.3000000000002,1,1
2024-04-10,-1086.7,-3508.7,2569.0,451.2,0.0,16.3,2101.5,6495.7,5418.8,1076.8,0.0,417.9,2149.7,4571.8,-674.1000000000004,-2291.3,-2518.9000000000005,1,1
2024-04-11,-1278.4,-1237.6,1742.2,451.2,0.0,16.4,1274.7,3397.7,2570.0,827.7,0.0,417.8,4622.7,4581.9,2473.0,672.6999999999998,-883.0,0,0
2024-04-12,-1008.2,-1037.6,1905.5,451.2,0.0,16.3,1438.0,3360.8,2570.0,790.8,0.0,417.8,4552.5,4581.9,-70.19999999999982,818.4000000000001,203.39999999999964,0,0
2024-04-15,-1166.9,-1039.2,1885.5,451.1,0.0,16.3,1418.0,3341.7,2570.0,771.7,0.0,417.0,4709.7,4581.9,157.19999999999982,1210.7999999999997,-508.0,0,0
2024-04-16,-1161.7,-705.2,2235.5,451.1,0.0,16.4,1768.0,3357.6,2570.0,787.7,0.0,417.0,5038.5,4581.9,328.8000000000002,2214.7,-458.8000000000002,0,0
2024-04-17,-1015.6,-1098.1,1945.5,451.1,0.0,16.4,1478.0,3388.1,2570.0,818.1,0.0,344.5,4499.5,4581.9,-539.0,2349.8,-1030.8000000000002,1,1
2024-04-18,-1127.6,-1442.3,1847.9,340.0,0.0,16.4,1491.5,3636.0,2810.0,826.0,0.0,345.9,4267.3,4581.9,-232.19999999999982,-355.39999999999964,-1403.0999999999995,0,0
2024-04-19,-987.1,-1196.1,2062.9,340.0,0.0,16.4,1706.5,3608.4,2810.0,798.4,0.0,349.3,4372.9,4581.9,105.59999999999945,-179.60000000000036,-895.3000000000002,0,0
2024-04-22,-1107.4,-1099.7,2146.4,340.0,0.0,16.4,1790.0,3595.4,2806.9,788.5,0.0,349.2,4589.6,4581.9,216.70000000000073,-120.09999999999945,-771.0999999999995,0,0
2024-04-23,-1022.4,-945.4,2296.4,340.0,0.0,16.4,1940.0,3592.4,2806.9,785.5,0.0,350.6,4659.0,4581.9,69.39999999999964,-379.5,-508.60000000000036,0,0
2024-04-24,-1045.4,-1517.2,1746.4,340.0,0.0,16.4,1390.0,3584.1,2806.4,777.7,0.0,320.5,4110.1,4581.9,-548.8999999999996,-389.39999999999964,-1070.6999999999998,1,1
2024-04-25,-1074.2,-1584.9,1836.5,340.0,0.0,16.4,1480.0,3691.9,2672.1,1019.8,0.0,270.6,4071.3,4581.9,-38.80000000000018,-196.0,-1147.6999999999998,0,0
2024-04-26,-1064.7,-1658.6,1666.5,340.0,0.0,16.4,1310.0,3610.7,2671.8,938.9,0.0,285.7,3987.9,4581.9,-83.40000000000009,-384.99999999999955,-471.2999999999997,0,0
2024-04-27,-731.3,-1588.6,1665.6,340.0,0.0,15.6,1310.0,3491.9,2669.8,822.1,0.0,237.7,3724.6,4581.9,-263.3000000000002,-865.0000000000005,-1156.5000000000005,0,0
2024-04-30,-1084.5,-1132.7,2110.3,340.0,0.0,55.8,1714.5,3661.2,2669.6,991.6,0.0,418.2,4533.7,4581.9,809.0999999999999,-125.30000000000018,398.1999999999998,0,0
2024-05-02,-1094.0,-1103.3,2155.3,340.0,0.0,55.8,1759.5,3676.8,2669.6,1007.2,0.0,418.2,4572.6,4581.9,38.900000000000546,462.5,-409.59999999999945,0,0
2024-05-03,-510.7,552.1,3025.0,340.0,0.0,15.5,2669.5,2891.1,2071.4,819.7,0.0,418.1,5644.7,4581.9,1072.0999999999995,1573.3999999999996,776.0999999999995,0,0
2024-05-06,-1071.7,-200.6,2393.0,340.0,0.0,15.5,2037.5,2961.7,2071.2,890.5,0.0,368.0,5453.0,4581.9,-191.69999999999982,1465.1,1012.0,0,0
2024-05-07,-933.3,-25.7,2818.5,340.0,0.0,2.1,2476.4,3215.0,2071.2,1143.8,0.0,370.8,5489.5,4581.9,36.5,1764.9,1539.5,0,0
2024-05-08,-1097.2,-995.2,2288.8,339.9,0.0,2.1,1946.7,3609.6,2726.8,882.9,0.0,325.6,4683.9,4581.9,-805.6000000000004,150.19999999999982,949.7999999999997,1,1
2024-05-10,-963.1,-1422.2,1243.5,339.9,0.0,2.1,901.4,2955.7,2228.5,727.2,0.0,290.0,4217.9,4677.0,-466.0,-354.7000000000007,718.9999999999995,1,0
2024-05-13,-961.4,-1445.0,1243.5,339.9,0.0,2.1,901.4,2978.5,2228.5,750.0,0.0,290.0,4193.5,4677.0,-24.399999999999636,-1451.1999999999998,1369.6999999999998,0,0
2024-05-14,-932.5,-1321.5,1358.5,339.9,0.0,2.1,1016.4,2980.5,2228.3,752.2,0.0,300.5,4288.0,4677.0,94.5,-1165.0,2138.3,0,0
2024-05-15,-968.8,-1331.7,1378.4,339.9,0.0,2.1,1036.4,2999.0,2228.3,770.7,0.0,288.9,4314.2,4677.0,26.199999999999818,-1175.3000000000002,-308.5,0,0
2024-05-16,-957.1,-1199.3,1060.1,226.5,0.0,2.1,831.4,2511.6,1740.0,771.6,0.0,252.2,4434.9,4677.0,120.69999999999982,-249.0,-117.60000000000036,0,0
2024-05-17,-1009.2,-1152.5,1065.1,226.5,0.0,2.1,836.4,2521.3,1740.0,781.3,0.0,303.8,4533.8,4677.0,98.90000000000055,315.90000000000055,-175.89999999999964,0,0
2024-05-20,-1063.9,-1041.8,1128.6,226.5,0.0,2.1,899.9,2479.5,1740.0,739.5,0.0,309.1,4699.1,4677.0,165.30000000000018,505.60000000000036,-339.39999999999964,0,0
2024-05-21,-1050.6,-863.8,1358.6,226.5,0.0,2.1,1129.9,2501.3,1740.0,761.3,0.0,278.9,4863.8,4677.0,164.69999999999982,575.8000000000002,364.3000000000002,0,0
2024-05-22,-1092.2,-785.0,1483.9,226.5,0.0,2.1,1255.2,2577.4,1740.0,837.4,0.0,308.6,4984.3,4677.0,120.5,670.1000000000004,717.0,0,0
2024-05-23,-1119.0,-809.9,1453.9,226.5,0.0,2.1,1225.2,2572.0,1630.0,942.0,0.0,308.2,4986.2,4677.0,1.8999999999996362,551.3000000000002,613.3000000000002,0,0
2024-05-24,-1108.4,-846.3,1446.3,226.5,0.0,2.1,1217.7,2600.8,1629.8,971.1,0.0,308.2,4939.1,4677.0,-47.099999999999454,405.3000000000002,349.5,0,0
2024-05-27,-1159.5,-556.0,1746.5,226.4,0.0,2.1,1517.9,2607.6,1629.6,978.1,0.0,305.1,5280.5,4677.0,341.39999999999964,581.3999999999996,621.5,0,0
2024-05-28,-1236.4,-982.7,1328.5,226.4,0.0,2.1,1099.9,2611.3,1629.3,982.0,0.0,300.2,4930.8,4677.0,-349.6999999999998,67.0,820.6999999999998,1,0
2024-05-29,-1259.7,-690.9,1513.4,226.4,0.0,2.1,1284.9,2554.9,1619.3,935.6,0.0,350.6,5245.9,4677.0,315.09999999999945,261.59999999999945,1174.5999999999995,0,0
2024-05-30,-1131.0,-1264.6,1488.4,226.3,0.0,2.1,1259.9,3040.0,1900.9,1139.1,0.0,287.0,4543.4,4677.0,-702.5,-442.8000000000002,555.4999999999995,1,1
2024-05-31,-1267.3,-1098.0,1618.6,226.3,0.0,2.3,1389.9,3021.5,1900.9,1120.6,0.0,304.9,4846.3,4677.0,302.90000000000055,-92.80000000000018,1121.7000000000003,0,0
2024-06-03,-1086.5,-346.8,2434.1,226.3,0.0,47.9,2159.9,3086.9,1897.4,1189.5,0.0,305.9,5416.7,4677.0,570.3999999999996,136.19999999999982,883.0,0,0
2024-06-04,-1165.3,-976.8,2023.4,226.3,0.0,20.5,1776.6,3309.9,1897.3,1412.6,0.0,309.6,4865.5,4677.0,-551.1999999999998,-65.30000000000018,292.89999999999964,1,1
2024-06-05,-1187.4,-1821.3,1980.3,226.3,0.0,20.4,1733.6,4111.2,3126.5,984.7,0.0,309.5,4043.1,4677.0,-822.4000000000001,-1202.7999999999997,-1601.6,1,1
2024-06-06,-1073.4,3781.4,5601.2,226.3,0.0,1721.3,3653.6,2129.2,1321.5,807.7,0.0,309.4,9596.9,4742.1,5553.799999999999,5053.5,4143.9,0,0
2024-06-07,-1184.6,3894.7,5692.3,226.3,0.0,1821.2,3644.8,2106.9,1321.5,785.4,0.0,309.2,9821.4,4742.1,224.5,4975.099999999999,4331.9,0,0
2024-06-10,-1104.5,710.0,2589.5,226.3,0.0,20.4,2342.8,2191.6,1321.5,870.2,0.0,312.2,6556.6,4742.1,-3264.7999999999993,1139.9000000000005,1872.7000000000007,1,1
2024-06-11,-1102.1,50.1,1986.8,226.3,0.0,18.7,1741.8,2248.4,1321.5,926.9,0.0,311.7,5894.3,4742.1,-662.3000000000002,1028.8000000000002,1676.4000000000005,1,1
2024-06-13,-1075.6,-132.4,2036.7,226.3,0.0,18.7,1791.8,2475.6,1321.5,1154.1,0.0,306.5,5685.3,4742.1,-209.0,1642.2000000000003,1491.8000000000002,0,0
2024-06-14,-1049.5,-1053.7,2286.7,226.3,0.0,18.7,2041.8,3476.0,2375.8,1100.2,0.0,135.6,4738.0,4742.1,-947.3000000000002,-4858.9,450.0,1,1
2024-06-17,-945.7,-697.2,2438.5,226.2,0.0,18.7,2193.6,3362.2,2254.8,1107.4,0.0,226.5,4990.6,4742.1,252.60000000000036,-4830.799999999999,676.4000000000005,0,0
2024-06-18,-933.5,-1249.3,2028.5,226.2,0.0,18.7,1783.6,3418.0,2223.8,1194.2,0.0,140.3,4426.3,4742.1,-564.3000000000002,-2130.3,-8.599999999999454,1,1
2024-06-19,-1006.1,-1066.6,2186.0,226.2,0.0,18.7,1941.2,3394.4,2222.4,1172.0,0.0,141.8,4681.7,4742.1,255.39999999999964,-1212.6000000000004,147.89999999999964,0,0
2024-06-20,-848.6,-1310.7,2228.5,113.7,0.0,18.6,2096.2,3750.9,2473.7,1277.1,0.0,211.7,4280.1,4742.1,-401.59999999999945,-1405.1999999999998,-419.0,1,0
2024-06-21,-966.7,-1906.0,1778.3,113.7,0.0,18.5,1646.2,3871.0,2471.2,1399.8,0.0,186.7,3802.8,4742.1,-477.3000000000002,-935.1999999999998,-1061.0,1,0
2024-06-24,-930.3,-1590.3,2055.0,113.7,0.0,18.4,1922.9,3817.2,2471.1,1346.0,0.0,171.9,4082.1,4742.1,279.2999999999997,-908.5000000000005,-902.2000000000003,0,0
2024-06-25,-915.9,-1777.0,1810.0,113.7,0.0,18.5,1677.9,3799.5,2471.1,1328.3,0.0,212.5,3881.0,4742.1,-201.0999999999999,-545.3000000000002,-1105.1999999999998,0,0
2024-06-26,-925.6,-2272.8,1690.0,113.7,0.0,18.5,1557.9,4226.5,3300.6,925.8,0.0,263.7,3394.9,4742.1,-486.0999999999999,-1286.7999999999997,-1544.2000000000003,1,0
2024-06-27,-990.8,-2116.0,1618.4,113.7,0.0,18.5,1486.3,4005.0,2964.6,1040.4,0.0,270.6,3616.9,4742.1,222.0,-663.2000000000003,-1663.6,0,0
2024-06-28,-948.6,-2354.7,1593.2,113.7,0.0,18.5,1461.1,4100.3,2949.2,1151.1,0.0,152.4,3336.0,4742.1,-280.9000000000001,-466.8000000000002,-1594.8000000000002,0,0
2024-07-01,-984.3,-1724.7,1691.0,113.6,0.0,30.0,1547.3,3549.2,2303.7,1245.5,0.0,133.5,4001.8,4742.1,665.8000000000002,-80.29999999999973,-1244.0999999999995,0,0
2024-07-02,-912.7,-1640.5,1987.8,113.6,0.0,23.9,1850.3,3728.8,2715.5,1013.3,0.0,100.5,4014.4,4742.1,12.599999999999909,133.4000000000001,-528.9999999999995,0,0
2024-07-03,-895.2,-1511.1,2100.8,113.6,0.0,23.8,1963.3,3694.7,2715.5,979.3,0.0,82.9,4126.3,4742.1,111.90000000000009,731.4000000000001,-720.0,0,0
2024-07-04,-879.4,-1374.4,1869.6,113.6,0.0,23.8,1732.1,3391.8,2316.2,1075.6,0.0,147.8,4247.1,4742.1,120.80000000000018,630.2000000000003,-1169.5999999999995,0,0
2024-07-05,-804.7,-1141.8,2128.6,113.6,0.0,23.8,1991.1,3440.2,2316.2,1124.0,0.0,169.9,4405.1,4742.1,158.0,1069.1000000000004,-460.39999999999964,0,0
2024-07-08,-807.9,-208.7,3006.9,113.6,0.0,23.9,2869.4,3368.1,2316.2,1052.0,0.0,152.6,5341.3,4742.1,936.1999999999998,1339.5,1298.2000000000003,0,0
2024-07-09,-804.5,-537.0,2718.6,113.6,0.0,23.8,2581.2,3495.3,2316.1,1179.3,0.0,239.7,5009.6,4742.1,-331.6999999999998,995.2000000000003,-4587.299999999999,1,0
2024-07-10,-760.3,-1690.1,2573.3,113.6,0.0,23.8,2435.8,4497.6,3648.4,849.2,0.0,234.1,3812.3,4742.1,-1197.3000000000002,-314.0,-6009.099999999999,1,1
2024-07-11,-711.5,665.3,3043.4,113.6,0.0,23.6,2906.2,2631.4,1751.4,880.1,0.0,253.3,6146.2,4769.3,2333.8999999999996,1899.0999999999995,-410.40000000000055,0,0
2024-07-12,-702.1,1019.3,3303.5,113.6,0.0,23.7,3166.2,2591.3,1751.4,840.0,0.0,307.2,6490.8,4769.3,344.60000000000036,2085.7,596.5,0,0
2024-07-15,-697.6,1119.0,3443.4,113.6,0.0,23.7,3306.2,2574.4,1751.3,823.2,0.0,250.0,6585.9,4769.3,95.09999999999945,1244.5999999999995,900.5999999999995,0,0
2024-07-16,-674.3,1081.1,3408.4,113.6,0.0,23.6,3271.2,2638.0,1751.2,886.8,0.0,310.8,6524.8,4769.3,-61.099999999999454,1515.1999999999998,1786.8000000000002,0,0
2024-07-17,-663.0,1820.7,4121.4,113.6,0.0,23.6,3984.2,2615.7,1751.2,864.5,0.0,315.1,7253.1,4769.3,728.3000000000002,3440.8,2262.5,0,0
2024-07-18,-639.1,1419.4,3817.9,0.0,0.0,21.7,3796.2,2711.6,1849.4,862.2,0.0,313.2,6827.8,4769.3,-425.3000000000002,681.6000000000004,2401.5,1,0
2024-07-19,-624.3,1602.9,3966.8,0.0,0.0,0.6,3966.2,2653.4,1849.4,803.9,0.0,289.4,6996.5,4769.3,168.69999999999982,505.6999999999998,2314.8,0,0
2024-07-22,-594.3,1767.0,4145.5,0.0,0.0,1.0,4144.5,2685.5,1849.4,836.1,0.0,307.0,7130.7,4769.3,134.19999999999982,544.8000000000002,2850.5999999999995,0,0
2024-07-23,-644.9,2044.6,4444.0,0.0,0.0,171.1,4272.9,2695.2,1849.4,845.8,0.0,295.8,7458.9,4769.3,328.1999999999998,934.0999999999995,3656.0999999999995,0,0
2024-07-24,-654.9,1929.2,4336.3,0.0,0.0,21.1,4315.2,2679.7,1849.4,830.3,0.0,272.7,7353.5,4769.3,-105.39999999999964,100.39999999999964,3271.4,0,0
2024-07-25,-703.2,1903.5,4486.6,0.0,0.0,221.2,4265.4,2774.3,1912.3,862.1,0.0,191.2,7376.0,4769.3,22.5,548.1999999999998,3495.0,0,0
2024-07-26,-619.5,1410.5,4164.8,0.0,0.0,470.4,3694.4,3053.9,1912.3,1141.6,0.0,299.7,6799.3,4769.3,-576.6999999999998,-197.19999999999982,3404.4,1,1
2024-07-29,-658.7,1862.5,4785.7,0.0,0.0,455.6,4330.0,3281.5,1897.3,1384.2,0.0,358.4,7290.6,4769.3,491.3000000000002,159.90000000000055,3673.7000000000003,0,0
2024-07-30,39.8,-1803.4,4609.2,0.0,0.0,470.5,4138.7,6854.3,1890.3,4964.0,0.0,441.7,2926.2,4769.3,-4364.400000000001,-4532.7,-409.8000000000002,1,1
2024-07-31,-683.9,-2127.1,3967.9,0.0,0.0,470.4,3497.5,6408.3,1888.8,4519.5,0.0,313.3,3326.2,4769.3,400.0,-4027.3,-675.6000000000004,0,0
2024-08-01,-685.1,-2223.6,3902.3,0.0,0.0,486.0,3416.4,6352.7,4470.0,1882.7,0.0,226.8,3230.9,4769.3,-95.29999999999973,-4145.1,-783.5,0,0
2024-08-02,-369.5,-2108.8,4134.1,0.0,0.0,450.2,3683.8,6357.4,4470.0,1887.4,0.0,114.5,3030.0,4769.3,-200.9000000000001,-3769.3,-1096.3000000000002,0,0
2024-08-05,-463.5,-2398.4,4174.5,0.0,0.0,450.7,3723.8,6668.6,4469.9,2198.7,0.0,95.6,2834.5,4769.3,-195.5,-4456.1,-1412.6000000000004,0,0
2024-08-06,-660.6,-2497.6,4149.2,0.0,0.0,456.8,3692.3,6683.4,4469.9,2213.5,0.0,36.7,2932.4,4769.3,97.90000000000009,6.200000000000273,-1472.7000000000003,0,0
2024-08-07,-691.1,-2573.0,4193.9,0.0,0.0,456.8,3737.0,6782.1,4469.9,2312.2,0.0,15.2,2887.5,4769.3,-44.90000000000009,-438.6999999999998,-2453.8,0,0
2024-08-08,-730.9,-2614.6,4188.9,0.0,0.0,456.8,3732.0,6866.3,5330.0,1536.3,0.0,62.8,2885.7,4769.3,-1.800000000000182,-345.2000000000003,-2123.9000000000005,0,0
2024-08-09,-706.2,-2771.0,3998.7,0.0,0.0,456.8,3541.8,6866.9,5330.0,1536.9,0.0,97.2,2704.5,4769.3,-181.19999999999982,-325.5,-1107.8000000000002,0,0
2024-08-12,-663.9,-2487.7,4110.3,0.0,0.0,450.7,3659.6,6724.7,5330.0,1394.7,0.0,126.8,2945.5,4769.3,241.0,111.0,-3200.7,0,0
2024-08-13,-638.8,-2230.3,4843.4,0.0,0.0,1080.6,3762.9,7191.4,5837.3,1354.0,0.0,117.7,3177.9,4769.3,232.4000000000001,245.5,-3312.9,0,0
2024-08-14,-608.1,-2409.4,4870.3,0.0,0.0,900.5,3969.9,7401.1,6112.1,1289.1,0.0,121.4,2968.0,4769.3,-209.9000000000001,80.5,-3617.8999999999996,0,0
2024-08-15,-614.1,-206.9,4199.2,0.0,0.0,466.7,3732.6,4538.6,3040.0,1498.6,0.0,132.5,5153.6,4746.3,2185.6000000000004,2267.9000000000005,-1371.1999999999998,0,0
2024-08-16,-392.6,-596.8,3759.7,0.0,0.0,467.2,3292.6,4511.5,3039.9,1471.6,0.0,155.0,4542.1,4746.3,-611.5,1837.6000000000004,-2711.0,1,1
2024-08-17,-631.5,-373.4,3981.7,0.0,0.0,467.6,3514.1,4516.9,3039.9,1477.0,0.0,161.8,5004.3,4746.3,462.1999999999998,2058.8,-1823.5,0,0
2024-08-18,-631.0,-373.4,3981.7,0.0,0.0,467.6,3514.1,4516.9,3039.9,1477.0,0.0,161.8,5003.8,4746.3,-0.5,1825.9,-1992.6999999999998,0,0
2024-08-19,-629.0,-373.4,3981.7,0.0,0.0,467.6,3514.1,4516.9,3039.9,1477.0,0.0,161.8,5001.9,4746.3,-1.9000000000005457,2033.8999999999996,-2128.8,0,0
2024-08-20,-624.2,-404.3,4009.6,0.0,0.0,467.0,3542.6,4553.0,3039.8,1513.2,0.0,139.1,4966.2,4746.3,-35.69999999999982,-187.40000000000055,-2492.7,0,0
2024-08-21,-641.7,-122.7,4026.6,0.0,0.0,467.0,3559.6,4289.0,3039.8,1249.2,0.0,139.7,5265.3,4746.3,299.10000000000036,723.1999999999998,-2088.2,0,0
2024-08-22,-636.6,-838.3,4013.5,0.0,0.0,466.9,3546.6,4969.0,3766.2,1202.8,0.0,117.2,4544.6,4746.3,-720.6999999999998,-459.6999999999998,-2831.3999999999996,1,1
2024-08-23,-622.5,-985.7,3824.6,0.0,0.0,467.0,3357.6,4936.0,3766.2,1169.7,0.0,125.8,4383.1,4746.3,-161.5,-620.6999999999998,-2416.2,0,0
2024-08-26,-511.8,-657.0,4057.0,0.0,0.0,467.4,3589.6,4908.2,3765.0,1143.1,0.0,194.2,4601.0,4746.3,217.89999999999964,-400.89999999999964,-2689.6000000000004,0,0
2024-08-27,-500.5,-1285.3,3879.5,0.0,0.0,466.9,3412.6,5307.8,3765.0,1542.7,0.0,143.0,3961.5,4746.3,-639.5,-1004.6999999999998,1035.3000000000002,1,1
2024-08-28,-665.1,-1485.6,3685.7,0.0,0.0,6.2,3679.6,5292.0,3765.0,1526.9,0.0,120.6,3925.7,4746.3,-35.80000000000018,-1339.6000000000004,599.5,0,0
2024-08-29,-536.3,-857.4,3358.8,0.0,0.0,11.1,3347.7,4292.8,2456.0,1836.8,0.0,76.6,4425.2,4746.3,499.5,-119.40000000000055,1194.2999999999997,0,0
2024-08-30,-583.5,-1150.3,3097.5,0.0,0.0,10.1,3087.4,4288.1,2456.0,1832.1,0.0,40.3,4179.4,4746.3,-245.80000000000018,-203.70000000000073,1149.3999999999996,0,0
2024-09-02,-625.5,133.7,4332.7,0.0,0.0,601.9,3730.8,4209.8,2456.0,1753.8,0.0,10.8,5505.5,4746.3,1326.1000000000004,904.5,2671.0,0,0
2024-09-03,-596.9,-612.4,3713.0,0.0,0.0,6.2,3706.8,4314.6,2456.0,1858.6,0.0,-10.8,4730.8,4746.3,-774.6999999999998,769.3000000000002,1798.4,1,1
2024-09-04,-574.9,-469.5,3844.5,0.0,0.0,6.1,3838.3,4328.2,2456.0,1872.2,0.0,14.2,4851.7,4746.3,120.89999999999964,926.0,1964.1999999999998,0,0
2024-09-05,-503.1,278.4,3903.2,0.0,0.0,2.8,3900.3,3719.9,1680.0,2039.9,0.0,95.1,5527.7,4746.3,676.0,1102.5,2642.0,0,0
2024-09-06,-538.5,860.0,4587.6,0.0,0.0,2.8,4584.7,3713.3,1677.9,2035.4,0.0,-14.3,6144.8,4746.3,617.1000000000004,1965.4000000000005,3440.3,0,0
2024-09-09,-525.2,780.8,4440.5,0.0,0.0,2.8,4437.7,3680.7,1677.8,2002.9,0.0,20.9,6052.2,4746.3,-92.60000000000036,546.6999999999998,3106.7,0,0
2024-09-10,-516.7,723.6,4544.5,0.0,0.0,2.8,4541.7,3828.7,1677.7,2151.0,0.0,7.8,5986.6,4746.3,-65.59999999999945,1255.8000000000002,2808.7000000000003,0,0
2024-09-11,-484.8,-1631.4,4360.1,0.0,0.0,2.8,4357.2,5982.2,2607.7,3374.5,0.0,-9.2,3599.7,4746.3,-2386.9000000000005,-1252.0,631.6999999999998,1,1
2024-09-12,-413.2,1002.8,4342.1,0.0,0.0,2.8,4339.3,3336.7,2156.8,1180.0,0.0,-2.6,6222.7,4806.6,2623.0,695.0,1069.0999999999995,0,0
2024-09-13,-389.3,1068.5,4334.0,0.0,0.0,2.8,4331.2,3259.2,2156.0,1103.3,0.0,-6.3,6264.4,4806.6,41.69999999999982,119.59999999999945,1722.2999999999993,0,0
2024-09-16,-347.9,1400.7,4614.4,0.0,0.0,32.9,4581.5,3194.8,2156.0,1038.9,0.0,-18.8,6555.2,4806.6,290.8000000000002,503.0,1550.8999999999996,0,0
2024-09-17,-351.4,856.9,4305.8,0.0,0.0,2.8,4303.0,3431.4,2156.0,1275.5,0.0,-17.5,6014.9,4806.6,-540.3000000000002,28.299999999999272,1011.0999999999995,1,1
2024-09-18,-334.9,543.2,4017.8,0.0,0.0,4.3,4013.5,3456.6,2155.3,1301.2,0.0,-18.1,5684.7,4806.6,-330.1999999999998,2085.0,682.8000000000002,1,0
2024-09-19,-311.0,-367.1,4157.8,0.0,0.0,103.4,4054.4,4539.8,3200.0,1339.8,0.0,14.8,4750.4,4806.6,-934.3000000000002,-1472.3000000000002,-215.80000000000018,1,1
2024-09-20,-317.5,-406.0,4142.9,0.0,0.0,102.9,4040.0,4547.7,3200.0,1347.7,0.0,-1.2,4718.0,4806.6,-32.399999999999636,-1546.3999999999996,-547.3000000000002,0,0
2024-09-23,-322.8,-267.0,4202.3,0.0,0.0,103.0,4099.3,4531.4,3199.9,1331.5,0.0,62.1,4862.4,4806.6,144.39999999999964,-1692.8000000000002,317.7999999999993,0,0
2024-09-24,-325.1,-446.0,4036.0,0.0,0.0,2.7,4033.3,4562.7,3199.8,1362.9,0.0,80.7,4685.7,4806.6,-176.69999999999982,-1329.1999999999998,302.59999999999945,0,0
2024-09-25,-381.2,-643.9,3867.0,0.0,0.0,2.7,3864.3,4648.1,3199.6,1448.5,0.0,137.2,4543.9,4806.6,-141.80000000000018,-1140.8000000000002,-57.100000000000364,0,0
2024-09-26,-367.7,-587.6,4076.0,0.0,0.0,2.7,4073.3,4789.1,3409.0,1380.1,0.0,125.5,4586.7,4806.6,42.80000000000018,-163.69999999999982,625.1999999999998,0,0
2024-09-27,-326.1,-527.5,4039.0,0.0,0.0,2.7,4036.3,4723.1,3368.3,1354.8,0.0,156.7,4605.3,4806.6,18.600000000000364,-112.69999999999982,679.6000000000004,0,0
2024-09-30,-364.9,-216.9,4463.2,0.0,0.0,2.9,4460.3,4766.7,3368.3,1398.4,0.0,86.6,4954.6,4806.6,349.3000000000002,92.20000000000073,529.4000000000005,0,0
2024-10-01,278.6,726.9,5402.3,0.0,0.0,392.3,5010.0,4880.2,3368.3,1511.9,0.0,204.9,5254.9,4806.6,300.2999999999993,569.1999999999998,1075.5,0,0
2024-10-02,231.5,462.2,5184.5,0.0,0.0,4.7,5179.8,4888.6,3368.3,1520.3,0.0,166.3,5037.3,4806.6,-217.59999999999945,493.40000000000055,-468.1999999999998,0,0
2024-10-03,105.2,-807.2,4533.0,0.0,0.0,4.8,4528.3,5497.6,4239.4,1258.2,0.0,157.3,3894.1,4806.6,-1143.2000000000003,-692.5999999999999,-836.7000000000003,1,1
2024-10-04,-110.8,-690.3,4658.4,0.0,0.0,102.7,4555.7,5507.3,4239.4,1268.0,0.0,158.6,4227.1,4806.6,333.00000000000045,-378.1999999999998,-624.5999999999995,0,0
2024-10-07,-116.1,-986.9,4491.4,0.0,0.0,2.7,4488.7,5765.3,4238.9,1526.4,0.0,287.0,3935.8,4806.6,-291.3000000000002,-1018.8000000000002,-1591.8999999999996,0,0
2024-10-08,-158.5,-1144.8,4854.9,0.0,0.0,2.8,4852.2,6204.9,4238.9,1966.1,0.0,205.2,3820.3,4806.6,-115.5,-1434.5999999999995,-2324.5,0,0
2024-10-09,-227.1,-2437.3,5129.7,0.0,0.0,72.9,5056.8,7751.9,6223.2,1528.6,0.0,184.9,2596.4,4806.6,-1223.9,-2440.9,-3455.7999999999997,1,1
2024-10-10,-10.2,583.0,4964.6,0.0,0.0,152.8,4811.8,4517.0,3448.0,1069.0,0.0,135.4,5518.6,4925.4,2922.2000000000003,1624.5000000000005,-468.0,0,0
2024-10-11,20.0,640.2,5004.6,0.0,0.0,152.7,4851.8,4524.4,3447.0,1077.4,0.0,160.0,5545.6,4925.4,27.0,1318.5,1945.9000000000005,0,0
2024-10-14,-11.3,797.8,5154.0,0.0,0.0,2.7,5151.3,4534.2,3447.0,1087.2,0.0,178.0,5734.5,4925.4,188.89999999999964,1798.6999999999998,-488.1999999999998,0,0
2024-10-15,36.2,805.4,5109.2,0.0,0.0,0.0,5109.2,4524.5,3446.9,1077.7,0.0,220.7,5694.6,4925.4,-39.899999999999636,1874.3000000000002,-569.7999999999993,0,0
2024-10-16,-15.5,501.7,4778.9,0.0,0.0,1.7,4777.2,4549.7,3446.7,1102.9,0.0,272.5,5442.7,4925.4,-251.90000000000055,2846.2999999999997,-1112.5,0,0
2024-10-17,40.3,910.9,4997.9,0.0,0.0,0.0,4997.9,4358.5,3142.7,1215.8,0.0,271.6,5796.0,4925.4,353.3000000000002,277.39999999999964,-218.89999999999964,0,0
2024-10-18,97.7,1326.7,5390.4,0.0,0.0,1.6,5388.9,4312.4,3140.6,1171.9,0.0,248.7,6154.5,4925.4,358.5,608.8999999999996,469.8000000000002,0,0
2024-10-21,30.5,1281.2,5369.3,0.0,0.0,408.4,4960.9,4258.3,3140.6,1117.8,0.0,170.3,6176.1,4925.4,21.600000000000364,441.60000000000036,1425.7000000000007,0,0
2024-10-22,37.2,1603.5,5746.3,0.0,0.0,407.9,5338.4,4321.6,3140.6,1181.0,0.0,178.8,6491.7,4925.4,315.59999999999945,797.0999999999995,1773.6999999999998,0,0
2024-10-23,13.4,1425.0,5640.4,0.0,0.0,408.0,5232.4,4314.5,3139.6,1174.9,0.0,99.2,6337.1,4925.4,-154.59999999999945,894.4000000000005,1474.7000000000007,0,0
2024-10-24,8.7,1497.3,5503.3,0.0,0.0,528.4,4974.9,4167.1,2915.8,1251.4,0.0,161.2,6414.1,4925.4,77.0,618.1000000000004,1728.4000000000005,0,0
2024-10-25,2.3,1386.0,5364.0,0.0,0.0,698.1,4665.9,4136.4,2915.7,1220.7,0.0,158.4,6309.2,4925.4,-104.90000000000055,154.69999999999982,1765.3000000000002,0,0
2024-10-28,18.2,4811.6,8551.3,0.0,0.0,2599.4,5951.9,4096.8,2900.6,1196.1,0.0,357.1,9718.9,4925.4,3409.7,3542.7999999999993,5132.2,0,0
2024-10-29,1388.1,1616.4,5358.7,0.0,0.0,2.6,5356.1,4329.6,2859.8,1469.8,0.0,587.3,5153.7,4925.4,-4565.2,-1338.0,548.3999999999996,1,1
2024-10-30,1146.5,1298.6,5102.4,0.0,0.0,3.7,5098.6,4351.5,2859.8,1491.7,0.0,547.8,5077.5,4925.4,-76.19999999999982,-1259.6000000000004,122.89999999999964,0,0
2024-10-31,816.1,-1202.4,4992.8,0.0,0.0,3.7,4989.1,6657.3,4740.7,1916.6,0.0,462.1,2907.0,4925.4,-2170.5,-3507.1000000000004,-2347.8999999999996,1,1
2024-11-01,359.4,-1571.1,4856.8,0.0,0.0,9.7,4847.1,6855.0,4740.7,2114.3,0.0,427.0,2994.9,4925.4,87.90000000000009,-3314.2999999999997,-2042.4,0,0
2024-11-02,198.8,-1510.7,4548.6,0.0,0.0,6.5,4542.1,6524.4,4740.7,1783.7,0.0,465.2,3216.0,4925.4,221.0999999999999,-6502.9,-678.0999999999999,0,0
2024-11-05,-71.2,-1811.1,4404.2,0.0,0.0,3.7,4400.5,6680.2,4740.7,1939.5,0.0,464.9,3185.6,4925.4,-30.40000000000009,-1968.1,-1041.5000000000005,0,0
2024-11-06,67.8,-1747.8,4692.0,0.0,0.0,3.7,4688.3,6890.1,4740.7,2149.5,0.0,450.3,3109.8,4925.4,-75.79999999999973,-1967.6999999999998,-826.0,0,0
2024-11-07,-137.0,-2342.5,4606.6,0.0,0.0,2.5,4604.1,7360.6,5275.3,2085.3,0.0,411.5,2719.9,4925.4,-389.9000000000001,-187.0999999999999,-1100.4,1,0
2024-11-08,-124.6,-2507.2,4258.6,0.0,0.0,2.5,4256.1,7201.0,5275.0,1925.9,0.0,435.2,2542.9,4925.4,-177.0,-452.0,-53.5,0,0
2024-11-11,-24.5,-2196.9,4418.3,0.0,0.0,2.5,4415.8,7056.1,5275.0,1781.0,0.0,440.8,2753.0,4925.4,210.0999999999999,-463.0,-2765.6000000000004,0,0
2024-11-12,-111.6,-1446.9,5281.2,0.0,0.0,2.5,5278.7,7137.7,5275.0,1862.7,0.0,409.6,3590.1,4925.4,837.0999999999999,404.5,-1955.5000000000005,0,0
2024-11-13,-55.7,-1949.2,5230.5,0.0,0.0,502.8,4727.7,7587.8,5698.3,1889.5,0.0,408.1,3032.0,4925.4,-558.0999999999999,-77.80000000000018,-2702.5,1,1
2024-11-14,15.1,543.9,4581.2,0.0,0.0,2.5,4578.7,4390.6,2692.5,1698.2,0.0,353.3,5548.3,5019.5,2516.3,2828.4,-146.30000000000018,0,0
2024-11-15,46.7,555.1,4568.1,0.0,0.0,3.6,4564.5,4379.3,2692.5,1686.8,0.0,366.3,5527.9,5019.5,-20.400000000000546,2984.9999999999995,85.19999999999982,0,0
2024-11-18,56.9,846.0,4931.5,0.0,0.0,2.4,4929.1,4432.7,2692.5,1740.2,0.0,347.2,5808.5,5019.5,280.60000000000036,3055.5,12.5,0,0
2024-11-19,39.7,486.3,4614.5,0.0,0.0,2.4,4612.1,4451.7,2692.0,1759.7,0.0,323.5,5466.1,5019.5,-342.39999999999964,1876.0000000000005,-688.3999999999996,1,0
2024-11-20,40.8,561.1,4672.3,0.0,0.0,2.5,4669.8,4461.6,2692.0,1769.6,0.0,350.4,5539.7,5019.5,73.59999999999945,2507.7,-636.4000000000005,0,0
2024-11-21,-37.7,511.0,4605.3,0.0,0.0,2.5,4602.8,4481.9,2760.2,1721.7,0.0,387.6,5568.1,5019.5,28.400000000000546,19.800000000000182,-923.5999999999995,0,0
2024-11-22,-46.0,809.3,4777.3,0.0,0.0,2.5,4774.8,4372.5,2757.2,1615.3,0.0,404.6,5874.8,5019.5,306.6999999999998,346.90000000000055,-462.3000000000002,0,0
2024-11-25,295.0,760.7,4929.4,0.0,0.0,2.5,4926.9,4519.8,2756.9,1762.9,0.0,351.0,5485.2,5019.5,-389.60000000000036,-323.3000000000002,-928.9000000000005,1,0
2024-11-26,437.3,1369.0,5420.2,0.0,0.0,2.4,5417.8,4473.5,2756.6,1716.9,0.0,422.3,5951.2,5019.5,466.0,485.09999999999945,-358.0,0,0
2024-11-27,-47.8,744.7,4994.2,0.0,0.0,2.6,4991.6,4627.8,2756.6,1871.2,0.0,378.3,5812.0,5019.5,-139.19999999999982,272.3000000000002,-3906.8999999999996,0,0
2024-11-28,250.1,353.0,4637.8,51.6,0.0,5.1,4581.1,4729.9,2884.1,1845.8,0.0,445.0,5122.3,5019.5,-689.6999999999998,-445.8000000000002,-31.399999999999636,1,1
2024-11-29,825.7,483.8,4783.7,51.6,0.0,8.9,4723.1,4733.7,2882.5,1851.1,0.0,433.8,4677.6,5019.5,-444.6999999999998,-1197.1999999999998,-399.89999999999964,1,0
2024-12-02,389.5,492.3,4756.6,51.6,0.0,25.6,4679.4,4695.4,2882.4,1813.1,0.0,431.1,5122.3,5019.5,444.6999999999998,-362.89999999999964,2215.3,0,0
2024-12-03,289.7,137.8,4446.5,51.6,0.0,4.7,4390.1,4660.6,2881.7,1778.9,0.0,351.9,4867.6,5019.5,-254.69999999999982,-1083.5999999999995,1872.7000000000003,0,0
2024-12-04,233.0,-383.9,3988.3,51.6,0.0,2.5,3934.2,4728.7,2861.7,1867.1,0.0,356.5,4402.6,5019.5,-465.0,-1409.3999999999996,1186.6000000000004,1,0
2024-12-05,86.7,486.7,4130.4,51.6,0.0,2.5,4076.3,3980.1,2087.4,1892.7,0.0,336.4,5419.5,5019.5,1016.8999999999996,297.1999999999998,2233.9,0,0
2024-12-06,855.6,374.8,3854.4,51.6,0.0,2.5,3800.3,3830.0,2087.4,1742.6,0.0,350.4,4538.7,5019.5,-880.8000000000002,-138.90000000000055,1428.8999999999996,1,1
2024-12-09,316.8,24.7,3627.8,51.6,0.0,2.5,3573.7,3939.1,2087.3,1851.8,0.0,335.9,4727.3,5019.5,188.60000000000036,-395.0,2007.4,0,0
2024-12-10,562.0,-704.5,3693.6,51.6,0.0,2.6,3639.4,4769.1,2087.3,2681.8,0.0,371.0,3753.0,5019.5,-974.3000000000002,-1114.6000000000004,1210.1,1,1
2024-12-11,348.4,-2430.6,3511.5,51.6,0.0,2.5,3457.4,6338.2,4199.7,2138.6,0.0,396.1,2240.4,5019.5,-1512.6,-2162.2000000000003,-512.5999999999999,1,1
2024-12-12,116.8,1098.6,4253.4,918.8,0.0,2.4,3332.1,3543.8,1890.6,1653.2,0.0,389.1,6118.2,5136.3,3877.7999999999997,698.6999999999998,2528.1,0,0
2024-12-13,931.8,2328.2,5403.1,918.8,0.0,83.2,4401.1,3511.0,1870.6,1640.3,0.0,436.1,6532.7,5136.3,414.5,1994.0,3500.7,0,0
2024-12-16,-133.1,2553.6,5586.5,918.8,0.0,251.6,4416.1,3465.6,1870.1,1595.4,0.0,432.7,7823.0,5136.3,1290.3000000000002,3095.7,2274.7,0,0
2024-12-17,215.0,2502.9,5540.5,918.5,0.0,247.9,4374.1,3469.7,1868.0,1601.7,0.0,432.0,7424.1,5136.3,-398.89999999999964,3671.1000000000004,1896.2000000000007,1,0
2024-12-18,-419.9,2304.7,5262.7,918.5,0.0,136.5,4207.7,3442.9,1868.0,1575.0,0.0,485.0,7860.9,5136.3,436.7999999999993,5620.5,2052.3999999999996,0,0
2024-12-19,-506.0,2705.1,5318.4,1193.2,0.0,3.5,4121.8,3088.7,1473.9,1614.8,0.0,475.5,8347.5,5136.3,486.60000000000036,2229.3,2881.3999999999996,0,0
2024-12-20,-489.3,2715.7,5318.9,1193.1,0.0,3.4,4122.4,3096.8,1473.9,1623.0,0.0,493.6,8341.3,5136.3,-6.200000000000728,1808.5999999999995,2801.5999999999995,0,0
2024-12-23,-574.6,1074.9,3970.9,1192.2,0.0,3.4,2775.3,3387.1,1473.8,1913.4,0.0,491.1,6785.8,5136.3,-1555.499999999999,-1037.1999999999998,1217.6999999999998,1,1
2024-12-24,73.6,1081.0,4281.8,1192.2,0.0,2.5,3087.1,3640.5,1473.8,2166.7,0.0,439.7,6143.7,5136.3,-642.1000000000004,-1280.4000000000005,268.89999999999964,1,1
2024-12-25,170.4,443.0,3807.4,1192.2,0.0,3.2,2612.0,3780.2,1473.8,2306.4,0.0,415.8,5408.9,5136.3,-734.8000000000002,-2452.0,-76.30000000000018,1,1
2024-12-26,-411.7,-901.5,3339.5,1405.4,0.0,5.7,1928.4,4651.6,3201.2,1450.4,0.0,410.6,4646.5,5136.3,-762.3999999999996,-3701.0,-1304.6999999999998,1,1
2024-12-27,-310.1,-2223.1,2511.9,1405.3,0.0,7.6,1099.0,5155.0,3196.6,1958.4,0.0,420.1,3223.3,5136.3,-1423.1999999999998,-5117.999999999999,-2588.7,1,1
2024-12-28,813.7,-1036.4,3218.2,1405.3,0.0,107.1,1705.7,4644.1,3196.6,1447.5,0.0,389.6,3286.2,5136.3,62.899999999999636,-3499.6000000000004,-1836.1000000000004,0,0
2024-12-30,845.2,46.1,3793.9,1405.3,0.0,9.9,2378.6,4226.2,2646.5,1579.7,0.0,478.4,4337.2,5136.3,1051.0,-1806.5,-340.40000000000055,0,0
2025-01-01,563.5,136.1,3883.9,1405.3,0.0,9.9,2468.6,4226.2,2646.5,1579.7,0.0,478.4,4708.8,5136.3,371.60000000000036,-700.0999999999995,-413.5,0,0
2025-01-03,563.5,136.1,3883.9,1405.3,0.0,9.9,2468.6,4226.2,2646.5,1579.7,0.0,478.4,4708.8,5136.3,0.0,62.30000000000018,-158.80000000000018,0,0
2025-01-06,533.1,-147.8,3760.4,1403.5,0.0,110.3,2246.6,4448.7,2646.5,1802.2,0.0,540.4,4455.3,5136.3,-253.5,1232.0,52.69999999999982,0,0
2025-01-08,401.5,-238.6,3775.4,1403.5,0.0,110.3,2261.6,4614.5,2646.5,1968.0,0.0,600.4,4496.2,5136.3,40.899999999999636,1210.0,-923.3000000000002,0,0
2025-01-09,407.1,-349.4,3773.8,1401.9,0.0,110.3,2261.6,4723.6,2646.5,2077.1,0.0,600.4,4379.8,5136.3,-116.39999999999964,42.600000000000364,-158.89999999999964,0,0
2025-01-10,-647.1,-1462.9,2792.7,1401.8,0.0,7.9,1383.0,4675.9,3112.0,1563.9,0.0,420.3,4320.6,5136.3,-59.19999999999982,-388.1999999999998,-406.6999999999998,0,0
2025-01-13,-520.6,-2125.3,2274.5,1401.6,0.0,7.8,865.1,4776.7,3112.0,1664.7,0.0,376.9,3531.6,5136.3,-789.0000000000005,-1177.2000000000003,-221.4000000000001,1,1
2025-01-14,-856.5,-2980.5,2508.5,1401.5,0.0,7.8,1099.1,5888.9,3111.9,2777.1,0.0,400.0,3012.3,5136.3,-519.2999999999997,-1443.0,771.9000000000001,1,1
2025-01-15,-546.2,-3377.9,3039.4,1401.5,0.0,7.8,1630.0,6850.4,5118.9,1731.5,0.0,433.1,2304.6,5136.3,-707.7000000000003,-2191.6,-3813.6,1,1
2025-01-16,-831.1,-624.1,2493.4,1394.7,0.0,7.8,1090.9,3510.5,2320.0,1190.5,0.0,393.0,5358.4,5151.4,3053.7999999999997,978.5999999999995,-1174.3000000000002,0,0
2025-01-17,-849.2,-904.8,2312.4,1394.7,0.0,7.7,909.9,3549.9,2320.0,1229.9,0.0,332.8,5095.9,5151.4,-262.5,775.2999999999993,-2727.1000000000004,0,0
2025-01-20,-824.1,-658.8,2478.9,1394.7,0.0,7.3,1076.9,3470.0,2320.0,1150.0,0.0,332.3,5316.8,5151.4,220.90000000000055,1785.2000000000003,-2107.3,0,0
2025-01-21,-868.2,-614.6,2673.6,1392.7,0.0,0.0,1280.9,3622.2,2320.0,1302.2,0.0,333.9,5405.0,5151.4,88.19999999999982,2392.7,-2455.8999999999996,0,0
2025-01-22,-877.2,-585.0,2697.3,1391.3,0.0,0.0,1305.9,3616.3,2320.0,1296.3,0.0,334.0,5443.6,5151.4,38.600000000000364,3139.0000000000005,-2903.8999999999996,0,0
2025-01-23,-906.8,-600.1,2610.0,1375.8,0.0,0.0,1234.2,3544.1,2379.9,1164.2,0.0,334.0,5458.1,5151.4,14.5,99.70000000000073,-2883.199999999999,0,0
2025-01-24,-967.1,-698.9,2579.1,1374.5,0.0,0.0,1204.6,3612.2,2379.9,1232.3,0.0,334.2,5419.6,5151.4,-38.5,323.7000000000007,-1366.1999999999998,0,0
2025-01-27,-1010.7,-477.2,2688.6,1373.9,0.0,0.0,1314.7,3543.9,2372.9,1171.0,0.0,378.0,5684.9,5151.4,265.2999999999993,368.09999999999945,-458.8000000000002,0,0
2025-01-28,-1050.2,-413.7,2707.6,1373.9,0.0,0.0,1333.7,3518.3,2372.7,1145.6,0.0,397.0,5787.9,5151.4,103.0,382.89999999999964,379.0,0,0
2025-01-29,-558.9,-643.7,2481.9,1373.9,0.0,0.0,1108.0,3516.1,2372.7,1143.4,0.0,390.6,5066.6,5151.4,-721.2999999999993,-377.0,420.10000000000036,1,1
2025-01-30,-1027.8,-983.7,2507.0,1365.1,0.0,7.2,1134.7,3881.3,2886.3,995.0,0.0,390.6,5195.5,5151.4,128.89999999999964,-262.60000000000036,1972.1999999999998,0,0
2025-01-31,-1049.4,-842.8,2709.1,1365.1,0.0,0.3,1343.7,3940.0,2885.8,1054.2,0.0,388.2,5358.0,5151.4,162.5,-61.600000000000364,2071.8,0,0
2025-02-03,-1067.7,-632.4,2908.6,1365.1,0.0,11.8,1531.7,3877.6,2885.8,991.8,0.0,336.6,5586.7,5151.4,228.69999999999982,-98.19999999999982,1249.5,0,0
2025-02-04,-1133.7,-376.7,3377.3,1365.1,0.0,0.5,2011.7,4091.7,2885.8,1205.9,0.0,337.7,5908.4,5151.4,321.6999999999998,120.5,1199.5999999999995,0,0
2025-02-05,-1134.4,-866.4,3089.1,1365.1,0.0,0.3,1723.7,4273.7,2885.8,1387.9,0.0,318.2,5419.4,5151.4,-489.0,352.7999999999993,710.5999999999995,1,0
2025-02-06,-1054.0,-1555.3,2936.2,1061.5,0.0,0.0,1874.7,4809.6,3040.0,1769.6,0.0,318.1,4650.0,5151.4,-769.3999999999996,-545.5,194.69999999999982,1,1
2025-02-07,-1018.0,-1712.5,2633.4,1061.5,0.0,0.2,1571.7,4664.2,3038.3,1625.9,0.0,318.3,4456.8,5151.4,-193.19999999999982,-901.1999999999998,-39.399999999999636,0,0
2025-02-10,-1015.9,-1883.6,2425.8,1060.8,0.0,0.1,1364.9,4629.0,3038.3,1590.7,0.0,319.5,4283.7,5151.4,-173.10000000000036,-1303.0,-96.10000000000036,0,0
2025-02-11,-1085.3,-925.2,3385.3,1060.8,0.0,0.0,2324.5,4630.0,3038.3,1591.7,0.0,319.4,5311.5,5151.4,1027.8000000000002,-596.8999999999996,990.8999999999996,0,0
2025-02-12,-1081.3,-1715.2,3168.1,1060.3,0.0,3.5,2104.3,5202.7,4083.2,1119.5,0.0,319.4,4517.5,5151.4,-794.0,-901.8999999999996,985.9000000000001,1,1
2025-02-13,-1051.6,-1496.0,1794.9,960.9,0.0,0.0,834.0,3610.4,2430.0,1180.4,0.0,319.4,4737.3,5181.7,219.80000000000018,87.30000000000018,1725.0,0,0
2025-02-14,-827.0,-1144.0,2152.5,960.9,0.0,0.0,1191.6,3616.2,2430.0,1186.2,0.0,319.6,4864.7,5181.7,127.39999999999964,407.89999999999964,2560.1,0,0
2025-02-17,-810.9,-1248.4,2065.9,960.7,0.0,0.0,1105.2,3633.8,2430.0,1203.8,0.0,319.4,4744.2,5181.7,-120.5,460.5,-614.1999999999998,0,0
2025-02-18,-931.8,-1291.2,2071.0,960.2,0.0,0.0,1110.7,3681.6,2430.0,1251.6,0.0,319.4,4822.3,5181.7,78.10000000000036,-489.1999999999998,-273.59999999999945,0,0
2025-02-19,-907.1,-910.5,2435.2,959.5,0.0,0.0,1475.7,3664.9,2430.0,1234.9,0.0,319.1,5178.3,5181.7,356.0,660.8000000000002,-138.5,0,0
2025-02-20,-916.0,-917.6,2332.8,859.1,0.0,0.0,1473.7,3568.0,2060.0,1508.0,0.0,317.6,5180.2,5181.7,1.8999999999996362,442.89999999999964,-224.80000000000018,0,0
2025-02-21,-903.2,-845.6,2370.8,859.1,0.0,0.0,1511.7,3532.6,2060.0,1472.6,0.0,316.1,5239.3,5181.7,59.100000000000364,374.60000000000036,-204.30000000000018,0,0
2025-02-24,-1006.2,-1030.0,2103.8,859.1,0.0,0.0,1244.7,3450.0,2060.0,1390.0,0.0,316.1,5157.9,5181.7,-81.40000000000055,413.6999999999998,-300.2000000000007,0,0
2025-02-25,-1109.5,-886.7,2283.8,859.1,0.0,0.0,1424.7,3484.9,2060.0,1424.9,0.0,314.3,5404.5,5181.7,246.60000000000036,582.1999999999998,-15.100000000000364,0,0
2025-02-26,-1143.0,-1036.8,2133.6,858.9,0.0,0.0,1274.7,3484.9,2060.0,1424.9,0.0,314.5,5287.9,5181.7,-116.60000000000036,109.59999999999945,-397.0,0,0
2025-02-27,-1158.6,-254.5,2597.1,555.8,0.0,0.1,2041.2,3163.8,1840.0,1323.8,0.0,312.1,6085.8,5181.7,797.9000000000005,905.6000000000004,297.90000000000055,0,0
2025-02-28,-1108.4,-155.8,2683.1,555.8,0.0,0.1,2127.2,3151.0,1829.9,1321.1,0.0,312.1,6134.4,5181.7,48.599999999999454,895.0999999999995,1067.7999999999993,0,0
2025-03-03,-1074.9,-482.1,2315.5,555.8,0.0,11.0,1748.7,3113.8,1829.9,1283.9,0.0,316.2,5774.5,5181.7,-359.89999999999964,616.6000000000004,579.0,1,0
2025-03-04,-1041.6,-558.7,2282.0,554.9,0.0,0.3,1726.9,3152.9,1829.9,1323.0,0.0,312.1,5664.5,5181.7,-110.0,260.0,306.5,0,0
2025-03-05,-1032.1,-1142.6,1714.9,554.9,0.0,0.1,1159.9,3170.8,1829.8,1341.0,0.0,313.3,5071.2,5181.7,-593.3000000000002,-216.69999999999982,-515.5,1,1
2025-03-06,-982.1,-990.9,2049.2,455.1,0.0,0.0,1594.0,3353.4,2310.0,1043.4,0.0,313.4,5172.9,5181.7,101.69999999999982,-912.9000000000005,-735.5,0,0
2025-03-07,-1054.4,-1025.0,1994.8,455.1,0.0,0.0,1539.6,3333.1,2310.0,1023.2,0.0,313.4,5211.2,5181.7,38.30000000000018,-923.1999999999998,-208.19999999999982,0,0
2025-03-10,-1069.9,-1131.8,1848.0,455.1,0.0,0.0,1392.8,3292.0,2298.0,994.1,0.0,312.3,5119.9,5181.7,-91.30000000000018,-654.6000000000004,469.89999999999964,0,0
2025-03-11,-1127.9,-560.7,2429.9,455.1,0.0,0.0,1974.8,3302.1,2297.9,1004.3,0.0,311.5,5749.0,5181.7,629.1000000000004,84.5,1292.1999999999998,0,0
2025-03-12,-1122.1,-1840.8,1585.2,451.5,0.0,0.0,1133.8,3737.5,2924.3,813.1,0.0,311.5,4463.0,5181.7,-1286.0,-608.1999999999998,179.30000000000018,1,1
2025-03-13,-1252.1,-1877.9,1141.5,350.2,0.0,0.0,791.3,3331.2,2045.0,1286.2,0.0,311.7,4438.9,5064.8,-24.100000000000364,-734.0,-872.6000000000004,0,0
2025-03-14,-1177.9,-1903.0,1176.5,350.2,0.0,0.0,826.3,3391.2,2043.0,1348.2,0.0,311.7,4339.7,5064.8,-99.19999999999982,-871.5,-177.80000000000018,0,0
2025-03-17,-1173.6,-1916.4,1131.5,350.2,0.0,0.0,781.3,3359.2,2043.0,1316.3,0.0,311.3,4322.0,5064.8,-17.699999999999818,-797.8999999999996,-415.3000000000002,0,0
2025-03-18,-1244.6,-807.7,2241.5,350.2,0.0,0.0,1891.3,3360.4,2041.5,1318.9,0.0,311.2,5501.7,5064.8,1179.6999999999998,-247.30000000000018,637.0,0,0
2025-03-19,-1200.7,-949.3,2107.5,350.2,0.0,0.0,1757.3,3367.7,2041.5,1326.3,0.0,310.9,5316.2,5064.8,-185.5,853.1999999999998,572.0,0,0
2025-03-20,-1229.9,-1029.3,1725.5,101.2,0.0,0.0,1624.3,3065.0,1260.0,1805.0,0.0,310.2,5265.4,5064.8,-50.80000000000018,826.5,443.09999999999945,0,0
2025-03-21,-1269.9,-1041.5,1683.9,101.2,0.0,0.0,1582.6,3034.3,1260.0,1774.3,0.0,309.0,5293.2,5064.8,27.800000000000182,953.5,114.89999999999964,0,0
2025-03-24,-1247.5,-1244.7,1442.9,101.2,0.0,0.0,1341.6,2994.0,1260.0,1734.0,0.0,306.4,5067.6,5064.8,-225.59999999999945,745.6000000000004,-112.59999999999945,0,0
2025-03-25,-1327.8,-1297.3,1481.9,101.2,0.0,0.0,1380.6,3085.3,1260.0,1825.3,0.0,306.2,5095.3,5064.8,27.699999999999818,-406.39999999999964,-144.0,0,0
2025-03-26,-1209.3,-935.5,1880.9,101.2,0.0,0.0,1779.7,3122.3,1259.8,1862.6,0.0,305.9,5338.5,5064.8,243.19999999999982,22.300000000000182,180.60000000000036,0,0
2025-03-27,-1290.4,-1036.1,1812.5,0.0,0.0,12.0,1800.6,3155.1,320.0,2835.1,0.0,306.5,5319.0,5064.8,-19.5,53.600000000000364,-85.5,0,0
2025-03-28,-1343.3,-541.4,2215.4,1503.5,0.0,2.3,709.6,3050.0,320.0,2730.0,0.0,293.3,5866.7,5064.8,547.6999999999998,573.5,578.8000000000002,0,0
2025-03-31,-767.0,-448.0,2305.7,1503.1,0.0,2.3,800.2,3047.1,320.0,2727.1,0.0,293.5,5383.9,5064.8,-482.8000000000002,316.2999999999993,-701.9000000000005,1,0
2025-04-01,-1302.1,-605.8,2155.4,0.0,0.0,48.6,2106.9,3177.9,320.0,2857.9,0.0,416.6,5761.1,5064.8,377.2000000000007,665.8000000000002,-373.2999999999993,0,0
2025-04-02,-1285.2,-1319.9,1404.9,0.0,0.0,2.3,1402.6,3018.8,320.0,2698.8,0.0,294.0,5030.1,5064.8,-731.0,-308.39999999999964,-744.3999999999996,1,1
2025-04-03,-1271.6,-1291.9,1425.9,0.0,0.0,2.2,1423.6,3013.8,210.0,2803.8,0.0,296.0,5044.5,5064.8,14.399999999999636,-274.5,-620.0,0,0
2025-04-04,-1237.8,-1264.6,1467.9,0.0,0.0,2.2,1465.6,3028.9,210.0,2818.9,0.0,296.5,5038.0,5064.8,-6.5,-828.6999999999998,-33.19999999999982,0,0
2025-04-07,-1175.5,-1250.3,1492.7,0.0,0.0,2.2,1490.5,3039.5,210.0,2829.5,0.0,296.6,4990.0,5064.8,-48.0,-393.89999999999964,-182.89999999999964,0,0
2025-04-08,-1246.6,-469.2,2322.8,811.0,0.0,2.4,1509.4,3088.3,210.0,2878.3,0.0,296.3,5842.2,5064.8,852.1999999999998,81.09999999999945,631.0,0,0
2025-04-09,-1227.8,-1056.2,2175.3,811.0,0.0,7.6,1356.7,3527.8,210.0,3317.8,0.0,296.3,5236.3,5064.8,-605.8999999999996,206.19999999999982,116.40000000000055,1,1
2025-04-10,-1277.7,-1338.1,1296.9,0.0,0.0,2.6,1294.2,2931.2,100.0,2831.2,0.0,296.3,4935.3,4995.7,-301.0,-109.19999999999982,-813.6999999999998,1,0
2025-04-11,-1266.1,-1450.4,1191.5,0.0,0.0,37.2,1154.2,2938.2,100.0,2838.2,0.0,296.4,4811.4,4995.7,-123.90000000000055,-226.60000000000036,348.39999999999964,0,0
2025-04-14,-1211.4,-1304.5,1314.1,0.0,0.0,29.4,1284.7,2914.9,100.0,2814.9,0.0,296.3,4902.6,4995.7,91.20000000000073,-87.39999999999964,463.7000000000007,0,0
2025-04-15,-1044.9,-1577.8,1088.5,0.0,0.0,22.3,1066.2,2962.4,99.4,2863.0,0.0,296.1,4462.8,4995.7,-439.8000000000002,-1379.3999999999996,123.10000000000036,1,0
2025-04-16,-1199.0,-1686.1,1048.2,0.0,0.0,15.0,1033.2,3030.3,99.3,2931.0,0.0,296.1,4508.6,4995.7,45.80000000000018,-727.6999999999998,186.60000000000036,0,0
2025-04-17,-1200.9,1.2,2712.2,1777.2,0.0,0.1,935.0,3009.2,0.0,3009.2,0.0,298.2,6197.8,4995.7,1689.1999999999998,1262.5,696.1000000000004,0,0
2025-04-18,-1182.7,61.8,2789.4,1777.2,0.0,0.0,1012.2,3025.4,0.0,3025.4,0.0,297.9,6240.3,4995.7,42.5,1428.9000000000005,924.1000000000004,0,0
2025-04-21,-1174.7,59.2,2779.3,1777.2,0.0,0.0,1002.2,3017.3,0.0,3017.3,0.0,297.1,6229.5,4995.7,-10.800000000000182,1326.8999999999996,964.1000000000004,0,0
2025-04-22,-1216.6,-282.8,2492.8,1777.2,0.0,0.0,715.7,3070.2,0.0,3070.2,0.0,294.5,5929.5,4995.7,-300.0,1466.6999999999998,636.3000000000002,1,0
2025-04-23,-1225.8,-322.8,2481.8,1777.2,0.0,0.0,704.7,3099.1,0.0,3099.1,0.0,294.5,5898.7,4995.7,-30.800000000000182,1390.0999999999995,831.0999999999995,0,0
2025-04-24,-1193.8,-1050.1,1747.3,903.7,0.0,0.0,843.7,3091.9,0.0,3091.9,0.0,294.5,5139.4,4995.7,-759.3000000000002,-1058.4000000000005,44.099999999999454,1,1
2025-04-25,-1194.8,-1165.9,1631.3,903.7,0.0,0.0,727.7,3091.6,0.0,3091.6,0.0,294.4,5024.7,4995.7,-114.69999999999982,-1215.6000000000004,-313.8000000000002,0,0
2025-04-28,-1150.1,-890.6,1819.6,903.3,0.0,0.0,916.3,3004.2,0.0,3004.2,0.0,294.1,5255.2,4995.7,230.5,-974.3000000000002,-63.80000000000018,0,0
2025-04-29,-678.9,-920.1,1722.4,901.3,0.0,0.0,821.1,2936.3,0.0,2936.3,0.0,293.8,4754.5,4995.7,-500.6999999999998,-1175.0,-1112.1999999999998,1,1
2025-04-30,-1350.8,-1232.1,1632.4,901.3,0.0,0.0,731.1,3158.3,0.0,3158.3,0.0,293.8,5114.5,4995.7,360.0,-784.1999999999998,-269.39999999999964,0,0
2025-05-02,-1271.4,-2226.5,605.9,200.8,0.0,0.0,405.1,3123.9,0.0,3123.9,0.0,291.5,4040.6,4995.7,-1073.9,-1098.7999999999997,-1720.5000000000005,1,1
2025-05-04,-1280.7,-2252.3,645.8,200.8,0.0,0.0,445.1,3189.6,0.0,3189.6,0.0,291.5,4024.1,4995.7,-16.5,-1000.5999999999999,-1006.0000000000005,0,0
2025-05-05,-1276.7,-2252.3,645.8,200.8,0.0,0.0,445.1,3189.6,0.0,3189.6,0.0,291.5,4020.1,4995.7,-4.0,-1235.1,-1024.4,0,0
2025-05-06,-1104.5,-1232.8,1440.8,200.8,0.0,0.0,1240.1,2964.9,0.0,2964.9,0.0,291.2,4867.4,4995.7,847.2999999999997,112.89999999999964,-170.60000000000036,0,0
2025-05-07,-1194.8,-1976.5,843.0,200.8,0.0,0.0,642.3,3114.1,500.0,2614.1,0.0,294.6,4214.0,4995.7,-653.3999999999996,-900.5,-776.0,1,1
2025-05-08,-1152.1,-1234.9,1377.8,883.6,0.0,0.0,494.3,2896.2,0.0,2896.2,0.0,283.5,4880.7,4963.4,666.6999999999998,840.0999999999999,-961.5,0,0
2025-05-10,-1150.2,-1195.6,1437.8,883.6,0.0,0.0,554.3,2917.0,0.0,2917.0,0.0,283.5,4918.0,4963.4,37.30000000000018,893.9000000000001,-318.3000000000002,0,0
2025-05-11,-1148.7,-1195.6,1437.8,883.6,0.0,0.0,554.3,2917.0,0.0,2917.0,0.0,283.5,4916.5,4963.4,-1.5,896.4000000000001,-18.800000000000182,0,0
2025-05-12,-1146.5,-1195.6,1437.8,883.6,0.0,0.0,554.3,2917.0,0.0,2917.0,0.0,283.5,4914.3,4963.4,-2.199999999999818,46.900000000000546,102.90000000000055,0,0
2025-05-13,-1255.9,-1293.6,1405.3,883.6,0.0,0.0,521.8,2981.3,0.0,2981.3,0.0,282.4,4925.8,4963.4,11.5,711.8000000000002,23.199999999999818,0,0
2025-05-14,-1230.3,-1209.4,1530.3,883.6,0.0,0.0,646.8,3022.1,0.0,3022.1,0.0,282.3,4984.4,4963.4,58.599999999999454,103.69999999999982,521.5999999999995,0,0
2025-05-15,-1227.5,-1054.3,1723.0,1044.2,0.0,0.0,678.8,3059.5,0.0,3059.5,0.0,282.3,5136.7,4963.4,152.30000000000018,218.69999999999982,628.0999999999995,0,0
2025-05-16,-1198.4,-1035.8,1733.6,1044.2,0.0,5.2,684.3,3051.6,0.0,3051.6,0.0,282.2,5126.1,4963.4,-10.599999999999454,209.60000000000036,-1071.6999999999998,0,0
2025-05-19,-1092.9,-896.1,1688.5,1043.3,0.0,0.0,645.3,2860.7,0.0,2860.7,0.0,276.0,5160.2,4963.4,34.099999999999454,245.89999999999964,-1080.1000000000004,0,0
2025-05-20,-1202.3,-837.0,1797.3,1042.9,0.0,5.2,749.3,2910.3,0.0,2910.3,0.0,276.0,5328.7,4963.4,168.5,402.89999999999964,-900.8000000000002,0,0
2025-05-21,-1219.1,-807.2,1866.4,1042.2,0.0,0.0,824.3,2948.8,0.0,2948.8,0.0,275.1,5375.3,4963.4,46.600000000000364,390.90000000000055,-554.1999999999998,0,0
2025-05-22,-1233.8,-1077.1,1624.0,869.7,0.0,0.0,754.3,2976.2,0.0,2976.2,0.0,275.1,5120.2,4963.4,-255.10000000000036,-16.5,-778.5,0,0
2025-05-23,-1263.9,-1096.8,1614.0,869.7,0.0,0.0,744.3,2985.9,0.0,2985.9,0.0,275.1,5130.5,4963.4,10.300000000000182,4.399999999999636,-8.899999999999636,0,0
2025-05-26,-1536.8,-923.8,1744.0,869.7,0.0,0.0,874.3,2940.9,0.0,2940.9,0.0,273.1,5576.5,4963.4,446.0,416.3000000000002,551.8000000000002,0,0
2025-05-27,-1554.6,-1098.5,1604.0,869.7,0.0,0.0,734.3,2974.7,0.0,2974.7,0.0,272.2,5419.5,4963.4,-157.0,90.80000000000018,164.30000000000018,0,0
2025-05-28,-1646.5,-1504.7,1191.0,869.7,0.0,0.0,321.3,2966.0,0.0,2966.0,0.0,270.3,5105.2,4963.4,-314.3000000000002,-270.10000000000036,350.6999999999998,1,0
2025-05-29,-1648.7,-1961.1,698.1,200.8,0.0,0.0,497.3,2932.3,0.0,2932.3,0.0,273.2,4651.1,4963.4,-454.09999999999945,-469.09999999999945,-463.39999999999964,1,0
2025-05-30,-1629.5,-2180.4,539.5,200.2,0.0,0.0,339.3,2992.4,0.0,2992.4,0.0,272.5,4412.5,4963.4,-238.60000000000036,-718.0,371.9000000000001,0,0
2025-06-02,-1545.7,-1801.7,884.6,200.2,0.0,15.2,669.3,2959.9,0.0,2959.9,0.0,273.7,4707.5,4963.4,295.0,-869.0,683.4000000000001,0,0
2025-06-03,-1580.8,-1764.1,939.9,200.2,0.0,0.0,739.7,2977.8,0.0,2977.8,0.0,273.8,4780.1,4963.4,72.60000000000036,-639.3999999999996,760.0000000000005,0,0
2025-06-04,-1541.9,-2639.7,745.7,200.2,0.0,0.0,545.5,3659.1,300.0,3359.1,0.0,273.7,3865.7,4963.4,-914.4000000000005,-1239.5,-1001.6999999999998,1,1
2025-06-05,-1473.6,-1660.8,1066.8,622.5,0.0,0.0,444.2,3001.4,0.0,3001.4,0.0,273.7,4772.8,4960.1,907.1000000000004,121.69999999999982,558.8000000000002,0,0
2025-06-06,-1352.8,-1420.6,1268.8,622.5,0.0,0.0,646.2,2962.4,0.0,2962.4,0.0,273.0,4892.3,4960.1,119.5,479.8000000000002,11.600000000000364,0,0
2025-06-09,-1160.3,-1743.4,1121.8,622.5,0.0,0.0,499.2,3141.2,0.0,3141.2,0.0,276.0,4377.0,4960.1,-515.3000000000002,-330.5,-541.0,1,1
2025-06-10,-1312.6,-1194.4,1428.7,622.5,0.0,0.0,806.1,2884.5,0.0,2884.5,0.0,261.4,5078.2,4960.1,701.1999999999998,298.09999999999945,161.69999999999982,0,0
2025-06-11,-1255.8,-1265.6,1395.2,622.5,0.0,0.0,772.6,2921.8,0.0,2921.8,0.0,261.0,4950.3,4960.1,-127.89999999999964,1084.6000000000004,36.0,0,0
2025-06-13,-1147.6,-1031.8,1636.8,923.6,0.0,0.0,713.2,2929.6,0.0,2929.6,0.0,261.1,5075.9,4960.1,125.59999999999945,303.09999999999945,150.09999999999945,0,0
2025-06-16,-1149.7,-1102.9,1636.8,923.6,0.0,0.0,713.2,3000.8,0.0,3000.8,0.0,261.1,5006.8,4960.1,-69.09999999999945,114.5,22.400000000000546,0,0
2025-06-17,-1176.1,-950.2,1746.8,923.6,0.0,0.0,823.2,2957.8,0.0,2957.8,0.0,260.8,5186.0,4960.1,179.19999999999982,809.0,49.30000000000018,0,0
2025-06-18,-1137.7,-1031.8,1746.4,923.1,0.0,0.0,823.2,3038.9,0.0,3038.9,0.0,260.7,5066.0,4960.1,-120.0,-12.199999999999818,-60.100000000000364,0,0
2025-06-19,-1055.2,-1128.6,1628.2,1024.0,0.0,0.0,604.2,3017.3,0.0,3017.3,0.0,260.5,4886.7,4960.1,-179.30000000000018,-63.600000000000364,-273.5,0,0
2025-06-20,-1059.1,-980.4,1688.2,1024.0,0.0,0.0,664.2,2928.9,0.0,2928.9,0.0,260.3,5038.8,4960.1,152.10000000000036,-37.099999999999454,-289.89999999999964,0,0
2025-06-23,-1028.6,-1061.7,1558.2,1024.0,0.0,0.0,534.3,2879.2,0.0,2879.2,0.0,259.3,4927.0,4960.1,-111.80000000000018,-79.80000000000018,-448.3000000000002,0,0
2025-06-24,-1116.6,-949.5,1767.2,1024.0,0.0,0.0,743.3,2971.9,0.0,2971.9,0.0,255.2,5127.2,4960.1,200.19999999999982,-58.80000000000018,7.0,0,0
2025-06-25,-1150.2,-1060.6,1570.7,1024.0,0.0,0.0,546.8,2888.8,0.0,2888.8,0.0,257.5,5049.7,4960.1,-77.5,-16.300000000000182,-80.80000000000018,0,0
2025-06-26,-1188.2,-1214.0,1453.8,1094.2,0.0,0.0,359.6,2925.0,0.0,2925.0,0.0,257.3,4934.4,4960.1,-115.30000000000018,47.69999999999982,-642.1000000000004,0,0
2025-06-27,-1215.2,-1152.3,1498.8,1094.2,0.0,0.0,404.6,2908.4,0.0,2908.4,0.0,257.3,5023.0,4960.1,88.60000000000036,-15.800000000000182,-396.5,0,0
2025-06-30,-1239.5,-776.8,1873.8,1094.2,0.0,0.0,779.6,2907.4,0.0,2907.4,0.0,256.8,5422.8,4960.1,399.8000000000002,495.8000000000002,317.60000000000036,0,0
2025-07-01,-1291.8,-1019.2,1749.8,1094.2,0.0,0.0,655.6,3082.3,0.0,3082.3,0.0,313.3,5232.7,4960.1,-190.10000000000036,105.5,581.5999999999995,0,0
2025-07-02,-1273.0,-1160.2,1504.5,1094.2,0.0,0.0,410.3,2922.0,0.0,2922.0,0.0,257.3,5072.9,4960.1,-159.80000000000018,23.199999999999818,660.3999999999996,0,0
2025-07-03,-1279.2,-1333.1,1302.0,1024.0,0.0,0.0,278.0,2892.3,0.0,2892.3,0.0,257.3,4906.2,4960.1,-166.69999999999982,-28.199999999999818,198.69999999999982,0,0
2025-07-04,-1237.7,-1153.6,1545.0,1024.0,0.0,0.0,521.0,2955.9,0.0,2955.9,0.0,257.2,5044.1,4960.1,137.90000000000055,21.100000000000364,264.0,0,0
2025-07-07,-1153.4,-867.1,1736.0,1024.0,0.0,0.0,712.0,2863.2,0.0,2863.2,0.0,260.2,5246.4,4960.1,202.29999999999927,-176.40000000000055,1380.6999999999998,0,0
2025-07-08,-1196.7,-954.7,1739.0,1024.0,0.0,0.0,715.0,2965.8,0.0,2965.8,0.0,272.1,5202.1,4960.1,-44.29999999999927,-30.599999999999454,429.3000000000002,0,0
2025-07-09,-1174.9,-794.6,2287.0,1024.0,0.0,0.0,1263.0,3375.4,0.0,3375.4,0.0,293.8,5340.3,4960.1,138.19999999999982,267.40000000000055,448.0,0,0
2025-07-10,-1160.0,-1293.7,1907.9,1013.9,0.0,0.0,894.0,3465.5,0.0,3465.5,0.0,263.9,4817.2,4950.9,-523.1000000000004,-89.0,440.1999999999998,1,1
2025-07-11,-1041.3,-1561.6,1873.3,1013.8,0.0,0.0,859.5,3698.7,0.0,3698.7,0.0,263.8,4430.7,4950.9,-386.5,-613.4000000000005,-647.5,1,0
2025-07-14,-1092.1,-1890.7,1580.8,1013.8,0.0,0.0,567.0,3736.6,0.0,3736.6,0.0,265.1,4152.4,4950.9,-278.3000000000002,-1094.0,-797.9000000000005,0,0
2025-07-15,-953.3,-2101.4,1494.0,1013.8,0.0,0.0,480.2,3858.7,0.0,3858.7,0.0,263.4,3802.9,4950.9,-349.49999999999955,-1399.2000000000003,-1272.9999999999995,1,0
2025-07-16,-1110.8,-1988.3,1538.0,1013.8,0.0,0.0,524.2,3789.3,0.0,3789.3,0.0,263.0,4073.5,4950.9,270.5999999999999,-1266.8000000000002,-933.3000000000002,0,0
2025-07-17,-1114.0,-2328.4,1498.3,709.1,0.0,0.0,789.2,4089.6,0.0,4089.6,0.0,262.9,3736.5,4950.9,-337.0,-1080.6999999999998,-1449.5,1,0
2025-07-18,-1112.6,-2146.9,1441.2,709.1,0.0,3.0,729.2,3851.0,0.0,3851.0,0.0,262.8,3916.7,4950.9,180.19999999999982,-514.0,-1149.3000000000002,0,0
2025-07-21,-1355.4,-2550.9,1208.3,709.1,0.0,0.0,499.2,4021.4,0.0,4021.4,0.0,262.1,3755.4,4950.9,-161.29999999999973,-396.99999999999955,-1131.2999999999997,0,0
2025-07-22,-1245.3,-2833.5,1388.3,709.1,0.0,0.0,679.2,4483.2,0.0,4483.2,0.0,261.5,3362.8,4950.9,-392.5999999999999,-440.0999999999999,-1676.0,1,0
2025-07-23,-1205.5,-2758.6,1358.3,709.1,0.0,0.0,649.2,4377.6,0.0,4377.6,0.0,260.6,3397.8,4950.9,35.0,-675.6999999999998,-1529.1999999999998,0,0
2025-07-24,-1377.3,-3077.4,1537.4,688.2,0.0,0.0,849.2,4875.4,0.0,4875.4,0.0,260.7,3250.9,4950.9,-146.9000000000001,-485.5999999999999,-1876.2999999999997,0,0
2025-07-25,-1356.0,-3164.9,1417.4,688.2,0.0,0.0,729.2,4843.3,0.0,4843.3,0.0,261.1,3142.1,4950.9,-108.80000000000018,-774.5999999999999,-1907.6,0,0
2025-07-28,-1125.1,-3124.0,1759.6,688.2,0.0,2.8,1068.7,5144.8,0.0,5144.8,0.0,261.1,2952.0,4950.9,-190.0999999999999,-803.4000000000001,-1982.3999999999996,0,0
2025-07-29,-1436.3,-691.1,2016.5,688.2,0.0,97.4,1230.9,2980.0,0.0,2980.0,0.0,272.4,5696.2,4950.9,2744.2,2333.3999999999996,673.1999999999998,0,0
2025-07-30,-1445.5,-965.8,1796.4,688.2,0.0,1.3,1106.9,3023.7,0.0,3023.7,0.0,261.5,5430.7,4951.0,-265.5,2032.8999999999996,7.899999999999636,0,0
2025-07-31,-1573.1,671.9,3365.5,2167.7,0.0,29.4,1168.4,2955.1,0.0,2955.1,0.0,261.5,7196.0,4951.0,1765.3000000000002,3945.1,1963.3000000000002,0,0
2025-08-01,-1627.7,578.2,3337.7,2167.7,0.0,46.1,1123.9,3023.4,0.0,3023.4,0.0,263.9,7156.9,4951.0,-39.100000000000364,4014.7999999999997,2084.0,0,0
2025-08-04,-1574.8,375.2,3269.1,2167.7,0.0,17.5,1083.9,3156.1,0.0,3156.1,0.0,262.3,6901.0,4951.0,-255.89999999999964,3949.0,1994.8000000000002,0,0
2025-08-05,-1506.6,533.7,3348.1,2167.7,0.0,16.5,1163.9,3076.6,0.0,3076.6,0.0,262.2,6991.3,4951.0,90.30000000000018,1295.1000000000004,1947.1999999999998,0,0
2025-08-06,-1564.9,561.0,3328.7,2167.7,0.0,17.1,1143.9,3030.2,0.0,3030.2,0.0,262.5,7076.8,4951.0,85.5,1646.1000000000004,1830.4000000000005,0,0
2025-08-07,-1533.9,273.9,3066.5,1605.6,0.0,0.0,1460.9,3055.3,0.0,3055.3,0.0,262.7,6758.8,4951.0,-318.0,-437.1999999999998,1556.6999999999998,1,0
2025-08-08,-1502.2,243.3,3080.8,1605.6,0.0,13.3,1461.9,3100.4,0.0,3100.4,0.0,262.9,6696.4,4951.0,-62.400000000000546,-460.5,1356.0999999999995,0,0
2025-08-11,-1431.8,96.3,2848.2,1605.6,0.0,3.7,1238.9,3014.8,0.0,3014.8,0.0,263.0,6479.2,4951.0,-217.19999999999982,-421.8000000000002,1662.0,0,0
2025-08-12,-1470.1,-22.3,3018.2,1605.6,0.0,3.7,1408.9,3302.6,0.0,3302.6,0.0,262.1,6398.9,4951.0,-80.30000000000018,-592.4000000000005,1968.1999999999998,0,0
2025-08-13,-1343.2,-1543.8,2943.2,1605.5,0.0,3.8,1333.9,4748.3,300.0,4448.3,0.0,261.4,4750.4,4951.0,-1648.5,-2326.4000000000005,598.0,1,1
2025-08-14,-1355.5,-1134.9,1806.3,501.8,0.0,15.7,1288.9,3202.5,0.0,3202.5,0.0,261.3,5224.2,5003.6,473.8000000000002,-1534.6000000000004,1421.2999999999997,0,0
2025-08-15,-1307.8,-1159.2,1751.0,501.8,0.0,20.4,1228.9,3171.4,0.0,3171.4,0.0,261.2,5152.2,5003.6,-72.0,-1544.1999999999998,1078.6999999999998,0,0
2025-08-18,-1217.4,-1052.0,1803.8,501.8,0.0,23.1,1278.9,3112.9,0.0,3112.9,0.0,257.1,5169.0,5003.6,16.800000000000182,-1310.1999999999998,1432.5,0,0
2025-08-19,-1242.2,-1252.1,1708.8,501.8,0.0,23.2,1183.9,3217.7,0.0,3217.7,0.0,256.8,4993.7,5003.6,-175.30000000000018,-1405.1999999999998,1077.0,0,0
2025-08-20,-1286.7,-1171.7,1772.1,501.8,0.0,22.5,1247.9,3195.3,0.0,3195.3,0.0,251.5,5118.5,5003.6,124.80000000000018,368.10000000000036,1363.1,0,0
2025-08-21,-1267.6,-1307.1,1633.9,311.1,0.0,0.0,1322.9,3192.2,0.0,3192.2,0.0,251.2,4964.1,5003.6,-154.39999999999964,-260.09999999999945,1601.3000000000002,0,0
2025-08-22,-1265.8,-1604.9,1338.9,311.1,0.0,0.0,1027.9,3194.5,0.0,3194.5,0.0,250.6,4664.5,5003.6,-299.60000000000036,-487.6999999999998,1266.6999999999998,0,0
2025-08-25,-1181.9,-1290.1,1548.0,310.2,0.0,0.0,1237.9,3088.6,0.0,3088.6,0.0,250.5,4895.4,5003.6,230.89999999999964,-273.60000000000036,1644.4999999999995,0,0
2025-08-26,-1287.1,-1541.7,1384.8,310.2,0.0,11.3,1063.4,3176.5,0.0,3176.5,0.0,250.0,4749.0,5003.6,-146.39999999999964,-244.69999999999982,1606.9,0,0
2025-08-27,-1285.4,-1555.8,1399.6,310.2,0.0,6.1,1083.4,3205.1,0.0,3205.1,0.0,249.7,4733.2,5003.6,-15.800000000000182,-385.3000000000002,1781.1999999999998,0,0
2025-08-28,-1324.6,-1511.9,1364.2,451.6,0.0,3.2,909.4,3125.5,0.0,3125.5,0.0,249.4,4816.3,5003.6,83.10000000000036,-147.80000000000018,-879.8999999999996,0,0
2025-08-29,-1292.7,-1345.8,1529.7,451.6,0.0,8.8,1069.4,3125.1,0.0,3125.1,0.0,249.6,4950.5,5003.6,134.19999999999982,286.0,-480.1999999999998,0,0
2025-09-01,-1185.3,-1224.0,1771.4,451.5,0.0,31.5,1288.4,3243.4,0.0,3243.4,0.0,248.0,4964.9,5003.6,14.399999999999636,69.5,-2231.1000000000004,0,0
2025-09-02,-1207.0,-1334.9,1673.4,451.1,0.0,18.9,1203.4,3256.2,0.0,3256.2,0.0,247.9,4875.7,5003.6,-89.19999999999982,126.69999999999982,-2281.2,0,0
2025-09-03,-1164.5,-1122.3,1786.9,451.1,0.0,7.4,1328.4,3157.1,0.0,3157.1,0.0,247.9,5045.8,5003.6,170.10000000000036,312.60000000000036,-1855.1999999999998,0,0
2025-09-04,-1130.9,-1212.8,1700.3,561.9,0.0,0.0,1138.4,3161.2,0.0,3161.2,0.0,248.1,4921.7,5003.6,-124.10000000000036,105.39999999999964,-2069.6000000000004,0,0
2025-09-05,-1082.5,-1119.7,1765.3,561.9,0.0,0.0,1203.4,3133.1,0.0,3133.1,0.0,248.1,4966.4,5003.6,44.69999999999982,15.899999999999636,-2110.4000000000005,0,0
2025-09-08,-1023.5,-1084.8,1785.3,561.9,0.0,0.0,1223.4,3117.7,0.0,3117.7,0.0,247.6,4942.3,5003.6,-24.099999999999454,-22.599999999999454,-1816.5,0,0
2025-09-09,-1086.3,345.4,3296.1,561.9,0.0,1500.8,1233.4,3198.3,0.0,3198.3,0.0,247.6,6435.3,5003.6,1493.0,1559.6000000000004,-261.09999999999945,0,0
2025-09-10,-1019.4,52.6,3100.8,1412.4,0.0,1.6,1686.9,3296.0,0.0,3296.0,0.0,247.9,6075.6,5003.6,-359.6999999999998,1029.8000000000002,-403.59999999999945,1,0
2025-09-11,-771.4,-2309.1,1679.0,749.6,0.0,26.0,903.3,4235.1,0.0,4235.1,0.0,247.1,3542.9,5080.5,-2532.7000000000003,-1378.7999999999997,-2855.9999999999995,1,1
2025-09-12,-991.3,-2775.0,1610.6,749.1,0.0,38.1,823.3,4632.8,0.0,4632.8,0.0,247.2,3296.8,5080.5,-246.0999999999999,-1669.5999999999995,-1453.5999999999995,0,0
2025-09-15,-962.7,-2744.2,1709.6,749.1,0.0,57.1,903.3,4700.8,0.0,4700.8,0.0,247.1,3299.1,5080.5,2.299999999999727,-1643.2000000000003,-1925.1,0,0
2025-09-16,-1029.1,-497.8,2352.2,748.6,0.0,80.3,1523.3,3096.4,0.0,3096.4,0.0,246.5,5611.9,5080.5,2312.7999999999997,-823.4000000000005,459.6999999999998,0,0
2025-09-17,-1014.9,-840.0,2022.4,748.2,0.0,70.9,1203.3,3108.9,0.0,3108.9,0.0,246.5,5255.4,5080.5,-356.5,-820.2000000000007,86.39999999999964,1,0
2025-09-18,-967.1,-254.8,2656.2,1334.4,0.0,8.5,1313.3,3155.4,0.0,3155.4,0.0,244.3,5792.8,5080.5,537.4000000000005,2249.9,799.1000000000004,0,0
2025-09-19,-865.6,-423.6,2492.7,1334.4,0.0,15.0,1143.3,3160.9,0.0,3160.9,0.0,244.6,5522.5,5080.5,-270.3000000000002,2225.7,404.0,0,0
2025-09-22,-815.3,-242.8,2588.6,1334.4,0.0,0.9,1253.3,3077.7,0.0,3077.7,0.0,246.3,5653.0,5080.5,130.5,2353.9,688.8999999999996,0,0
2025-09-23,-948.3,-549.4,2436.9,1332.8,0.0,25.8,1078.3,3232.6,0.0,3232.6,0.0,246.3,5479.4,5080.5,-173.60000000000036,-132.5,814.8999999999996,0,0
2025-09-24,-932.9,-467.7,2384.8,1332.7,0.0,13.8,1038.3,3099.2,0.0,3099.2,0.0,246.7,5545.7,5080.5,66.30000000000018,290.3000000000002,650.3000000000002,0,0
2025-09-25,-876.8,-594.1,2362.1,1304.3,0.0,4.5,1053.3,3202.9,0.0,3202.9,0.0,246.7,5363.2,5080.5,-182.5,-429.60000000000036,614.1999999999998,0,0
2025-09-26,-857.9,-494.9,2414.0,1304.2,0.0,6.4,1103.3,3155.7,0.0,3155.7,0.0,246.8,5443.5,5080.5,80.30000000000018,-79.0,710.3000000000002,0,0
2025-09-29,-807.4,-52.6,2749.0,1302.7,0.0,20.0,1426.3,3047.3,0.0,3047.3,0.0,245.7,5835.4,5080.5,391.89999999999964,182.39999999999964,1019.0999999999995,0,0
2025-09-30,-853.2,-566.0,2223.2,1302.3,0.0,4.5,916.4,3035.2,0.0,3035.2,0.0,245.9,5367.7,5080.5,-467.6999999999998,-111.69999999999982,417.1999999999998,1,0
2025-10-01,-868.3,-334.4,2505.5,1301.7,0.0,4.5,1199.2,3255.5,0.0,3255.5,0.0,415.6,5614.4,5080.5,246.69999999999982,68.69999999999982,649.5,0,0
2025-10-02,-877.6,-78.0,2745.1,1494.9,0.0,0.0,1250.2,3076.6,0.0,3076.6,0.0,253.6,5880.2,5080.5,265.8000000000002,517.0,1004.5,0,0
2025-10-03,-776.8,-600.4,2113.1,1494.9,0.0,0.0,618.2,3018.3,0.0,3018.3,0.0,304.9,5256.9,5080.5,-623.3000000000002,-186.60000000000036,211.09999999999945,1,1
2025-10-06,-775.0,-763.2,1950.8,1494.1,0.0,3.6,453.2,3018.9,0.0,3018.9,0.0,304.8,5092.3,5080.5,-164.59999999999945,-743.0999999999995,170.60000000000036,0,0
2025-10-07,-824.8,363.9,3166.2,1494.1,0.0,814.0,858.2,3107.0,0.0,3107.0,0.0,304.7,6269.3,5080.5,1177.0,901.6000000000004,1302.9000000000005,0,0
2025-10-08,-783.0,-670.7,2399.9,1494.1,0.0,3.6,902.2,3372.0,0.0,3372.0,0.0,301.5,5192.9,5080.5,-1076.4000000000005,-421.5,250.59999999999945,1,1
2025-10-09,-659.4,-497.6,2337.8,1464.8,0.0,4.9,868.1,3124.6,0.0,3124.6,0.0,289.2,5347.2,5185.4,154.30000000000018,-533.0,-1088.1000000000004,0,0
2025-10-10,-525.4,-200.4,2638.8,1464.0,0.0,6.7,1168.1,3128.3,0.0,3128.3,0.0,289.2,5510.4,5185.4,163.19999999999982,253.5,-565.2000000000007,0,0
2025-10-13,-472.0,51.0,2849.9,1462.5,0.0,23.3,1364.1,3088.7,0.0,3088.7,0.0,289.8,5708.4,5185.4,198.0,616.0999999999995,2165.4999999999995,0,0
2025-10-14,-573.5,174.1,2992.1,1462.5,0.0,15.6,1514.1,3106.7,0.0,3106.7,0.0,288.7,5933.0,5185.4,224.60000000000036,-336.3000000000002,2636.2,0,0
2025-10-15,-587.8,137.3,2976.5,1462.5,0.0,9.9,1504.1,3131.6,0.0,3131.6,0.0,292.3,5910.5,5185.4,-22.5,717.6000000000004,2611.4,0,0
2025-10-16,-566.2,-371.2,2491.4,993.3,0.0,0.0,1498.1,3154.6,0.0,3154.6,0.0,292.0,5380.4,5185.4,-530.1000000000004,33.19999999999982,-231.5,1,1
2025-10-17,-523.4,-444.0,2432.0,992.8,0.0,0.0,1439.2,3177.9,0.0,3177.9,0.0,302.0,5264.8,5185.4,-115.59999999999945,-245.59999999999945,9.400000000000546,0,0
2025-10-20,-468.3,-246.1,2621.9,992.8,0.0,0.0,1629.1,3167.8,0.0,3167.8,0.0,299.8,5407.6,5185.4,142.80000000000018,-300.7999999999993,-385.1999999999998,0,0
2025-10-21,-513.0,-262.3,2621.9,992.8,0.0,0.0,1629.1,3188.5,0.0,3188.5,0.0,304.3,5436.0,5185.4,28.399999999999636,-497.0,-86.5,0,0
2025-10-22,-513.0,-556.1,2356.9,992.8,0.0,0.0,1364.1,3213.7,0.0,3213.7,0.0,300.7,5142.3,5185.4,-293.6999999999998,-768.1999999999998,-510.6999999999998,0,0
2025-10-23,-579.0,-817.4,2141.0,591.9,0.0,0.0,1549.1,3260.2,0.0,3260.2,0.0,301.7,4947.0,5185.4,-195.30000000000018,-433.39999999999964,-532.3999999999996,0,0
2025-10-24,-569.7,-773.2,2178.0,591.1,0.0,2.8,1584.1,3252.9,0.0,3252.9,0.0,301.7,4981.9,5185.4,34.899999999999636,-282.90000000000055,-563.8000000000002,0,0
2025-10-27,-544.1,-401.7,2536.8,590.5,0.0,56.2,1890.1,3237.8,0.0,3237.8,0.0,299.3,5327.9,5185.4,346.0,-79.70000000000073,-35.30000000000018,0,0
2025-10-28,-651.6,-580.0,2155.4,590.5,0.0,51.8,1513.1,3034.7,0.0,3034.7,0.0,299.3,5257.0,5185.4,-70.89999999999964,-179.0,-186.5,0,0
2025-10-29,-274.6,-572.6,2085.3,589.0,0.0,51.2,1445.1,2974.2,0.0,2974.2,0.0,316.3,4887.4,5185.4,-369.60000000000036,-254.90000000000055,-948.0,1,0
2025-10-30,-663.6,285.9,2980.5,1685.4,0.0,15.0,1280.1,3004.1,0.0,3004.1,0.0,309.5,6134.8,5185.4,1247.4000000000005,1187.8000000000002,767.1000000000004,0,0
2025-10-31,-557.0,-717.5,2010.5,1685.4,0.0,0.0,325.1,2982.5,0.0,2982.5,0.0,254.4,5024.9,5185.4,-1109.9000000000005,43.0,-589.5,1,1
2025-11-01,-603.4,-1092.8,1710.4,1685.4,0.0,0.0,25.1,3057.3,0.0,3057.3,0.0,254.1,4696.0,5185.4,-328.89999999999964,-631.8999999999996,-1184.1999999999998,1,0
2025-11-03,-555.6,-964.7,1860.4,1685.4,0.0,0.0,175.1,3079.3,0.0,3079.3,0.0,254.1,4776.3,5185.4,80.30000000000018,-480.6999999999998,-480.59999999999945,0,0
2025-11-05,-569.5,-980.1,1860.0,1684.9,0.0,0.0,175.1,3094.2,0.0,3094.2,0.0,254.1,4774.7,5185.4,-1.6000000000003638,-112.69999999999982,-317.60000000000036,0,0
2025-11-06,-472.4,-597.8,2426.8,2126.7,0.0,0.0,300.1,3281.4,0.0,3281.4,0.0,256.8,5060.1,5185.4,285.40000000000055,-1074.6999999999998,-1209.1999999999998,0,0
2025-11-07,-561.1,-800.5,2151.8,2126.7,0.0,0.0,25.1,3214.1,0.0,3214.1,0.0,261.7,4945.9,5185.4,-114.20000000000073,-79.0,-247.0,0,0
2025-11-10,-480.2,-821.6,2151.8,2126.7,0.0,0.0,25.1,3235.1,0.0,3235.1,0.0,261.7,4844.0,5185.4,-101.89999999999964,148.0,-503.1999999999998,0,0
2025-11-11,-555.9,-700.3,2331.8,2126.7,0.0,0.0,205.1,3293.8,0.0,3293.8,0.0,261.7,5041.0,5185.4,197.0,264.6999999999998,-469.39999999999964,0,0
2025-11-12,-497.3,149.0,3349.2,2977.1,0.0,0.0,372.1,3462.2,0.0,3462.2,0.0,262.0,5831.7,5185.4,790.6999999999998,1057.0,123.30000000000018,0,0
2025-11-13,-415.9,-569.5,2482.4,2317.3,0.0,0.0,165.1,3314.4,0.0,3314.4,0.0,262.4,5049.7,5203.3,-782.0,-10.400000000000546,-883.3000000000002,1,1
2025-11-14,-375.2,-687.8,2342.4,2317.3,0.0,0.0,25.1,3292.6,0.0,3292.6,0.0,262.4,4890.7,5203.3,-159.0,-55.19999999999982,-1019.8000000000002,0,0
2025-11-17,-303.8,-721.8,2342.4,2317.3,0.0,0.0,25.1,3325.6,0.0,3325.6,0.0,261.3,4785.2,5203.3,-105.5,-58.80000000000018,-595.1999999999998,0,0
2025-11-18,-290.8,-757.7,2342.4,2317.3,0.0,0.0,25.1,3361.4,0.0,3361.4,0.0,261.3,4736.4,5203.3,-48.80000000000018,-304.60000000000036,-528.4000000000005,0,0
2025-11-19,-276.7,-764.4,2342.4,2317.3,0.0,0.0,25.1,3363.7,0.0,3363.7,0.0,256.8,4715.5,5203.3,-20.899999999999636,-1116.1999999999998,-692.1000000000004,0,0
2025-11-20,-260.2,-299.7,2864.1,2839.0,0.0,0.0,25.1,3425.8,0.0,3425.8,0.0,262.0,5163.8,5203.3,448.3000000000002,114.10000000000036,-272.1999999999998,0,0
2025-11-21,-251.2,-306.7,2858.2,2833.4,0.0,0.0,24.8,3426.3,0.0,3426.3,0.0,261.4,5147.9,5203.3,-15.900000000000546,257.1999999999998,5.599999999999454,0,0
2025-11-24,-244.5,-377.9,2857.8,2832.9,0.0,0.0,24.8,3496.4,0.0,3496.4,0.0,260.7,5069.9,5203.3,-78.0,284.6999999999998,122.89999999999964,0,0
2025-11-25,-261.2,-265.9,2997.2,2832.3,0.0,0.0,164.8,3519.3,0.0,3519.3,0.0,256.2,5198.5,5203.3,128.60000000000036,462.10000000000036,216.60000000000036,0,0
2025-11-26,-330.7,-401.6,2857.2,2832.3,0.0,0.0,24.8,3515.2,0.0,3515.2,0.0,256.5,5132.4,5203.3,-66.10000000000036,416.89999999999964,-195.5,0,0
2025-11-27,-350.9,-255.5,3018.8,2859.0,0.0,0.0,159.8,3530.8,0.0,3530.8,0.0,256.5,5298.7,5203.3,166.30000000000018,134.89999999999964,41.69999999999982,0,0
2025-11-28,-296.9,-335.6,2882.0,2857.2,0.0,0.0,24.8,3466.5,0.0,3466.5,0.0,248.9,5164.6,5203.3,-134.09999999999945,16.700000000000728,277.2000000000007,0,0
2025-12-01,-176.4,-152.7,3039.8,2857.1,0.0,0.0,182.6,3452.1,0.0,3452.1,0.0,259.7,5227.0,5203.3,62.399999999999636,157.10000000000036,-907.8000000000002,0,0
2025-12-02,-269.7,-217.1,2932.7,2857.1,0.0,0.0,75.6,3407.2,0.0,3407.2,0.0,257.3,5255.9,5203.3,28.899999999999636,57.399999999999636,231.0,0,0
2025-12-03,-244.7,-198.8,2907.6,2856.8,0.0,0.0,50.8,3368.8,0.0,3368.8,0.0,262.3,5249.2,5203.3,-6.699999999999818,116.80000000000018,553.1999999999998,0,0
2025-12-04,-149.3,135.9,3305.2,3280.4,0.0,0.0,24.8,3431.5,0.0,3431.5,0.0,262.3,5488.5,5203.3,239.30000000000018,189.80000000000018,712.1999999999998,0,0
2025-12-05,-125.2,169.9,3351.2,3280.4,0.0,0.0,70.8,3443.5,0.0,3443.5,0.0,262.3,5498.4,5203.3,9.899999999999636,333.7999999999993,723.6999999999998,0,0
2025-12-08,-67.4,264.5,3351.2,3280.4,0.0,0.0,70.8,3349.6,0.0,3349.6,0.0,262.9,5535.2,5203.3,36.80000000000018,308.1999999999998,475.09999999999945,0,0
2025-12-09,-73.5,975.2,4103.6,3280.4,0.0,752.4,70.8,3391.3,0.0,3391.3,0.0,262.9,6252.0,5203.3,716.8000000000002,996.1000000000004,1306.1000000000004,0,0
2025-12-10,-126.3,1945.0,5271.2,3280.4,0.0,1535.0,455.8,3589.1,0.0,3589.1,0.0,262.9,7274.6,5203.3,1022.6000000000004,2025.4000000000005,2430.6000000000004,0,0
2025-12-11,16.8,-66.6,3214.9,3190.1,0.0,0.0,24.8,3544.4,0.0,3544.4,0.0,262.8,5224.1,5307.6,-2050.5,-264.39999999999964,183.10000000000036,1,1
2025-12-12,62.8,-114.9,3212.4,3187.6,0.0,0.0,24.8,3590.4,0.0,3590.4,0.0,263.1,5129.8,5307.6,-94.30000000000018,-368.59999999999945,-701.8999999999996,0,0
2025-12-15,178.9,-47.3,3212.4,3187.6,0.0,0.0,24.8,3517.7,0.0,3517.7,0.0,258.0,5081.3,5307.6,-48.5,-453.89999999999964,31.600000000000364,0,0
2025-12-16,157.4,-24.4,3212.4,3187.6,0.0,0.0,24.8,3495.1,0.0,3495.1,0.0,258.3,5125.7,5307.6,44.399999999999636,-1126.3000000000002,235.0,0,0
2025-12-17,199.9,-78.9,3212.5,3187.6,0.0,0.0,24.9,3549.3,0.0,3549.3,0.0,257.8,5028.7,5307.6,-97.0,-2245.9000000000005,243.5,0,0
2025-12-18,204.9,153.5,3455.6,3430.8,0.0,0.0,24.8,3559.3,0.0,3559.3,0.0,257.2,5256.2,5307.6,227.5,32.099999999999454,519.8000000000002,0,0
2025-12-19,232.1,132.2,3455.6,3430.8,0.0,0.0,24.8,3580.2,0.0,3580.2,0.0,256.8,5207.7,5307.6,-48.5,77.89999999999964,492.1999999999998,0,0
2025-12-22,332.2,180.7,3454.4,3429.6,0.0,0.0,24.8,3523.1,0.0,3523.1,0.0,249.4,5156.1,5307.6,-51.599999999999454,74.80000000000018,-7.699999999999818,0,0
2025-12-23,223.5,284.3,3500.4,3429.6,0.0,0.0,70.8,3513.5,0.0,3513.5,0.0,297.4,5368.4,5307.6,212.29999999999927,242.69999999999982,220.5,0,0
2025-12-24,251.8,256.7,3490.6,3428.3,0.0,17.6,44.8,3482.0,0.0,3482.0,0.0,248.1,5312.5,5307.6,-55.899999999999636,283.8000000000002,242.60000000000036,0,0
2025-12-25,341.2,804.0,4164.4,3639.6,0.0,0.0,524.8,3607.7,0.0,3607.7,0.0,247.2,5770.3,5307.6,457.8000000000002,514.1000000000004,571.8000000000002,0,0
2025-12-26,462.8,492.3,3764.4,3639.6,0.0,0.0,124.8,3512.2,0.0,3512.2,0.0,240.1,5337.1,5307.6,-433.1999999999998,129.40000000000055,204.70000000000073,1,0
2025-12-29,904.2,885.9,4012.0,3637.2,0.0,0.0,374.8,3402.1,0.0,3402.1,0.0,276.0,5289.3,5307.6,-47.80000000000018,133.19999999999982,-9.399999999999636,0,0
2025-12-30,790.1,504.8,3767.6,3637.2,0.0,1.9,128.5,3640.1,0.0,3640.1,0.0,377.2,5022.2,5307.6,-267.10000000000036,-346.1999999999998,-142.40000000000055,0,0
2025-12-31,748.2,1141.4,5588.9,4731.3,0.0,377.7,479.9,4809.0,0.0,4809.0,0.0,361.6,5700.7,5307.6,678.5,388.1999999999998,473.6999999999998,0,0
2026-01-01,587.0,1106.3,5576.2,4731.3,0.0,377.7,467.2,4831.5,0.0,4831.5,0.0,361.6,5826.8,5307.6,126.10000000000036,56.5,570.9000000000005,0,0
2026-01-05,607.9,1082.8,5576.2,4731.3,0.0,377.7,467.2,4855.0,0.0,4855.0,0.0,361.6,5782.5,5307.6,-44.30000000000018,445.39999999999964,533.3000000000002,0,0
2026-01-06,485.9,1004.5,5576.2,4731.3,0.0,377.7,467.2,4933.3,0.0,4933.3,0.0,361.6,5826.2,5307.6,43.69999999999982,536.8999999999996,337.6999999999998,0,0
2026-01-08,492.8,966.9,5576.2,4731.3,0.0,377.7,467.2,4971.0,0.0,4971.0,0.0,361.6,5781.6,5307.6,-44.599999999999454,759.4000000000005,283.2000000000007,0,0
2026-01-09,469.3,896.2,5576.1,4731.3,0.0,377.6,467.2,5041.4,0.0,5041.4,0.0,361.6,5734.5,5307.6,-47.100000000000364,33.80000000000018,199.30000000000018,0,0
2026-01-12,479.2,779.2,5576.1,4731.3,0.0,377.6,467.2,5154.2,0.0,5154.2,0.0,357.3,5607.6,5307.6,-126.89999999999964,-219.19999999999982,-644.3999999999996,0,0
2026-01-13,286.8,1424.4,5264.9,4731.3,0.0,324.4,209.2,4094.1,0.0,4094.1,0.0,253.7,6445.2,5307.6,837.5999999999995,662.6999999999998,-829.4000000000005,0,0
2026-01-14,254.2,-410.3,5080.8,4731.3,0.0,337.3,12.2,5743.6,0.0,5743.6,0.0,252.6,4643.1,5307.6,-1802.0999999999995,-1183.0999999999995,-581.0,1,1
2026-01-15,277.6,288.6,3568.4,3320.2,0.0,0.0,248.2,3534.4,0.0,3534.4,0.0,254.6,5325.2,5314.3,682.0999999999995,-456.40000000000055,195.39999999999964,0,0
2026-01-16,242.2,10.2,3330.5,3318.3,0.0,0.0,12.2,3575.2,0.0,3575.2,0.0,254.9,5082.3,5314.3,-242.89999999999964,-652.1999999999998,1.0,0,0
2026-01-18,312.4,339.5,3594.1,3317.4,0.0,4.5,272.2,3509.4,0.0,3509.4,0.0,254.8,5341.4,5314.3,259.09999999999945,-266.2000000000007,215.69999999999982,0,0
2026-01-19,317.6,339.5,3594.1,3317.4,0.0,4.5,272.2,3509.4,0.0,3509.4,0.0,254.8,5336.2,5314.3,-5.199999999999818,-1109.0,307.5,0,0
2026-01-20,239.1,413.9,3720.7,3317.4,0.0,21.1,382.2,3561.3,0.0,3561.3,0.0,254.6,5489.1,5314.3,152.90000000000055,846.0,232.90000000000055,0,0
2026-01-21,196.0,294.9,3607.9,3317.4,0.0,18.3,272.2,3567.7,0.0,3567.7,0.0,254.7,5413.2,5314.3,-75.90000000000055,88.0,205.5,0,0
2026-01-22,343.4,253.4,3474.1,3239.9,0.0,0.0,234.2,3475.4,0.0,3475.4,0.0,254.7,5224.3,5314.3,-188.89999999999964,142.0,68.19999999999982,0,0
2026-01-23,340.1,-94.4,3249.8,3237.6,0.0,0.0,12.2,3599.3,0.0,3599.3,0.0,255.1,4879.8,5314.3,-344.5,-461.59999999999945,-488.59999999999945,1,0
2026-01-25,409.1,30.0,3249.3,3237.1,0.0,0.0,12.2,3481.7,0.0,3481.7,0.0,262.3,4935.1,5314.3,55.30000000000018,-401.09999999999945,-377.39999999999964,0,0
2026-01-26,418.0,30.0,3249.3,3237.1,0.0,0.0,12.2,3481.7,0.0,3481.7,0.0,262.3,4926.3,5314.3,-8.800000000000182,-562.8000000000002,-844.0,0,0
2026-01-27,271.4,176.2,3445.4,3237.1,0.0,0.0,208.2,3531.4,0.0,3531.4,0.0,262.3,5219.1,5314.3,292.8000000000002,-194.09999999999945,-118.0,0,0
2026-01-28,118.6,285.7,3525.3,3237.1,0.0,0.0,288.2,3525.7,0.0,3525.7,0.0,286.2,5481.5,5314.3,262.39999999999964,257.1999999999998,192.19999999999982,0,0
2026-01-29,-15.5,1196.2,4207.0,3390.4,0.0,338.4,478.2,3401.0,0.0,3401.0,0.0,390.1,6526.0,5314.3,1044.5,1646.1999999999998,1503.8000000000002,0,0
2026-01-30,-20.1,1003.6,4154.1,3390.4,0.0,325.4,438.2,3406.3,0.0,3406.3,0.0,255.9,6338.0,5314.3,-188.0,1402.8999999999996,637.3000000000002,0,0
2026-02-02,13.8,1008.0,4137.0,3390.4,0.0,328.4,418.2,3458.6,0.0,3458.6,0.0,329.6,6308.5,5314.3,-29.5,1382.1999999999998,481.6999999999998,0,0
2026-02-03,-41.5,994.2,4129.2,3390.4,0.0,325.7,413.0,3407.5,0.0,3407.5,0.0,272.6,6350.0,5314.3,41.5,1130.8999999999996,567.5,0,0
2026-02-04,-55.6,907.6,4111.5,3390.4,0.0,323.1,398.0,3452.6,0.0,3452.6,0.0,248.8,6277.5,5314.3,-72.5,796.0,451.3000000000002,0,0
2026-02-05,15.8,-351.0,2922.7,2768.5,0.0,2.2,152.0,3541.7,0.0,3541.7,0.0,268.0,4947.5,5314.3,-1330.0,-1578.5,-834.1000000000004,1,1
2026-02-06,0.3,-423.3,2808.5,2768.5,0.0,3.0,37.0,3437.6,0.0,3437.6,0.0,205.9,4890.7,5314.3,-56.80000000000018,-1447.3000000000002,-843.8000000000002,0,0
2026-02-09,154.0,-565.8,2808.5,2768.5,0.0,3.0,37.0,3639.5,0.0,3639.5,0.0,265.3,4594.6,5314.3,-296.09999999999945,-1713.8999999999996,-1013.0,0,0
2026-02-10,149.4,-674.3,2883.8,2766.8,0.0,0.0,117.0,3797.4,0.0,3797.4,0.0,239.3,4490.6,5314.3,-104.0,-1859.3999999999996,-1954.5999999999995,0,0
2026-02-11,144.5,944.7,4665.7,4216.9,0.0,0.0,448.8,3923.1,0.0,3923.1,0.0,202.0,6114.5,5314.3,1623.8999999999996,-163.0,1471.3999999999996,0,0
2026-02-12,144.5,-64.7,3301.3,3239.9,0.0,24.4,37.0,3607.9,0.0,3607.9,0.0,241.9,5133.0,5342.2,-981.5,185.5,-192.19999999999982,1,1
2026-02-13,160.7,-71.7,3292.8,3239.9,0.0,15.9,37.0,3604.7,0.0,3604.7,0.0,240.2,5109.8,5342.2,-23.199999999999818,219.10000000000036,27.5,0,0
2026-02-16,221.8,115.9,3536.9,3239.9,0.0,0.0,297.0,3610.9,0.0,3610.9,0.0,189.9,5236.3,5342.2,126.5,641.6999999999998,-105.09999999999945,0,0
2026-02-17,149.6,579.4,3902.9,3239.9,0.0,0.0,663.0,3512.6,0.0,3512.6,0.0,189.1,5772.0,5342.2,535.6999999999998,1281.3999999999996,435.8000000000002,0,0
2026-02-18,165.6,543.4,3842.9,3239.9,0.0,0.0,603.0,3530.1,0.0,3530.1,0.0,230.6,5720.0,5342.2,-52.0,-394.5,230.89999999999964,0,0
2026-02-19,226.3,422.2,3814.4,3169.4,0.0,0.0,645.0,3581.9,0.0,3581.9,0.0,189.7,5538.1,5342.2,-181.89999999999964,405.10000000000036,124.90000000000055,0,0
2026-02-20,182.5,251.1,3610.4,3169.4,0.0,0.0,441.0,3549.0,0.0,3549.0,0.0,189.7,5410.7,5342.2,-127.40000000000055,300.89999999999964,186.39999999999964,0,0
2026-02-24,223.4,195.2,3497.0,3169.0,0.0,0.0,328.0,3537.4,0.0,3537.4,0.0,235.6,5314.0,5342.2,-96.69999999999982,77.69999999999982,434.1999999999998,0,0
2026-02-25,276.0,535.8,3857.4,3168.4,0.0,0.0,689.0,3558.7,0.0,3558.7,0.0,237.1,5602.0,5342.2,288.0,-170.0,666.8999999999996,0,0
2026-02-26,314.5,606.3,3902.5,3199.5,0.0,0.0,703.0,3538.2,0.0,3538.2,0.0,242.1,5634.0,5342.2,32.0,-86.0,707.6999999999998,0,0
2026-02-27,248.5,469.8,3724.0,3199.5,0.0,0.0,524.5,3531.8,0.0,3531.8,0.0,277.6,5563.5,5342.2,-70.5,25.399999999999636,344.39999999999964,0,0
2026-03-02,376.6,676.1,3891.2,3199.2,0.0,0.1,692.0,3509.1,0.0,3509.1,0.0,294.0,5641.6,5342.2,78.10000000000036,230.90000000000055,160.10000000000036,0,0
2026-03-03,289.5,626.8,3896.2,3199.2,0.0,0.0,697.0,3508.4,0.0,3508.4,0.0,239.1,5679.5,5342.2,37.899999999999636,365.5,-846.5,0,0
2026-03-04,339.8,591.0,3788.3,3198.8,0.0,0.0,589.5,3424.2,0.0,3424.2,0.0,227.0,5593.4,5342.2,-86.10000000000036,-8.600000000000364,-744.6000000000004,0,0
2026-03-05,463.9,360.4,3638.4,2998.9,0.0,0.0,639.5,3517.8,0.0,3517.8,0.0,239.8,5238.6,5342.2,-354.7999999999993,-395.39999999999964,-1069.8999999999996,1,0
2026-03-06,487.8,234.3,3428.4,2998.9,0.0,0.0,429.5,3420.8,0.0,3420.8,0.0,226.7,5088.7,5342.2,-149.90000000000055,-474.8000000000002,-1261.3000000000002,0,0
2026-03-09,676.3,272.0,3518.5,2998.9,0.0,0.1,519.5,3486.4,0.0,3486.4,0.0,239.9,4937.9,5342.2,-150.80000000000018,-703.7000000000007,-1339.6000000000004,0,0
2026-03-10,682.6,253.7,3535.0,2998.8,0.0,16.7,519.5,3521.2,0.0,3521.2,0.0,239.9,4913.3,5342.2,-24.599999999999454,-766.1999999999998,-34.19999999999982,0,0
2026-03-11,638.9,3188.9,6614.6,6080.1,0.0,0.0,534.5,3663.9,0.0,3663.9,0.0,238.2,7892.2,5342.2,2978.8999999999996,2298.8,3001.5,0,0
2026-03-12,681.3,530.3,3855.4,3670.9,0.0,0.0,184.5,3557.2,0.0,3557.2,0.0,232.1,5150.3,5301.4,-2741.8999999999996,-88.30000000000018,555.6999999999998,1,1
2026-03-13,790.8,414.1,3794.2,3670.9,0.0,1.8,121.5,3610.6,0.0,3610.6,0.0,230.5,4924.7,5301.4,-225.60000000000036,-164.0,434.09999999999945,0,0
2026-03-16,805.3,222.4,3922.2,3670.9,0.0,1.9,249.5,3922.1,0.0,3922.1,0.0,222.2,4718.5,5301.4,-206.19999999999982,-219.39999999999964,-1396.0,0,0
2026-03-17,714.4,46.7,3825.4,3670.9,0.0,0.0,154.5,3981.9,0.0,3981.9,0.0,203.2,4633.7,5301.4,-84.80000000000018,-279.60000000000036,-499.3000000000002,0,0
2026-03-18,693.1,-55.1,3760.4,3670.9,0.0,5.0,84.5,3996.3,0.0,3996.3,0.0,180.8,4553.2,5301.4,-80.5,-3339.0,-556.6000000000004,0,0
2026-03-19,755.8,431.6,4282.0,4192.4,0.0,5.4,84.2,4035.0,0.0,4035.0,0.0,184.5,4977.1,5301.4,423.90000000000055,-173.19999999999982,-259.1999999999998,0,0
2026-03-20,796.4,657.8,4481.1,4192.4,0.0,41.0,247.7,4012.2,0.0,4012.2,0.0,188.9,5162.8,5301.4,185.69999999999982,238.10000000000036,-609.1999999999998,0,0
2026-03-23,826.9,867.5,4569.8,4191.3,0.0,30.8,347.7,3940.7,0.0,3940.7,0.0,238.4,5342.0,5301.4,179.19999999999982,623.5,-378.0,0,0
2026-03-24,680.2,1067.5,4699.8,4191.3,0.0,30.8,477.7,3868.5,0.0,3868.5,0.0,236.2,5688.7,5301.4,346.6999999999998,1055.0,150.59999999999945,0,0
2026-03-25,621.6,1049.0,4700.3,4190.5,0.0,52.1,457.7,3860.5,0.0,3860.5,0.0,209.2,5728.8,5301.4,40.100000000000364,1175.6000000000004,318.10000000000036,0,0
2026-03-26,701.4,937.4,4569.5,4101.8,0.0,0.0,467.7,3852.6,0.0,3852.6,0.0,220.5,5537.4,5301.4,-191.40000000000055,560.2999999999993,223.39999999999964,0,0
2026-03-27,705.5,868.3,4445.4,4101.7,0.0,0.0,343.7,3825.5,0.0,3825.5,0.0,248.4,5464.1,5301.4,-73.29999999999927,301.3000000000002,-137.89999999999964,0,0
2026-03-30,815.1,903.7,4493.4,4101.7,0.0,0.0,391.7,3833.1,0.0,3833.1,0.0,243.4,5390.0,5301.4,-74.10000000000036,48.0,-244.0,0,0
2026-03-31,671.0,968.6,4443.5,4101.7,0.0,0.0,341.8,3723.2,0.0,3723.2,0.0,248.2,5599.0,5301.4,209.0,-89.69999999999982,35.5,0,0
2026-04-01,679.3,993.2,4375.3,4101.5,0.0,0.0,273.8,3730.4,0.0,3730.4,0.0,348.4,5615.3,5301.4,16.300000000000182,-113.5,-26.300000000000182,0,0
2026-04-02,741.6,1067.8,4496.4,4232.2,0.0,0.0,264.2,3677.0,0.0,3677.0,0.0,248.4,5627.6,5301.4,12.300000000000182,90.20000000000073,-51.899999999999636,0,0
2026-04-03,786.1,1063.3,4490.4,4232.2,0.0,0.0,258.2,3675.3,0.0,3675.3,0.0,248.3,5578.6,5301.4,-49.0,114.5,-14.799999999999272,0,0
2026-04-06,939.2,1109.2,4520.4,4232.2,0.0,0.0,288.2,3659.3,0.0,3659.3,0.0,248.1,5471.4,5301.4,-107.20000000000073,81.39999999999964,232.79999999999927,0,0
2026-04-07,883.2,1028.5,4490.2,4232.0,0.0,0.0,258.2,3710.0,0.0,3710.0,0.0,248.3,5446.8,5301.4,-24.599999999999454,-152.19999999999982,358.10000000000036,0,0
2026-04-08,1026.6,1046.6,4444.9,4230.7,0.0,0.0,214.2,3646.7,0.0,3646.7,0.0,248.4,5321.4,5301.4,-125.40000000000055,-293.90000000000055,383.5,0,0
2026-04-09,1032.2,1504.0,4837.5,4623.3,0.0,0.0,214.2,3626.6,0.0,3626.6,0.0,293.1,5773.2,5301.4,451.8000000000002,145.59999999999945,859.8999999999996,0,0
2026-04-10,1077.9,1529.0,4837.5,4623.3,0.0,0.0,214.2,3601.6,0.0,3601.6,0.0,293.1,5752.4,5301.4,-20.800000000000182,173.79999999999927,-2139.8,0,0
2026-04-13,1166.0,1733.0,5017.3,4623.1,0.0,0.0,394.2,3602.7,0.0,3602.7,0.0,318.5,5868.4,5301.4,116.0,397.0,718.0999999999995,0,0
2026-04-14,1100.5,1815.6,5184.8,4623.1,0.0,0.0,561.7,3647.3,0.0,3647.3,0.0,278.1,6016.4,5301.4,148.0,569.5999999999995,1091.6999999999998,0,0
2026-04-15,1086.2,2045.7,5715.3,4932.6,0.0,0.0,782.7,3933.2,0.0,3933.2,0.0,263.6,6260.9,5301.4,244.5,939.5,1542.3999999999996,0,0
2026-04-16,1128.4,1198.4,4610.2,4342.5,0.0,0.0,267.7,3671.7,0.0,3671.7,0.0,259.9,5385.5,5315.5,-875.3999999999996,-387.6999999999998,751.8000000000002,1,1
2026-04-17,1280.5,1196.0,4610.2,4342.5,0.0,0.0,267.7,3665.9,0.0,3665.9,0.0,251.8,5231.0,5315.5,-154.5,-521.3999999999996,677.8000000000002,0,0
2026-04-19,1340.4,1225.5,4610.2,4342.5,0.0,0.0,267.7,3633.4,0.0,3633.4,0.0,248.7,5200.6,5315.5,-30.399999999999636,-667.7999999999993,223.5,0,0
2026-04-20,1347.9,1225.5,4610.2,4342.5,0.0,0.0,267.7,3633.4,0.0,3633.4,0.0,248.7,5193.0,5315.5,-7.600000000000364,-823.3999999999996,30.199999999999818,0,0
2026-04-21,1268.1,1195.4,4610.2,4342.5,0.0,0.0,267.7,3662.9,0.0,3662.9,0.0,248.1,5242.8,5315.5,49.80000000000018,-1018.0999999999995,-99.19999999999982,0,0
2026-04-22,1325.3,1188.1,4610.1,4342.4,0.0,0.0,267.7,3670.2,0.0,3670.2,0.0,248.2,5178.3,5315.5,-64.5,-207.19999999999982,-510.39999999999964,0,0
2026-04-23,1374.5,1304.2,4760.6,4492.9,0.0,0.0,267.7,3698.5,0.0,3698.5,0.0,242.1,5245.3,5315.5,67.0,14.300000000000182,-483.5,0,0
2026-04-24,1342.0,1346.2,4760.6,4492.9,0.0,0.0,267.7,3655.4,0.0,3655.4,0.0,241.0,5319.7,5315.5,74.39999999999964,119.09999999999945,-217.69999999999982,0,0
2026-04-27,1550.9,1716.8,5056.6,4492.9,0.0,0.0,563.7,3580.2,0.0,3580.2,0.0,240.4,5481.5,5315.5,161.80000000000018,288.5,17.399999999999636,0,0
2026-04-28,1358.8,1815.2,5015.4,4491.4,0.0,0.0,524.0,3440.5,0.0,3440.5,0.0,240.3,5771.9,5315.5,290.39999999999964,529.0999999999995,381.89999999999964,0,0
2026-04-29,1353.5,2635.0,5778.9,4489.9,0.0,0.0,1289.0,3496.0,0.0,3496.0,0.0,352.0,6596.9,5315.5,825.0,1418.5999999999995,997.8999999999996,0,0
2026-04-30,1432.3,2573.0,5730.8,4602.8,0.0,0.0,1128.0,3482.6,0.0,3482.6,0.0,324.8,6456.3,5315.5,-140.59999999999945,1211.0,841.0,0,0
2026-05-04,1469.7,2229.1,5429.7,4602.7,0.0,0.0,827.0,3440.6,0.0,3440.6,0.0,240.1,6074.9,5315.5,-381.40000000000055,755.1999999999998,447.2999999999993,1,0
2026-05-05,1501.7,2137.0,5415.7,4602.7,0.0,0.0,813.0,3518.8,0.0,3518.8,0.0,240.1,5950.8,5315.5,-124.09999999999945,469.3000000000002,372.1999999999998,0,0
2026-05-06,1534.5,1878.7,5260.7,4602.7,0.0,0.0,658.0,3622.0,0.0,3622.0,0.0,240.1,5659.7,5315.5,-291.10000000000036,-112.19999999999982,188.30000000000018,0,0
2026-05-07,1590.6,1452.9,4762.3,4141.5,0.0,2.8,618.0,3553.1,0.0,3553.1,0.0,243.7,5177.8,5315.5,-481.89999999999964,-1419.0999999999995,-269.0,1,0
2026-05-08,1598.5,1367.6,4714.3,4141.3,0.0,0.0,573.0,3590.4,0.0,3590.4,0.0,243.7,5084.7,5315.5,-93.10000000000036,-1371.6000000000004,-236.69999999999982,0,0
2026-05-11,1751.0,1358.4,4779.3,4141.3,0.0,0.0,638.0,3661.0,0.0,3661.0,0.0,240.1,4922.8,5315.5,-161.89999999999964,-1152.0999999999995,-850.3999999999996,0,0
2026-05-12,1756.6,1161.6,4777.8,4139.8,0.0,0.0,638.0,3856.3,0.0,3856.3,0.0,240.1,4720.6,5315.5,-202.19999999999982,-1230.1999999999998,-1031.7999999999993,0,0
2026-05-13,1627.3,602.9,4870.6,4139.8,0.0,0.0,730.7,4511.7,1098.8,3412.9,0.0,244.0,4291.1,5315.5,-429.5,-1368.5999999999995,-1577.2999999999993,1,0
2026-05-14,1700.5,2316.9,5704.0,4793.3,0.0,0.0,910.7,3631.1,0.0,3631.1,0.0,244.0,5896.7,5280.4,1605.5999999999995,718.8999999999996,-119.69999999999982,0,0
2026-05-15,1712.7,2151.2,5489.0,4793.3,0.0,0.0,695.7,3581.8,0.0,3581.8,0.0,244.0,5718.9,5280.4,-177.80000000000018,634.1999999999998,-542.0,0,0
2026-05-18,1757.4,2291.5,5568.4,4792.7,0.0,0.0,775.7,3520.5,0.0,3520.5,0.0,243.6,5814.5,5280.4,95.60000000000036,891.6999999999998,429.0,0,0
2026-05-19,1750.2,2330.9,5698.0,4792.3,0.0,0.0,905.7,3610.4,0.0,3610.4,0.0,243.3,5861.1,5280.4,46.600000000000364,1140.5,630.1000000000004,0,0
2026-05-20,1733.7,2165.1,5597.2,4791.5,0.0,0.0,805.7,3675.5,0.0,3675.5,0.0,243.3,5711.8,5280.4,-149.30000000000018,1420.6999999999998,511.1999999999998,0,0
2026-05-21,1739.7,1771.2,5137.7,4422.3,0.0,3.8,711.7,3610.0,0.0,3610.0,0.0,243.6,5311.9,5280.4,-399.90000000000055,-584.8000000000002,118.89999999999964,1,0
2026-05-22,1741.4,1728.8,5116.9,4420.2,0.0,0.0,696.7,3631.5,0.0,3631.5,0.0,243.4,5267.9,5280.4,-44.0,-451.0,25.099999999999454,0,0
2026-05-25,1795.1,1727.0,5041.9,4420.2,0.0,0.0,621.7,3546.2,0.0,3546.2,0.0,231.3,5247.3,5315.5,-20.599999999999454,-567.1999999999998,69.0,0,0
2026-05-26,1691.7,1741.5,5171.9,4420.2,0.0,0.0,751.7,3662.0,0.0,3662.0,0.0,231.6,5330.2,5280.4,82.89999999999964,-530.9000000000005,84.89999999999964,0,0
2026-05-27,1692.2,1806.9,5264.7,4420.2,0.0,2.8,841.7,3689.7,0.0,3689.7,0.0,231.9,5395.1,5280.4,64.90000000000055,-316.6999999999998,75.40000000000055,0,0
2026-05-28,1687.7,1604.4,5013.7,4332.0,0.0,0.0,681.7,3641.8,0.0,3641.8,0.0,232.4,5197.0,5280.4,-198.10000000000036,-114.89999999999964,-284.5,0,0
