indicator,date,value_mlnrub,sheet
     вклады (депозиты) и другие привлеченные средства физических лиц**,2019-01-02,6096876.0,в инвалюте
     вклады (депозиты) и другие привлеченные средства физических лиц**,2019-01-03,6180614.0,в инвалюте
     вклады (депозиты) и другие привлеченные средства физических лиц**,2019-01-04,6182320.0,в инвалюте
     вклады (депозиты) и другие привлеченные средства физических лиц**,2019-01-05,6199056.0,в инвалюте
     вклады (депозиты) и другие привлеченные средства физических лиц**,2019-01-06,6261246.0,в инвалюте
     вклады (депозиты) и другие привлеченные средства физических лиц**,2019-01-07,6176115.0,в инвалюте
     вклады (депозиты) и другие привлеченные средства физических лиц**,2019-01-08,6241689.0,в инвалюте
     вклады (депозиты) и другие привлеченные средства физических лиц**,2019-01-09,6478584.0,в инвалюте
     вклады (депозиты) и другие привлеченные средства физических лиц**,2019-01-10,6326347.0,в инвалюте
     вклады (депозиты) и другие привлеченные средства физических лиц**,2019-01-11,6258612.0,в инвалюте
     вклады (депозиты) и другие привлеченные средства физических лиц**,2019-01-12,6228867.0,в инвалюте
     вклады (депозиты) и другие привлеченные средства физических лиц**,2020-01-01,6102202.0,в инвалюте
     вклады (депозиты) и другие привлеченные средства физических лиц**,2020-01-02,6194874.0,в инвалюте
     вклады (депозиты) и другие привлеченные средства физических лиц**,2020-01-03,6330397.0,в инвалюте
     вклады (депозиты) и другие привлеченные средства физических лиц**,2020-01-04,7115344.0,в инвалюте
     вклады (депозиты) и другие привлеченные средства физических лиц**,2020-01-05,6672234.0,в инвалюте
     вклады (депозиты) и другие привлеченные средства физических лиц**,2020-01-06,6469743.0,в инвалюте
     вклады (депозиты) и другие привлеченные средства физических лиц**,2020-01-07,6445381.0,в инвалюте
     вклады (депозиты) и другие привлеченные средства физических лиц**,2020-01-08,6784955.0,в инвалюте
     вклады (депозиты) и другие привлеченные средства физических лиц**,2020-01-09,6885006.0,в инвалюте
     вклады (депозиты) и другие привлеченные средства физических лиц**,2020-01-10,7257773.0,в инвалюте
     вклады (депозиты) и другие привлеченные средства физических лиц**,2020-01-11,7193624.0,в инвалюте
     вклады (депозиты) и другие привлеченные средства физических лиц**,2020-01-12,6981773.0,в инвалюте
     вклады (депозиты) и другие привлеченные средства физических лиц**,2021-01-01,7045386.0,в инвалюте
     вклады (депозиты) и другие привлеченные средства физических лиц**,2021-01-02,7233326.0,в инвалюте
     вклады (депозиты) и другие привлеченные средства физических лиц**,2021-01-03,6983642.0,в инвалюте
     вклады (депозиты) и другие привлеченные средства физических лиц**,2021-01-04,7098178.0,в инвалюте
     вклады (депозиты) и другие привлеченные средства физических лиц**,2021-01-05,7040401.0,в инвалюте
     вклады (депозиты) и другие привлеченные средства физических лиц**,2021-01-06,7004958.0,в инвалюте
     вклады (депозиты) и другие привлеченные средства физических лиц**,2021-01-07,6954007.0,в инвалюте
     вклады (депозиты) и другие привлеченные средства физических лиц**,2021-01-08,7031244.0,в инвалюте
     вклады (депозиты) и другие привлеченные средства физических лиц**,2021-01-09,7072137.0,в инвалюте
     вклады (депозиты) и другие привлеченные средства физических лиц**,2021-01-10,7087660.0,в инвалюте
     вклады (депозиты) и другие привлеченные средства физических лиц**,2021-01-11,6942551.0,в инвалюте
     вклады (депозиты) и другие привлеченные средства физических лиц**,2021-01-12,7191481.0,в инвалюте
     вклады (депозиты) и другие привлеченные средства физических лиц**,2022-01-01,7141475.0,в инвалюте
     вклады (депозиты) и другие привлеченные средства физических лиц**,2022-01-02,7309710.0,в инвалюте
     вклады (депозиты) и другие привлеченные средства физических лиц**,2022-01-03,7123639.0,в инвалюте
     вклады (депозиты) и другие привлеченные средства физических лиц**,2022-01-04,6340232.0,в инвалюте
     вклады (депозиты) и другие привлеченные средства физических лиц**,2022-01-05,5329040.0,в инвалюте
     вклады (депозиты) и другие привлеченные средства физических лиц**,2022-01-06,4856257.0,в инвалюте
     вклады (депозиты) и другие привлеченные средства физических лиц**,2022-01-07,3925606.0,в инвалюте
     вклады (депозиты) и другие привлеченные средства физических лиц**,2022-01-08,4516954.0,в инвалюте
     вклады (депозиты) и другие привлеченные средства физических лиц**,2022-01-09,4263371.0,в инвалюте
     вклады (депозиты) и другие привлеченные средства физических лиц**,2022-01-10,3639989.0,в инвалюте
     вклады (депозиты) и другие привлеченные средства физических лиц**,2022-01-11,3678590.0,в инвалюте
     вклады (депозиты) и другие привлеченные средства физических лиц**,2022-01-12,3617624.0,в инвалюте
     вклады (депозиты) и другие привлеченные средства физических лиц**,2023-01-01,4088605.0,в инвалюте
     вклады (депозиты) и другие привлеченные средства физических лиц**,2023-01-02,4021547.0,в инвалюте
     вклады (депозиты) и другие привлеченные средства физических лиц**,2023-01-03,4213972.0,в инвалюте
     вклады (депозиты) и другие привлеченные средства физических лиц**,2023-01-04,4077719.0,в инвалюте
     вклады (депозиты) и другие привлеченные средства физических лиц**,2023-01-05,4074736.0,в инвалюте
     вклады (депозиты) и другие привлеченные средства физических лиц**,2023-01-06,4000322.0,в инвалюте
     вклады (депозиты) и другие привлеченные средства физических лиц**,2023-01-07,4211554.0,в инвалюте
     вклады (депозиты) и другие привлеченные средства физических лиц**,2023-01-08,4325729.0,в инвалюте
     вклады (депозиты) и другие привлеченные средства физических лиц**,2023-01-09,4429442.0,в инвалюте
     вклады (депозиты) и другие привлеченные средства физических лиц**,2023-01-10,4398770.0,в инвалюте
     вклады (депозиты) и другие привлеченные средства физических лиц**,2023-01-11,4167253.0,в инвалюте
     вклады (депозиты) и другие привлеченные средства физических лиц**,2023-01-12,3988688.0,в инвалюте
     вклады (депозиты) и другие привлеченные средства физических лиц**,2024-01-01,4051617.0,в инвалюте
     вклады (депозиты) и другие привлеченные средства физических лиц**,2024-01-02,3995884.0,в инвалюте
     вклады (депозиты) и другие привлеченные средства физических лиц**,2024-01-03,4057344.0,в инвалюте
     вклады (депозиты) и другие привлеченные средства физических лиц**,2024-01-04,4077140.0,в инвалюте
     вклады (депозиты) и другие привлеченные средства физических лиц**,2024-01-05,4016642.0,в инвалюте
     вклады (депозиты) и другие привлеченные средства физических лиц**,2024-01-06,3944762.0,в инвалюте
     вклады (депозиты) и другие привлеченные средства физических лиц**,2024-01-07,3693055.0,в инвалюте
     вклады (депозиты) и другие привлеченные средства физических лиц**,2024-01-08,3692389.0,в инвалюте
     вклады (депозиты) и другие привлеченные средства физических лиц**,2024-01-09,3820478.0,в инвалюте
     вклады (депозиты) и другие привлеченные средства физических лиц**,2024-01-10,3863327.0,в инвалюте
     вклады (депозиты) и другие привлеченные средства физических лиц**,2024-01-11,3946781.0,в инвалюте
     вклады (депозиты) и другие привлеченные средства физических лиц**,2024-01-12,4184980.0,в инвалюте
     вклады (депозиты) и другие привлеченные средства физических лиц**,2025-01-01,3891893.0,в инвалюте
     вклады (депозиты) и другие привлеченные средства физических лиц**,2025-01-02,3770933.0,в инвалюте
     вклады (депозиты) и другие привлеченные средства физических лиц**,2025-01-03,3386552.0,в инвалюте
     вклады (депозиты) и другие привлеченные средства физических лиц**,2025-01-04,3256759.0,в инвалюте
     вклады (депозиты) и другие привлеченные средства физических лиц**,2025-01-05,3221242.0,в инвалюте
     вклады (депозиты) и другие привлеченные средства физических лиц**,2025-01-06,3117958.0,в инвалюте
     вклады (депозиты) и другие привлеченные средства физических лиц**,2025-01-07,3129530.0,в инвалюте
     вклады (депозиты) и другие привлеченные средства физических лиц**,2025-01-08,3269088.0,в инвалюте
     вклады (депозиты) и другие привлеченные средства физических лиц**,2025-01-09,3223086.0,в инвалюте
     вклады (депозиты) и другие привлеченные средства физических лиц**,2025-01-10,3358748.0,в инвалюте
     вклады (депозиты) и другие привлеченные средства физических лиц**,2025-01-11,3497235.0,в инвалюте
     вклады (депозиты) и другие привлеченные средства физических лиц**,2025-01-12,3460412.0,в инвалюте
     вклады (депозиты) и другие привлеченные средства физических лиц**,2026-01-01,3475564.0,в инвалюте
     вклады (депозиты) и другие привлеченные средства физических лиц**,2026-01-02,3451687.0,в инвалюте
     вклады (депозиты) и другие привлеченные средства физических лиц**,2026-01-03,3357235.0,в инвалюте
     вклады (депозиты) и другие привлеченные средства физических лиц**,2026-01-04,3265628.0,в инвалюте
     вклады (депозиты) и другие привлеченные средства физических лиц**,2026-01-05,3043031.0,в инвалюте
     средства на счетах эскроу,2019-01-02,0.0,в инвалюте
     средства на счетах эскроу,2019-01-03,0.0,в инвалюте
     средства на счетах эскроу,2019-01-04,0.0,в инвалюте
     средства на счетах эскроу,2019-01-05,0.0,в инвалюте
     средства на счетах эскроу,2019-01-06,0.0,в инвалюте
     средства на счетах эскроу,2019-01-07,0.0,в инвалюте
     средства на счетах эскроу,2019-01-08,0.0,в инвалюте
     средства на счетах эскроу,2019-01-09,0.0,в инвалюте
     средства на счетах эскроу,2019-01-10,0.0,в инвалюте
     средства на счетах эскроу,2019-01-11,0.0,в инвалюте
     средства на счетах эскроу,2019-01-12,0.0,в инвалюте
     средства на счетах эскроу,2020-01-01,0.0,в инвалюте
     средства на счетах эскроу,2020-01-02,0.0,в инвалюте
     средства на счетах эскроу,2020-01-03,0.0,в инвалюте
     средства на счетах эскроу,2020-01-04,0.0,в инвалюте
     средства на счетах эскроу,2020-01-05,0.0,в инвалюте
     средства на счетах эскроу,2020-01-06,0.0,в инвалюте
     средства на счетах эскроу,2020-01-07,0.0,в инвалюте
     средства на счетах эскроу,2020-01-08,0.0,в инвалюте
     средства на счетах эскроу,2020-01-09,0.0,в инвалюте
     средства на счетах эскроу,2020-01-10,0.0,в инвалюте
     средства на счетах эскроу,2020-01-11,0.0,в инвалюте
     средства на счетах эскроу,2020-01-12,0.0,в инвалюте
     средства на счетах эскроу,2021-01-01,0.0,в инвалюте
     средства на счетах эскроу,2021-01-02,0.0,в инвалюте
     средства на счетах эскроу,2021-01-03,0.0,в инвалюте
     средства на счетах эскроу,2021-01-04,0.0,в инвалюте
     средства на счетах эскроу,2021-01-05,0.0,в инвалюте
     средства на счетах эскроу,2021-01-06,0.0,в инвалюте
     средства на счетах эскроу,2021-01-07,0.0,в инвалюте
     средства на счетах эскроу,2021-01-08,0.0,в инвалюте
     средства на счетах эскроу,2021-01-09,0.0,в инвалюте
     средства на счетах эскроу,2021-01-10,0.0,в инвалюте
     средства на счетах эскроу,2021-01-11,0.0,в инвалюте
     средства на счетах эскроу,2021-01-12,0.0,в инвалюте
     средства на счетах эскроу,2022-01-01,0.0,в инвалюте
     средства на счетах эскроу,2022-01-02,0.0,в инвалюте
     средства на счетах эскроу,2022-01-03,0.0,в инвалюте
     средства на счетах эскроу,2022-01-04,0.0,в инвалюте
     средства на счетах эскроу,2022-01-05,0.0,в инвалюте
     средства на счетах эскроу,2022-01-06,0.0,в инвалюте
     средства на счетах эскроу,2022-01-07,0.0,в инвалюте
     средства на счетах эскроу,2022-01-08,0.0,в инвалюте
     средства на счетах эскроу,2022-01-09,0.0,в инвалюте
     средства на счетах эскроу,2022-01-10,0.0,в инвалюте
     средства на счетах эскроу,2022-01-11,0.0,в инвалюте
     средства на счетах эскроу,2022-01-12,0.0,в инвалюте
     средства на счетах эскроу,2023-01-01,0.0,в инвалюте
     средства на счетах эскроу,2023-01-02,0.0,в инвалюте
     средства на счетах эскроу,2023-01-03,0.0,в инвалюте
     средства на счетах эскроу,2023-01-04,0.0,в инвалюте
     средства на счетах эскроу,2023-01-05,0.0,в инвалюте
     средства на счетах эскроу,2023-01-06,0.0,в инвалюте
     средства на счетах эскроу,2023-01-07,0.0,в инвалюте
     средства на счетах эскроу,2023-01-08,0.0,в инвалюте
     средства на счетах эскроу,2023-01-09,0.0,в инвалюте
     средства на счетах эскроу,2023-01-10,0.0,в инвалюте
     средства на счетах эскроу,2023-01-11,0.0,в инвалюте
     средства на счетах эскроу,2023-01-12,0.0,в инвалюте
     средства на счетах эскроу,2024-01-01,0.0,в инвалюте
     средства на счетах эскроу,2024-01-02,0.0,в инвалюте
     средства на счетах эскроу,2024-01-03,0.0,в инвалюте
     средства на счетах эскроу,2024-01-04,0.0,в инвалюте
     средства на счетах эскроу,2024-01-05,0.0,в инвалюте
     средства на счетах эскроу,2024-01-06,0.0,в инвалюте
     средства на счетах эскроу,2024-01-07,0.0,в инвалюте
     средства на счетах эскроу,2024-01-08,0.0,в инвалюте
     средства на счетах эскроу,2024-01-09,0.0,в инвалюте
     средства на счетах эскроу,2024-01-10,0.0,в инвалюте
     средства на счетах эскроу,2024-01-11,0.0,в инвалюте
     средства на счетах эскроу,2024-01-12,0.0,в инвалюте
     средства на счетах эскроу,2025-01-01,0.0,в инвалюте
     средства на счетах эскроу,2025-01-02,0.0,в инвалюте
     средства на счетах эскроу,2025-01-03,0.0,в инвалюте
     средства на счетах эскроу,2025-01-04,0.0,в инвалюте
     средства на счетах эскроу,2025-01-05,0.0,в инвалюте
     средства на счетах эскроу,2025-01-06,0.0,в инвалюте
     средства на счетах эскроу,2025-01-07,0.0,в инвалюте
     средства на счетах эскроу,2025-01-08,0.0,в инвалюте
     средства на счетах эскроу,2025-01-09,0.0,в инвалюте
     средства на счетах эскроу,2025-01-10,0.0,в инвалюте
     средства на счетах эскроу,2025-01-11,0.0,в инвалюте
     средства на счетах эскроу,2025-01-12,0.0,в инвалюте
     средства на счетах эскроу,2026-01-01,0.0,в инвалюте
     средства на счетах эскроу,2026-01-02,0.0,в инвалюте
     средства на счетах эскроу,2026-01-03,0.0,в инвалюте
     средства на счетах эскроу,2026-01-04,0.0,в инвалюте
     средства на счетах эскроу,2026-01-05,0.0,в инвалюте
    вклады (депозиты) и другие привлеченные средства физических лиц (с учетом счетов эскроу),2012-01-02,2101762.0,в инвалюте
    вклады (депозиты) и другие привлеченные средства физических лиц (с учетом счетов эскроу),2012-01-03,2088082.0,в инвалюте
    вклады (депозиты) и другие привлеченные средства физических лиц (с учетом счетов эскроу),2012-01-04,2164899.0,в инвалюте
    вклады (депозиты) и другие привлеченные средства физических лиц (с учетом счетов эскроу),2012-01-05,2168096.0,в инвалюте
    вклады (депозиты) и другие привлеченные средства физических лиц (с учетом счетов эскроу),2012-01-06,2342463.0,в инвалюте
    вклады (депозиты) и другие привлеченные средства физических лиц (с учетом счетов эскроу),2012-01-07,2391025.0,в инвалюте
    вклады (депозиты) и другие привлеченные средства физических лиц (с учетом счетов эскроу),2012-01-08,2374658.0,в инвалюте
    вклады (депозиты) и другие привлеченные средства физических лиц (с учетом счетов эскроу),2012-01-09,2457992.0,в инвалюте
    вклады (депозиты) и другие привлеченные средства физических лиц (с учетом счетов эскроу),2012-01-10,2423729.0,в инвалюте
    вклады (депозиты) и другие привлеченные средства физических лиц (с учетом счетов эскроу),2012-01-11,2488575.0,в инвалюте
    вклады (депозиты) и другие привлеченные средства физических лиц (с учетом счетов эскроу),2012-01-12,2469632.0,в инвалюте
    вклады (депозиты) и другие привлеченные средства физических лиц (с учетом счетов эскроу),2013-01-01,2479407.0,в инвалюте
    вклады (депозиты) и другие привлеченные средства физических лиц (с учетом счетов эскроу),2013-01-02,2483173.0,в инвалюте
    вклады (депозиты) и другие привлеченные средства физических лиц (с учетом счетов эскроу),2013-01-03,2519802.0,в инвалюте
    вклады (депозиты) и другие привлеченные средства физических лиц (с учетом счетов эскроу),2013-01-04,2612199.0,в инвалюте
    вклады (депозиты) и другие привлеченные средства физических лиц (с учетом счетов эскроу),2013-01-05,2677963.0,в инвалюте
    вклады (депозиты) и другие привлеченные средства физических лиц (с учетом счетов эскроу),2013-01-06,2695227.0,в инвалюте
    вклады (депозиты) и другие привлеченные средства физических лиц (с учетом счетов эскроу),2013-01-07,2798599.0,в инвалюте
    вклады (депозиты) и другие привлеченные средства физических лиц (с учетом счетов эскроу),2013-01-08,2886742.0,в инвалюте
    вклады (депозиты) и другие привлеченные средства физических лиц (с учетом счетов эскроу),2013-01-09,2946914.0,в инвалюте
    вклады (депозиты) и другие привлеченные средства физических лиц (с учетом счетов эскроу),2013-01-10,2943613.0,в инвалюте
    вклады (депозиты) и другие привлеченные средства физических лиц (с учетом счетов эскроу),2013-01-11,2962398.0,в инвалюте
    вклады (депозиты) и другие привлеченные средства физических лиц (с учетом счетов эскроу),2013-01-12,3006831.0,в инвалюте
    вклады (депозиты) и другие привлеченные средства физических лиц (с учетом счетов эскроу),2014-01-01,2953121.0,в инвалюте
    вклады (депозиты) и другие привлеченные средства физических лиц (с учетом счетов эскроу),2014-01-02,3251343.0,в инвалюте
    вклады (депозиты) и другие привлеченные средства физических лиц (с учетом счетов эскроу),2014-01-03,3390358.0,в инвалюте
    вклады (депозиты) и другие привлеченные средства физических лиц (с учетом счетов эскроу),2014-01-04,3352412.0,в инвалюте
    вклады (депозиты) и другие привлеченные средства физических лиц (с учетом счетов эскроу),2014-01-05,3326499.0,в инвалюте
    вклады (депозиты) и другие привлеченные средства физических лиц (с учетом счетов эскроу),2014-01-06,3235087.0,в инвалюте
    вклады (депозиты) и другие привлеченные средства физических лиц (с учетом счетов эскроу),2014-01-07,3176606.0,в инвалюте
    вклады (депозиты) и другие привлеченные средства физических лиц (с учетом счетов эскроу),2014-01-08,3423740.0,в инвалюте
    вклады (депозиты) и другие привлеченные средства физических лиц (с учетом счетов эскроу),2014-01-09,3451246.0,в инвалюте
    вклады (депозиты) и другие привлеченные средства физических лиц (с учетом счетов эскроу),2014-01-10,3524479.0,в инвалюте
    вклады (депозиты) и другие привлеченные средства физических лиц (с учетом счетов эскроу),2014-01-11,3971087.0,в инвалюте
    вклады (депозиты) и другие привлеченные средства физических лиц (с учетом счетов эскроу),2014-01-12,4426072.0,в инвалюте
    вклады (депозиты) и другие привлеченные средства физических лиц (с учетом счетов эскроу),2015-01-01,4983987.0,в инвалюте
    вклады (депозиты) и другие привлеченные средства физических лиц (с учетом счетов эскроу),2015-01-02,5981235.0,в инвалюте
    вклады (депозиты) и другие привлеченные средства физических лиц (с учетом счетов эскроу),2015-01-03,5330633.0,в инвалюте
    вклады (депозиты) и другие привлеченные средства физических лиц (с учетом счетов эскроу),2015-01-04,5146863.0,в инвалюте
    вклады (депозиты) и другие привлеченные средства физических лиц (с учетом счетов эскроу),2015-01-05,4738670.0,в инвалюте
    вклады (депозиты) и другие привлеченные средства физических лиц (с учетом счетов эскроу),2015-01-06,4913757.0,в инвалюте
    вклады (депозиты) и другие привлеченные средства физических лиц (с учетом счетов эскроу),2015-01-07,5194824.0,в инвалюте
    вклады (депозиты) и другие привлеченные средства физических лиц (с учетом счетов эскроу),2015-01-08,5512620.0,в инвалюте
    вклады (депозиты) и другие привлеченные средства физических лиц (с учетом счетов эскроу),2015-01-09,6246255.0,в инвалюте
    вклады (депозиты) и другие привлеченные средства физических лиц (с учетом счетов эскроу),2015-01-10,6261139.0,в инвалюте
    вклады (депозиты) и другие привлеченные средства физических лиц (с учетом счетов эскроу),2015-01-11,6113179.0,в инвалюте
    вклады (депозиты) и другие привлеченные средства физических лиц (с учетом счетов эскроу),2015-01-12,6242012.0,в инвалюте
    вклады (депозиты) и другие привлеченные средства физических лиц (с учетом счетов эскроу),2016-01-01,6912395.0,в инвалюте
    вклады (депозиты) и другие привлеченные средства физических лиц (с учетом счетов эскроу),2016-01-02,6977848.0,в инвалюте
    вклады (депозиты) и другие привлеченные средства физических лиц (с учетом счетов эскроу),2016-01-03,6899635.0,в инвалюте
    вклады (депозиты) и другие привлеченные средства физических лиц (с учетом счетов эскроу),2016-01-04,6287100.0,в инвалюте
    вклады (депозиты) и другие привлеченные средства физических лиц (с учетом счетов эскроу),2016-01-05,6061482.0,в инвалюте
    вклады (депозиты) и другие привлеченные средства физических лиц (с учетом счетов эскроу),2016-01-06,6177303.0,в инвалюте
    вклады (депозиты) и другие привлеченные средства физических лиц (с учетом счетов эскроу),2016-01-07,6057397.0,в инвалюте
    вклады (депозиты) и другие привлеченные средства физических лиц (с учетом счетов эскроу),2016-01-08,6355935.0,в инвалюте
    вклады (депозиты) и другие привлеченные средства физических лиц (с учетом счетов эскроу),2016-01-09,6174715.0,в инвалюте
    вклады (депозиты) и другие привлеченные средства физических лиц (с учетом счетов эскроу),2016-01-10,6093777.0,в инвалюте
    вклады (депозиты) и другие привлеченные средства физических лиц (с учетом счетов эскроу),2016-01-11,6078493.0,в инвалюте
    вклады (депозиты) и другие привлеченные средства физических лиц (с учетом счетов эскроу),2016-01-12,6199163.0,в инвалюте
    вклады (депозиты) и другие привлеченные средства физических лиц (с учетом счетов эскроу),2017-01-01,5831431.0,в инвалюте
    вклады (депозиты) и другие привлеченные средства физических лиц (с учетом счетов эскроу),2017-01-02,5801344.0,в инвалюте
    вклады (депозиты) и другие привлеченные средства физических лиц (с учетом счетов эскроу),2017-01-03,5596283.0,в инвалюте
    вклады (депозиты) и другие привлеченные средства физических лиц (с учетом счетов эскроу),2017-01-04,5421057.0,в инвалюте
    вклады (депозиты) и другие привлеченные средства физических лиц (с учетом счетов эскроу),2017-01-05,5568702.0,в инвалюте
    вклады (депозиты) и другие привлеченные средства физических лиц (с учетом счетов эскроу),2017-01-06,5470838.0,в инвалюте
    вклады (депозиты) и другие привлеченные средства физических лиц (с учетом счетов эскроу),2017-01-07,5716945.0,в инвалюте
    вклады (депозиты) и другие привлеченные средства физических лиц (с учетом счетов эскроу),2017-01-08,5706279.0,в инвалюте
    вклады (депозиты) и другие привлеченные средства физических лиц (с учетом счетов эскроу),2017-01-09,5622066.0,в инвалюте
    вклады (депозиты) и другие привлеченные средства физических лиц (с учетом счетов эскроу),2017-01-10,5518087.0,в инвалюте
    вклады (депозиты) и другие привлеченные средства физических лиц (с учетом счетов эскроу),2017-01-11,5456183.0,в инвалюте
    вклады (депозиты) и другие привлеченные средства физических лиц (с учетом счетов эскроу),2017-01-12,5474292.0,в инвалюте
    вклады (депозиты) и другие привлеченные средства физических лиц (с учетом счетов эскроу),2018-01-01,5451785.0,в инвалюте
    вклады (депозиты) и другие привлеченные средства физических лиц (с учетом счетов эскроу),2018-01-02,5394604.0,в инвалюте
    вклады (депозиты) и другие привлеченные средства физических лиц (с учетом счетов эскроу),2018-01-03,5298790.0,в инвалюте
    вклады (депозиты) и другие привлеченные средства физических лиц (с учетом счетов эскроу),2018-01-04,5378942.0,в инвалюте
    вклады (депозиты) и другие привлеченные средства физических лиц (с учетом счетов эскроу),2018-01-05,5625652.0,в инвалюте
    вклады (депозиты) и другие привлеченные средства физических лиц (с учетом счетов эскроу),2018-01-06,5583450.0,в инвалюте
    вклады (депозиты) и другие привлеченные средства физических лиц (с учетом счетов эскроу),2018-01-07,5591132.0,в инвалюте
    вклады (депозиты) и другие привлеченные средства физических лиц (с учетом счетов эскроу),2018-01-08,5643834.0,в инвалюте
    вклады (депозиты) и другие привлеченные средства физических лиц (с учетом счетов эскроу),2018-01-09,6043060.0,в инвалюте
    вклады (депозиты) и другие привлеченные средства физических лиц (с учетом счетов эскроу),2018-01-10,5780945.0,в инвалюте
    вклады (депозиты) и другие привлеченные средства физических лиц (с учетом счетов эскроу),2018-01-11,5764321.0,в инвалюте
    вклады (депозиты) и другие привлеченные средства физических лиц (с учетом счетов эскроу),2018-01-12,5900619.0,в инвалюте
    вклады (депозиты) и другие привлеченные средства физических лиц (с учетом счетов эскроу),2019-01-01,6229432.0,в инвалюте
    вклады (депозиты) и другие привлеченные средства физических лиц (с учетом счетов эскроу),2019-01-02,6096876.0,в инвалюте
    вклады (депозиты) и другие привлеченные средства физических лиц (с учетом счетов эскроу),2019-01-03,6180614.0,в инвалюте
    вклады (депозиты) и другие привлеченные средства физических лиц (с учетом счетов эскроу),2019-01-04,6182320.0,в инвалюте
    вклады (депозиты) и другие привлеченные средства физических лиц (с учетом счетов эскроу),2019-01-05,6199056.0,в инвалюте
    вклады (депозиты) и другие привлеченные средства физических лиц (с учетом счетов эскроу),2019-01-06,6261246.0,в инвалюте
    вклады (депозиты) и другие привлеченные средства физических лиц (с учетом счетов эскроу),2019-01-07,6176115.0,в инвалюте
    вклады (депозиты) и другие привлеченные средства физических лиц (с учетом счетов эскроу),2019-01-08,6241689.0,в инвалюте
    вклады (депозиты) и другие привлеченные средства физических лиц (с учетом счетов эскроу),2019-01-09,6478584.0,в инвалюте
    вклады (депозиты) и другие привлеченные средства физических лиц (с учетом счетов эскроу),2019-01-10,6326347.0,в инвалюте
    вклады (депозиты) и другие привлеченные средства физических лиц (с учетом счетов эскроу),2019-01-11,6258612.0,в инвалюте
    вклады (депозиты) и другие привлеченные средства физических лиц (с учетом счетов эскроу),2019-01-12,6228867.0,в инвалюте
    вклады (депозиты) и другие привлеченные средства физических лиц (с учетом счетов эскроу),2020-01-01,6102202.0,в инвалюте
    вклады (депозиты) и другие привлеченные средства физических лиц (с учетом счетов эскроу),2020-01-02,6194874.0,в инвалюте
    вклады (депозиты) и другие привлеченные средства физических лиц (с учетом счетов эскроу),2020-01-03,6330397.0,в инвалюте
    вклады (депозиты) и другие привлеченные средства физических лиц (с учетом счетов эскроу),2020-01-04,7115344.0,в инвалюте
    вклады (депозиты) и другие привлеченные средства физических лиц (с учетом счетов эскроу),2020-01-05,6672234.0,в инвалюте
    вклады (депозиты) и другие привлеченные средства физических лиц (с учетом счетов эскроу),2020-01-06,6469743.0,в инвалюте
    вклады (депозиты) и другие привлеченные средства физических лиц (с учетом счетов эскроу),2020-01-07,6445381.0,в инвалюте
    вклады (депозиты) и другие привлеченные средства физических лиц (с учетом счетов эскроу),2020-01-08,6784955.0,в инвалюте
    вклады (депозиты) и другие привлеченные средства физических лиц (с учетом счетов эскроу),2020-01-09,6885006.0,в инвалюте
    вклады (депозиты) и другие привлеченные средства физических лиц (с учетом счетов эскроу),2020-01-10,7257773.0,в инвалюте
    вклады (депозиты) и другие привлеченные средства физических лиц (с учетом счетов эскроу),2020-01-11,7193624.0,в инвалюте
    вклады (депозиты) и другие привлеченные средства физических лиц (с учетом счетов эскроу),2020-01-12,6981773.0,в инвалюте
    вклады (депозиты) и другие привлеченные средства физических лиц (с учетом счетов эскроу),2021-01-01,7045386.0,в инвалюте
    вклады (депозиты) и другие привлеченные средства физических лиц (с учетом счетов эскроу),2021-01-02,7233326.0,в инвалюте
    вклады (депозиты) и другие привлеченные средства физических лиц (с учетом счетов эскроу),2021-01-03,6983642.0,в инвалюте
    вклады (депозиты) и другие привлеченные средства физических лиц (с учетом счетов эскроу),2021-01-04,7098178.0,в инвалюте
    вклады (депозиты) и другие привлеченные средства физических лиц (с учетом счетов эскроу),2021-01-05,7040401.0,в инвалюте
    вклады (депозиты) и другие привлеченные средства физических лиц (с учетом счетов эскроу),2021-01-06,7004958.0,в инвалюте
    вклады (депозиты) и другие привлеченные средства физических лиц (с учетом счетов эскроу),2021-01-07,6954007.0,в инвалюте
    вклады (депозиты) и другие привлеченные средства физических лиц (с учетом счетов эскроу),2021-01-08,7031244.0,в инвалюте
    вклады (депозиты) и другие привлеченные средства физических лиц (с учетом счетов эскроу),2021-01-09,7072137.0,в инвалюте
    вклады (депозиты) и другие привлеченные средства физических лиц (с учетом счетов эскроу),2021-01-10,7087660.0,в инвалюте
    вклады (депозиты) и другие привлеченные средства физических лиц (с учетом счетов эскроу),2021-01-11,6942551.0,в инвалюте
    вклады (депозиты) и другие привлеченные средства физических лиц (с учетом счетов эскроу),2021-01-12,7191481.0,в инвалюте
    вклады (депозиты) и другие привлеченные средства физических лиц (с учетом счетов эскроу),2022-01-01,7141475.0,в инвалюте
    вклады (депозиты) и другие привлеченные средства физических лиц (с учетом счетов эскроу),2022-01-02,7309710.0,в инвалюте
    вклады (депозиты) и другие привлеченные средства физических лиц (с учетом счетов эскроу),2022-01-03,7123639.0,в инвалюте
    вклады (депозиты) и другие привлеченные средства физических лиц (с учетом счетов эскроу),2022-01-04,6340232.0,в инвалюте
    вклады (депозиты) и другие привлеченные средства физических лиц (с учетом счетов эскроу),2022-01-05,5329040.0,в инвалюте
    вклады (депозиты) и другие привлеченные средства физических лиц (с учетом счетов эскроу),2022-01-06,4856257.0,в инвалюте
    вклады (депозиты) и другие привлеченные средства физических лиц (с учетом счетов эскроу),2022-01-07,3925606.0,в инвалюте
    вклады (депозиты) и другие привлеченные средства физических лиц (с учетом счетов эскроу),2022-01-08,4516954.0,в инвалюте
    вклады (депозиты) и другие привлеченные средства физических лиц (с учетом счетов эскроу),2022-01-09,4263371.0,в инвалюте
    вклады (депозиты) и другие привлеченные средства физических лиц (с учетом счетов эскроу),2022-01-10,3639989.0,в инвалюте
    вклады (депозиты) и другие привлеченные средства физических лиц (с учетом счетов эскроу),2022-01-11,3678590.0,в инвалюте
    вклады (депозиты) и другие привлеченные средства физических лиц (с учетом счетов эскроу),2022-01-12,3617624.0,в инвалюте
    вклады (депозиты) и другие привлеченные средства физических лиц (с учетом счетов эскроу),2023-01-01,4088605.0,в инвалюте
    вклады (депозиты) и другие привлеченные средства физических лиц (с учетом счетов эскроу),2023-01-02,4021547.0,в инвалюте
    вклады (депозиты) и другие привлеченные средства физических лиц (с учетом счетов эскроу),2023-01-03,4213972.0,в инвалюте
    вклады (депозиты) и другие привлеченные средства физических лиц (с учетом счетов эскроу),2023-01-04,4077719.0,в инвалюте
    вклады (депозиты) и другие привлеченные средства физических лиц (с учетом счетов эскроу),2023-01-05,4074736.0,в инвалюте
    вклады (депозиты) и другие привлеченные средства физических лиц (с учетом счетов эскроу),2023-01-06,4000322.0,в инвалюте
    вклады (депозиты) и другие привлеченные средства физических лиц (с учетом счетов эскроу),2023-01-07,4211554.0,в инвалюте
    вклады (депозиты) и другие привлеченные средства физических лиц (с учетом счетов эскроу),2023-01-08,4325729.0,в инвалюте
    вклады (депозиты) и другие привлеченные средства физических лиц (с учетом счетов эскроу),2023-01-09,4429442.0,в инвалюте
    вклады (депозиты) и другие привлеченные средства физических лиц (с учетом счетов эскроу),2023-01-10,4398770.0,в инвалюте
    вклады (депозиты) и другие привлеченные средства физических лиц (с учетом счетов эскроу),2023-01-11,4167253.0,в инвалюте
    вклады (депозиты) и другие привлеченные средства физических лиц (с учетом счетов эскроу),2023-01-12,3988688.0,в инвалюте
    вклады (депозиты) и другие привлеченные средства физических лиц (с учетом счетов эскроу),2024-01-01,4051617.0,в инвалюте
    вклады (депозиты) и другие привлеченные средства физических лиц (с учетом счетов эскроу),2024-01-02,3995912.0,в инвалюте
    вклады (депозиты) и другие привлеченные средства физических лиц (с учетом счетов эскроу),2024-01-03,4057372.0,в инвалюте
    вклады (депозиты) и другие привлеченные средства физических лиц (с учетом счетов эскроу),2024-01-04,4077169.0,в инвалюте
    вклады (депозиты) и другие привлеченные средства физических лиц (с учетом счетов эскроу),2024-01-05,4016671.0,в инвалюте
    вклады (депозиты) и другие привлеченные средства физических лиц (с учетом счетов эскроу),2024-01-06,3944790.0,в инвалюте
    вклады (депозиты) и другие привлеченные средства физических лиц (с учетом счетов эскроу),2024-01-07,3693081.0,в инвалюте
    вклады (депозиты) и другие привлеченные средства физических лиц (с учетом счетов эскроу),2024-01-08,3692416.0,в инвалюте
    вклады (депозиты) и другие привлеченные средства физических лиц (с учетом счетов эскроу),2024-01-09,3820506.0,в инвалюте
    вклады (депозиты) и другие привлеченные средства физических лиц (с учетом счетов эскроу),2024-01-10,3863356.0,в инвалюте
    вклады (депозиты) и другие привлеченные средства физических лиц (с учетом счетов эскроу),2024-01-11,3946811.0,в инвалюте
    вклады (депозиты) и другие привлеченные средства физических лиц (с учетом счетов эскроу),2024-01-12,4185013.0,в инвалюте
    вклады (депозиты) и другие привлеченные средства физических лиц (с учетом счетов эскроу),2025-01-01,3891924.0,в инвалюте
    вклады (депозиты) и другие привлеченные средства физических лиц (с учетом счетов эскроу),2025-01-02,3770963.0,в инвалюте
    вклады (депозиты) и другие привлеченные средства физических лиц (с учетом счетов эскроу),2025-01-03,3386579.0,в инвалюте
    вклады (депозиты) и другие привлеченные средства физических лиц (с учетом счетов эскроу),2025-01-04,3256785.0,в инвалюте
    вклады (депозиты) и другие привлеченные средства физических лиц (с учетом счетов эскроу),2025-01-05,3221267.0,в инвалюте
    вклады (депозиты) и другие привлеченные средства физических лиц (с учетом счетов эскроу),2025-01-06,3117983.0,в инвалюте
    вклады (депозиты) и другие привлеченные средства физических лиц (с учетом счетов эскроу),2025-01-07,3129554.0,в инвалюте
    вклады (депозиты) и другие привлеченные средства физических лиц (с учетом счетов эскроу),2025-01-08,3269114.0,в инвалюте
    вклады (депозиты) и другие привлеченные средства физических лиц (с учетом счетов эскроу),2025-01-09,3223111.0,в инвалюте
    вклады (депозиты) и другие привлеченные средства физических лиц (с учетом счетов эскроу),2025-01-10,3358773.0,в инвалюте
    вклады (депозиты) и другие привлеченные средства физических лиц (с учетом счетов эскроу),2025-01-11,3497260.0,в инвалюте
    вклады (депозиты) и другие привлеченные средства физических лиц (с учетом счетов эскроу),2025-01-12,3460436.0,в инвалюте
    вклады (депозиты) и другие привлеченные средства физических лиц (с учетом счетов эскроу),2026-01-01,3475588.0,в инвалюте
    вклады (депозиты) и другие привлеченные средства физических лиц (с учетом счетов эскроу),2026-01-02,3451712.0,в инвалюте
    вклады (депозиты) и другие привлеченные средства физических лиц (с учетом счетов эскроу),2026-01-03,3357259.0,в инвалюте
    вклады (депозиты) и другие привлеченные средства физических лиц (с учетом счетов эскроу),2026-01-04,3265653.0,в инвалюте
    вклады (депозиты) и другие привлеченные средства физических лиц (с учетом счетов эскроу),2026-01-05,3043054.0,в инвалюте
    депозиты юридических лиц*,2012-01-02,1723058.0,в инвалюте
    депозиты юридических лиц*,2012-01-03,1619105.0,в инвалюте
    депозиты юридических лиц*,2012-01-04,1648918.0,в инвалюте
    депозиты юридических лиц*,2012-01-05,1779645.0,в инвалюте
    депозиты юридических лиц*,2012-01-06,1911766.0,в инвалюте
    депозиты юридических лиц*,2012-01-07,1911333.0,в инвалюте
    депозиты юридических лиц*,2012-01-08,1936073.0,в инвалюте
    депозиты юридических лиц*,2012-01-09,1946932.0,в инвалюте
    депозиты юридических лиц*,2012-01-10,1876327.0,в инвалюте
    депозиты юридических лиц*,2012-01-11,1989642.0,в инвалюте
    депозиты юридических лиц*,2012-01-12,1904116.0,в инвалюте
    депозиты юридических лиц*,2013-01-01,1896188.0,в инвалюте
    депозиты юридических лиц*,2013-01-02,1707835.0,в инвалюте
    депозиты юридических лиц*,2013-01-03,1653027.0,в инвалюте
    депозиты юридических лиц*,2013-01-04,1820684.0,в инвалюте
    депозиты юридических лиц*,2013-01-05,1958619.0,в инвалюте
    депозиты юридических лиц*,2013-01-06,1954771.0,в инвалюте
    депозиты юридических лиц*,2013-01-07,2028362.0,в инвалюте
    депозиты юридических лиц*,2013-01-08,2038424.0,в инвалюте
    депозиты юридических лиц*,2013-01-09,2098526.0,в инвалюте
    депозиты юридических лиц*,2013-01-10,2135709.0,в инвалюте
    депозиты юридических лиц*,2013-01-11,2160667.0,в инвалюте
    депозиты юридических лиц*,2013-01-12,2210439.0,в инвалюте
    депозиты юридических лиц*,2014-01-01,2298818.0,в инвалюте
    депозиты юридических лиц*,2014-01-02,2430729.0,в инвалюте
    депозиты юридических лиц*,2014-01-03,2774443.0,в инвалюте
    депозиты юридических лиц*,2014-01-04,2830459.0,в инвалюте
    депозиты юридических лиц*,2014-01-05,2858743.0,в инвалюте
    депозиты юридических лиц*,2014-01-06,2921102.0,в инвалюте
    депозиты юридических лиц*,2014-01-07,2804826.0,в инвалюте
    депозиты юридических лиц*,2014-01-08,2742059.0,в инвалюте
    депозиты юридических лиц*,2014-01-09,2818787.0,в инвалюте
    депозиты юридических лиц*,2014-01-10,3170744.0,в инвалюте
    депозиты юридических лиц*,2014-01-11,3649417.0,в инвалюте
    депозиты юридических лиц*,2014-01-12,4131945.0,в инвалюте
    депозиты юридических лиц*,2015-01-01,4586078.0,в инвалюте
    депозиты юридических лиц*,2015-01-02,5393053.0,в инвалюте
    депозиты юридических лиц*,2015-01-03,5020449.0,в инвалюте
    депозиты юридических лиц*,2015-01-04,4646314.0,в инвалюте
    депозиты юридических лиц*,2015-01-05,4106143.0,в инвалюте
    депозиты юридических лиц*,2015-01-06,4041168.0,в инвалюте
    депозиты юридических лиц*,2015-01-07,4408816.0,в инвалюте
    депозиты юридических лиц*,2015-01-08,4783465.0,в инвалюте
    депозиты юридических лиц*,2015-01-09,5453246.0,в инвалюте
    депозиты юридических лиц*,2015-01-10,5505363.0,в инвалюте
    депозиты юридических лиц*,2015-01-11,5365859.0,в инвалюте
    депозиты юридических лиц*,2015-01-12,5620337.0,в инвалюте
    депозиты юридических лиц*,2016-01-01,6293696.0,в инвалюте
    депозиты юридических лиц*,2016-01-02,6099610.0,в инвалюте
    депозиты юридических лиц*,2016-01-03,5782209.0,в инвалюте
    депозиты юридических лиц*,2016-01-04,5157832.0,в инвалюте
    депозиты юридических лиц*,2016-01-05,4993260.0,в инвалюте
    депозиты юридических лиц*,2016-01-06,5037593.0,в инвалюте
    депозиты юридических лиц*,2016-01-07,4813989.0,в инвалюте
    депозиты юридических лиц*,2016-01-08,4695342.0,в инвалюте
    депозиты юридических лиц*,2016-01-09,4525239.0,в инвалюте
    депозиты юридических лиц*,2016-01-10,4352139.0,в инвалюте
    депозиты юридических лиц*,2016-01-11,4380332.0,в инвалюте
    депозиты юридических лиц*,2016-01-12,4464516.0,в инвалюте
    депозиты юридических лиц*,2017-01-01,4597238.0,в инвалюте
    депозиты юридических лиц*,2017-01-02,4401422.0,в инвалюте
    депозиты юридических лиц*,2017-01-03,4456743.0,в инвалюте
    депозиты юридических лиц*,2017-01-04,4394974.0,в инвалюте
    депозиты юридических лиц*,2017-01-05,4472268.0,в инвалюте
    депозиты юридических лиц*,2017-01-06,4476518.0,в инвалюте
    депозиты юридических лиц*,2017-01-07,4595068.0,в инвалюте
    депозиты юридических лиц*,2017-01-08,4679268.0,в инвалюте
    депозиты юридических лиц*,2017-01-09,4728503.0,в инвалюте
    депозиты юридических лиц*,2017-01-10,4710221.0,в инвалюте
    депозиты юридических лиц*,2017-01-11,4547408.0,в инвалюте
    депозиты юридических лиц*,2017-01-12,4683309.0,в инвалюте
    депозиты юридических лиц*,2018-01-01,4728882.0,в инвалюте
    депозиты юридических лиц*,2018-01-02,4421481.0,в инвалюте
    депозиты юридических лиц*,2018-01-03,4549433.0,в инвалюте
    депозиты юридических лиц*,2018-01-04,4725404.0,в инвалюте
    депозиты юридических лиц*,2018-01-05,4961774.0,в инвалюте
    депозиты юридических лиц*,2018-01-06,5130396.0,в инвалюте
    депозиты юридических лиц*,2018-01-07,5035004.0,в инвалюте
    депозиты юридических лиц*,2018-01-08,4910193.0,в инвалюте
    депозиты юридических лиц*,2018-01-09,5185570.0,в инвалюте
    депозиты юридических лиц*,2018-01-10,5148576.0,в инвалюте
    депозиты юридических лиц*,2018-01-11,5310512.0,в инвалюте
    депозиты юридических лиц*,2018-01-12,5462316.0,в инвалюте
    депозиты юридических лиц*,2019-01-01,5565940.0,в инвалюте
    депозиты юридических лиц*,2019-01-02,5428029.0,в инвалюте
    депозиты юридических лиц*,2019-01-03,5426753.0,в инвалюте
    депозиты юридических лиц*,2019-01-04,5289709.0,в инвалюте
    депозиты юридических лиц*,2019-01-05,5325767.0,в инвалюте
    депозиты юридических лиц*,2019-01-06,5253502.0,в инвалюте
    депозиты юридических лиц*,2019-01-07,4996457.0,в инвалюте
    депозиты юридических лиц*,2019-01-08,4967839.0,в инвалюте
    депозиты юридических лиц*,2019-01-09,5231694.0,в инвалюте
    депозиты юридических лиц*,2019-01-10,5030877.0,в инвалюте
    депозиты юридических лиц*,2019-01-11,5014512.0,в инвалюте
    депозиты юридических лиц*,2019-01-12,5021466.0,в инвалюте
    депозиты юридических лиц*,2020-01-01,4881217.0,в инвалюте
    депозиты юридических лиц*,2020-01-02,4863805.0,в инвалюте
    депозиты юридических лиц*,2020-01-03,5260978.0,в инвалюте
    депозиты юридических лиц*,2020-01-04,6369512.0,в инвалюте
    депозиты юридических лиц*,2020-01-05,5730364.0,в инвалюте
    депозиты юридических лиц*,2020-01-06,5394174.0,в инвалюте
    депозиты юридических лиц*,2020-01-07,5267356.0,в инвалюте
    депозиты юридических лиц*,2020-01-08,5597134.0,в инвалюте
    депозиты юридических лиц*,2020-01-09,5680199.0,в инвалюте
    депозиты юридических лиц*,2020-01-10,6008363.0,в инвалюте
    депозиты юридических лиц*,2020-01-11,6050773.0,в инвалюте
    депозиты юридических лиц*,2020-01-12,6029672.0,в инвалюте
    депозиты юридических лиц*,2021-01-01,6184356.0,в инвалюте
    депозиты юридических лиц*,2021-01-02,6120370.0,в инвалюте
    депозиты юридических лиц*,2021-01-03,6013094.0,в инвалюте
    депозиты юридических лиц*,2021-01-04,6133041.0,в инвалюте
    депозиты юридических лиц*,2021-01-05,6025276.0,в инвалюте
    депозиты юридических лиц*,2021-01-06,5918146.0,в инвалюте
    депозиты юридических лиц*,2021-01-07,5753590.0,в инвалюте
    депозиты юридических лиц*,2021-01-08,5939405.0,в инвалюте
    депозиты юридических лиц*,2021-01-09,6239729.0,в инвалюте
    депозиты юридических лиц*,2021-01-10,6326533.0,в инвалюте
    депозиты юридических лиц*,2021-01-11,6052921.0,в инвалюте
    депозиты юридических лиц*,2021-01-12,6471719.0,в инвалюте
    депозиты юридических лиц*,2022-01-01,6575418.0,в инвалюте
    депозиты юридических лиц*,2022-01-02,6622085.0,в инвалюте
    депозиты юридических лиц*,2022-01-03,7054759.0,в инвалюте
    депозиты юридических лиц*,2022-01-04,7113153.0,в инвалюте
    депозиты юридических лиц*,2022-01-05,5567140.0,в инвалюте
    депозиты юридических лиц*,2022-01-06,4655458.0,в инвалюте
    депозиты юридических лиц*,2022-01-07,3471256.0,в инвалюте
    депозиты юридических лиц*,2022-01-08,4912222.0,в инвалюте
    депозиты юридических лиц*,2022-01-09,3946677.0,в инвалюте
    депозиты юридических лиц*,2022-01-10,3722477.0,в инвалюте
    депозиты юридических лиц*,2022-01-11,4199872.0,в инвалюте
    депозиты юридических лиц*,2022-01-12,4321873.0,в инвалюте
    депозиты юридических лиц*,2023-01-01,5198949.0,в инвалюте
    депозиты юридических лиц*,2023-01-02,5129609.0,в инвалюте
    депозиты юридических лиц*,2023-01-03,5633959.0,в инвалюте
    депозиты юридических лиц*,2023-01-04,6236256.0,в инвалюте
    депозиты юридических лиц*,2023-01-05,6636459.0,в инвалюте
    депозиты юридических лиц*,2023-01-06,6737036.0,в инвалюте
    депозиты юридических лиц*,2023-01-07,7134062.0,в инвалюте
    депозиты юридических лиц*,2023-01-08,7779134.0,в инвалюте
    депозиты юридических лиц*,2023-01-09,8426447.0,в инвалюте
    депозиты юридических лиц*,2023-01-10,8562142.0,в инвалюте
    депозиты юридических лиц*,2023-01-11,8212625.0,в инвалюте
    депозиты юридических лиц*,2023-01-12,8035456.0,в инвалюте
    депозиты юридических лиц*,2024-01-01,8028161.0,в инвалюте
    депозиты юридических лиц*,2024-01-02,7701661.0,в инвалюте
    депозиты юридических лиц*,2024-01-03,7989621.0,в инвалюте
    депозиты юридических лиц*,2024-01-04,8124580.0,в инвалюте
    депозиты юридических лиц*,2024-01-05,8171791.0,в инвалюте
    депозиты юридических лиц*,2024-01-06,8047824.0,в инвалюте
    депозиты юридических лиц*,2024-01-07,7304100.0,в инвалюте
    депозиты юридических лиц*,2024-01-08,7637222.0,в инвалюте
    депозиты юридических лиц*,2024-01-09,7827432.0,в инвалюте
    депозиты юридических лиц*,2024-01-10,8171452.0,в инвалюте
    депозиты юридических лиц*,2024-01-11,8367375.0,в инвалюте
    депозиты юридических лиц*,2024-01-12,9138816.0,в инвалюте
    депозиты юридических лиц*,2025-01-01,8655407.0,в инвалюте
    депозиты юридических лиц*,2025-01-02,8226418.0,в инвалюте
    депозиты юридических лиц*,2025-01-03,7407495.0,в инвалюте
    депозиты юридических лиц*,2025-01-04,7004819.0,в инвалюте
    депозиты юридических лиц*,2025-01-05,6936689.0,в инвалюте
    депозиты юридических лиц*,2025-01-06,6680076.0,в инвалюте
    депозиты юридических лиц*,2025-01-07,6760072.0,в инвалюте
    депозиты юридических лиц*,2025-01-08,7070788.0,в инвалюте
    депозиты юридических лиц*,2025-01-09,7063436.0,в инвалюте
    депозиты юридических лиц*,2025-01-10,7499344.0,в инвалюте
    депозиты юридических лиц*,2025-01-11,7500259.0,в инвалюте
    депозиты юридических лиц*,2025-01-12,7276169.0,в инвалюте
    депозиты юридических лиц*,2026-01-01,7747516.0,в инвалюте
    депозиты юридических лиц*,2026-01-02,7473252.0,в инвалюте
    депозиты юридических лиц*,2026-01-03,8017192.0,в инвалюте
    депозиты юридических лиц*,2026-01-04,8437439.0,в инвалюте
    депозиты юридических лиц*,2026-01-05,7723915.0,в инвалюте
    средства индивидуальных предпринимателей,2013-01-02,2582.0,в инвалюте
    средства индивидуальных предпринимателей,2013-01-03,2657.0,в инвалюте
    средства индивидуальных предпринимателей,2013-01-04,2593.0,в инвалюте
    средства индивидуальных предпринимателей,2013-01-05,2472.0,в инвалюте
    средства индивидуальных предпринимателей,2013-01-06,2577.0,в инвалюте
    средства индивидуальных предпринимателей,2013-01-07,2635.0,в инвалюте
    средства индивидуальных предпринимателей,2013-01-08,2593.0,в инвалюте
    средства индивидуальных предпринимателей,2013-01-09,2618.0,в инвалюте
    средства индивидуальных предпринимателей,2013-01-10,2942.0,в инвалюте
    средства индивидуальных предпринимателей,2013-01-11,2786.0,в инвалюте
    средства индивидуальных предпринимателей,2013-01-12,2821.0,в инвалюте
    средства индивидуальных предпринимателей,2014-01-01,2709.0,в инвалюте
    средства индивидуальных предпринимателей,2014-01-02,3190.0,в инвалюте
    средства индивидуальных предпринимателей,2014-01-03,3560.0,в инвалюте
    средства индивидуальных предпринимателей,2014-01-04,4351.0,в инвалюте
    средства индивидуальных предпринимателей,2014-01-05,4198.0,в инвалюте
    средства индивидуальных предпринимателей,2014-01-06,4320.0,в инвалюте
    средства индивидуальных предпринимателей,2014-01-07,4331.0,в инвалюте
    средства индивидуальных предпринимателей,2014-01-08,5706.0,в инвалюте
    средства индивидуальных предпринимателей,2014-01-09,5527.0,в инвалюте
    средства индивидуальных предпринимателей,2014-01-10,5301.0,в инвалюте
    средства индивидуальных предпринимателей,2014-01-11,6171.0,в инвалюте
    средства индивидуальных предпринимателей,2014-01-12,7120.0,в инвалюте
    средства индивидуальных предпринимателей,2015-01-01,10659.0,в инвалюте
    средства индивидуальных предпринимателей,2015-01-02,21065.0,в инвалюте
    средства индивидуальных предпринимателей,2015-01-03,9914.0,в инвалюте
    средства индивидуальных предпринимателей,2015-01-04,9339.0,в инвалюте
    средства индивидуальных предпринимателей,2015-01-05,8503.0,в инвалюте
    средства индивидуальных предпринимателей,2015-01-06,8250.0,в инвалюте
    средства индивидуальных предпринимателей,2015-01-07,8307.0,в инвалюте
    средства индивидуальных предпринимателей,2015-01-08,8849.0,в инвалюте
    средства индивидуальных предпринимателей,2015-01-09,10834.0,в инвалюте
    средства индивидуальных предпринимателей,2015-01-10,10417.0,в инвалюте
    средства индивидуальных предпринимателей,2015-01-11,10192.0,в инвалюте
    средства индивидуальных предпринимателей,2015-01-12,11143.0,в инвалюте
    средства индивидуальных предпринимателей,2016-01-01,11928.0,в инвалюте
    средства индивидуальных предпринимателей,2016-01-02,13110.0,в инвалюте
    средства индивидуальных предпринимателей,2016-01-03,13298.0,в инвалюте
    средства индивидуальных предпринимателей,2016-01-04,12127.0,в инвалюте
    средства индивидуальных предпринимателей,2016-01-05,11673.0,в инвалюте
    средства индивидуальных предпринимателей,2016-01-06,12072.0,в инвалюте
    средства индивидуальных предпринимателей,2016-01-07,11839.0,в инвалюте
    средства индивидуальных предпринимателей,2016-01-08,13174.0,в инвалюте
    средства индивидуальных предпринимателей,2016-01-09,13112.0,в инвалюте
    средства индивидуальных предпринимателей,2016-01-10,13075.0,в инвалюте
    средства индивидуальных предпринимателей,2016-01-11,13666.0,в инвалюте
    средства индивидуальных предпринимателей,2016-01-12,13696.0,в инвалюте
    средства индивидуальных предпринимателей,2017-01-01,13090.0,в инвалюте
    средства индивидуальных предпринимателей,2017-01-02,12529.0,в инвалюте
    средства индивидуальных предпринимателей,2017-01-03,12506.0,в инвалюте
    средства индивидуальных предпринимателей,2017-01-04,12392.0,в инвалюте
    средства индивидуальных предпринимателей,2017-01-05,12708.0,в инвалюте
    средства индивидуальных предпринимателей,2017-01-06,13060.0,в инвалюте
    средства индивидуальных предпринимателей,2017-01-07,13447.0,в инвалюте
    средства индивидуальных предпринимателей,2017-01-08,13941.0,в инвалюте
    средства индивидуальных предпринимателей,2017-01-09,14854.0,в инвалюте
    средства индивидуальных предпринимателей,2017-01-10,15953.0,в инвалюте
    средства индивидуальных предпринимателей,2017-01-11,14960.0,в инвалюте
    средства индивидуальных предпринимателей,2017-01-12,16126.0,в инвалюте
    средства индивидуальных предпринимателей,2018-01-01,15492.0,в инвалюте
    средства индивидуальных предпринимателей,2018-01-02,16488.0,в инвалюте
    средства индивидуальных предпринимателей,2018-01-03,16594.0,в инвалюте
    средства индивидуальных предпринимателей,2018-01-04,16413.0,в инвалюте
    средства индивидуальных предпринимателей,2018-01-05,16276.0,в инвалюте
    средства индивидуальных предпринимателей,2018-01-06,16756.0,в инвалюте
    средства индивидуальных предпринимателей,2018-01-07,17922.0,в инвалюте
    средства индивидуальных предпринимателей,2018-01-08,18745.0,в инвалюте
    средства индивидуальных предпринимателей,2018-01-09,19554.0,в инвалюте
    средства индивидуальных предпринимателей,2018-01-10,20536.0,в инвалюте
    средства индивидуальных предпринимателей,2018-01-11,20846.0,в инвалюте
    средства индивидуальных предпринимателей,2018-01-12,23256.0,в инвалюте
    средства индивидуальных предпринимателей,2019-01-01,23400.0,в инвалюте
    средства индивидуальных предпринимателей,2019-01-02,26048.0,в инвалюте
    средства индивидуальных предпринимателей,2019-01-03,25553.0,в инвалюте
    средства индивидуальных предпринимателей,2019-01-04,25640.0,в инвалюте
    средства индивидуальных предпринимателей,2019-01-05,25615.0,в инвалюте
    средства индивидуальных предпринимателей,2019-01-06,25624.0,в инвалюте
    средства индивидуальных предпринимателей,2019-01-07,26042.0,в инвалюте
    средства индивидуальных предпринимателей,2019-01-08,25592.0,в инвалюте
    средства индивидуальных предпринимателей,2019-01-09,25204.0,в инвалюте
    средства индивидуальных предпринимателей,2019-01-10,25617.0,в инвалюте
    средства индивидуальных предпринимателей,2019-01-11,26590.0,в инвалюте
    средства индивидуальных предпринимателей,2019-01-12,26552.0,в инвалюте
    средства индивидуальных предпринимателей,2020-01-01,28425.0,в инвалюте
    средства индивидуальных предпринимателей,2020-01-02,30154.0,в инвалюте
    средства индивидуальных предпринимателей,2020-01-03,28401.0,в инвалюте
    средства индивидуальных предпринимателей,2020-01-04,35945.0,в инвалюте
    средства индивидуальных предпринимателей,2020-01-05,37429.0,в инвалюте
    средства индивидуальных предпринимателей,2020-01-06,36595.0,в инвалюте
    средства индивидуальных предпринимателей,2020-01-07,37068.0,в инвалюте
    средства индивидуальных предпринимателей,2020-01-08,38886.0,в инвалюте
    средства индивидуальных предпринимателей,2020-01-09,40236.0,в инвалюте
    средства индивидуальных предпринимателей,2020-01-10,42950.0,в инвалюте
    средства индивидуальных предпринимателей,2020-01-11,43252.0,в инвалюте
    средства индивидуальных предпринимателей,2020-01-12,44749.0,в инвалюте
    средства индивидуальных предпринимателей,2021-01-01,50401.0,в инвалюте
    средства индивидуальных предпринимателей,2021-01-02,51508.0,в инвалюте
    средства индивидуальных предпринимателей,2021-01-03,52323.0,в инвалюте
    средства индивидуальных предпринимателей,2021-01-04,51509.0,в инвалюте
    средства индивидуальных предпринимателей,2021-01-05,51636.0,в инвалюте
    средства индивидуальных предпринимателей,2021-01-06,51750.0,в инвалюте
    средства индивидуальных предпринимателей,2021-01-07,53902.0,в инвалюте
    средства индивидуальных предпринимателей,2021-01-08,53236.0,в инвалюте
    средства индивидуальных предпринимателей,2021-01-09,54335.0,в инвалюте
    средства индивидуальных предпринимателей,2021-01-10,55777.0,в инвалюте
    средства индивидуальных предпринимателей,2021-01-11,54871.0,в инвалюте
    средства индивидуальных предпринимателей,2021-01-12,55890.0,в инвалюте
    средства индивидуальных предпринимателей,2022-01-01,58665.0,в инвалюте
    средства индивидуальных предпринимателей,2022-01-02,59466.0,в инвалюте
    средства индивидуальных предпринимателей,2022-01-03,57146.0,в инвалюте
    средства индивидуальных предпринимателей,2022-01-04,41118.0,в инвалюте
    средства индивидуальных предпринимателей,2022-01-05,37643.0,в инвалюте
    средства индивидуальных предпринимателей,2022-01-06,38259.0,в инвалюте
    средства индивидуальных предпринимателей,2022-01-07,32542.0,в инвалюте
    средства индивидуальных предпринимателей,2022-01-08,40075.0,в инвалюте
    средства индивидуальных предпринимателей,2022-01-09,35278.0,в инвалюте
    средства индивидуальных предпринимателей,2022-01-10,30845.0,в инвалюте
    средства индивидуальных предпринимателей,2022-01-11,30078.0,в инвалюте
    средства индивидуальных предпринимателей,2022-01-12,30521.0,в инвалюте
    средства индивидуальных предпринимателей,2023-01-01,35404.0,в инвалюте
    средства индивидуальных предпринимателей,2023-01-02,35685.0,в инвалюте
    средства индивидуальных предпринимателей,2023-01-03,37817.0,в инвалюте
    средства индивидуальных предпринимателей,2023-01-04,32619.0,в инвалюте
    средства индивидуальных предпринимателей,2023-01-05,32667.0,в инвалюте
    средства индивидуальных предпринимателей,2023-01-06,32721.0,в инвалюте
    средства индивидуальных предпринимателей,2023-01-07,33260.0,в инвалюте
    средства индивидуальных предпринимателей,2023-01-08,31703.0,в инвалюте
    средства индивидуальных предпринимателей,2023-01-09,32740.0,в инвалюте
    средства индивидуальных предпринимателей,2023-01-10,32029.0,в инвалюте
    средства индивидуальных предпринимателей,2023-01-11,31405.0,в инвалюте
    средства индивидуальных предпринимателей,2023-01-12,29942.0,в инвалюте
    средства индивидуальных предпринимателей,2024-01-01,29993.0,в инвалюте
    средства индивидуальных предпринимателей,2024-01-02,30177.0,в инвалюте
    средства индивидуальных предпринимателей,2024-01-03,30494.0,в инвалюте
    средства индивидуальных предпринимателей,2024-01-04,31904.0,в инвалюте
    средства индивидуальных предпринимателей,2024-01-05,31193.0,в инвалюте
    средства индивидуальных предпринимателей,2024-01-06,33767.0,в инвалюте
    средства индивидуальных предпринимателей,2024-01-07,31952.0,в инвалюте
    средства индивидуальных предпринимателей,2024-01-08,31551.0,в инвалюте
    средства индивидуальных предпринимателей,2024-01-09,28432.0,в инвалюте
    средства индивидуальных предпринимателей,2024-01-10,27368.0,в инвалюте
    средства индивидуальных предпринимателей,2024-01-11,25843.0,в инвалюте
    средства индивидуальных предпринимателей,2024-01-12,28253.0,в инвалюте
    средства индивидуальных предпринимателей,2025-01-01,26180.0,в инвалюте
    средства индивидуальных предпринимателей,2025-01-02,25998.0,в инвалюте
    средства индивидуальных предпринимателей,2025-01-03,24816.0,в инвалюте
    средства индивидуальных предпринимателей,2025-01-04,24346.0,в инвалюте
    средства индивидуальных предпринимателей,2025-01-05,23635.0,в инвалюте
    средства индивидуальных предпринимателей,2025-01-06,23384.0,в инвалюте
    средства индивидуальных предпринимателей,2025-01-07,23453.0,в инвалюте
    средства индивидуальных предпринимателей,2025-01-08,24660.0,в инвалюте
    средства индивидуальных предпринимателей,2025-01-09,23844.0,в инвалюте
    средства индивидуальных предпринимателей,2025-01-10,24974.0,в инвалюте
    средства индивидуальных предпринимателей,2025-01-11,25426.0,в инвалюте
    средства индивидуальных предпринимателей,2025-01-12,27502.0,в инвалюте
    средства индивидуальных предпринимателей,2026-01-01,28063.0,в инвалюте
    средства индивидуальных предпринимателей,2026-01-02,27583.0,в инвалюте
    средства индивидуальных предпринимателей,2026-01-03,26474.0,в инвалюте
    средства индивидуальных предпринимателей,2026-01-04,27153.0,в инвалюте
    средства индивидуальных предпринимателей,2026-01-05,26528.0,в инвалюте
    средства на счетах организаций,2012-01-02,787260.0,в инвалюте
    средства на счетах организаций,2012-01-03,794990.0,в инвалюте
    средства на счетах организаций,2012-01-04,767562.0,в инвалюте
    средства на счетах организаций,2012-01-05,715719.0,в инвалюте
    средства на счетах организаций,2012-01-06,790099.0,в инвалюте
    средства на счетах организаций,2012-01-07,720913.0,в инвалюте
    средства на счетах организаций,2012-01-08,770075.0,в инвалюте
    средства на счетах организаций,2012-01-09,678470.0,в инвалюте
    средства на счетах организаций,2012-01-10,807935.0,в инвалюте
    средства на счетах организаций,2012-01-11,854403.0,в инвалюте
    средства на счетах организаций,2012-01-12,871383.0,в инвалюте
    средства на счетах организаций,2013-01-01,764386.0,в инвалюте
    средства на счетах организаций,2013-01-02,983484.0,в инвалюте
    средства на счетах организаций,2013-01-03,1010173.0,в инвалюте
    средства на счетах организаций,2013-01-04,902171.0,в инвалюте
    средства на счетах организаций,2013-01-05,889689.0,в инвалюте
    средства на счетах организаций,2013-01-06,888287.0,в инвалюте
    средства на счетах организаций,2013-01-07,1019504.0,в инвалюте
    средства на счетах организаций,2013-01-08,862340.0,в инвалюте
    средства на счетах организаций,2013-01-09,864079.0,в инвалюте
    средства на счетах организаций,2013-01-10,899267.0,в инвалюте
    средства на счетах организаций,2013-01-11,885729.0,в инвалюте
    средства на счетах организаций,2013-01-12,860718.0,в инвалюте
    средства на счетах организаций,2014-01-01,790301.0,в инвалюте
    средства на счетах организаций,2014-01-02,1360595.0,в инвалюте
    средства на счетах организаций,2014-01-03,1302549.0,в инвалюте
    средства на счетах организаций,2014-01-04,1309227.0,в инвалюте
    средства на счетах организаций,2014-01-05,1166553.0,в инвалюте
    средства на счетах организаций,2014-01-06,1184136.0,в инвалюте
    средства на счетах организаций,2014-01-07,1029401.0,в инвалюте
    средства на счетах организаций,2014-01-08,931119.0,в инвалюте
    средства на счетах организаций,2014-01-09,912774.0,в инвалюте
    средства на счетах организаций,2014-01-10,1003168.0,в инвалюте
    средства на счетах организаций,2014-01-11,1199337.0,в инвалюте
    средства на счетах организаций,2014-01-12,1261071.0,в инвалюте
    средства на счетах организаций,2015-01-01,1528691.0,в инвалюте
    средства на счетах организаций,2015-01-02,2819065.0,в инвалюте
    средства на счетах организаций,2015-01-03,2326842.0,в инвалюте
    средства на счетах организаций,2015-01-04,2210919.0,в инвалюте
    средства на счетах организаций,2015-01-05,1968769.0,в инвалюте
    средства на счетах организаций,2015-01-06,1862096.0,в инвалюте
    средства на счетах организаций,2015-01-07,2050380.0,в инвалюте
    средства на счетах организаций,2015-01-08,1994259.0,в инвалюте
    средства на счетах организаций,2015-01-09,2369326.0,в инвалюте
    средства на счетах организаций,2015-01-10,2909677.0,в инвалюте
    средства на счетах организаций,2015-01-11,2740831.0,в инвалюте
    средства на счетах организаций,2015-01-12,2699476.0,в инвалюте
    средства на счетах организаций,2016-01-01,2755476.0,в инвалюте
    средства на счетах организаций,2016-01-02,3614343.0,в инвалюте
    средства на счетах организаций,2016-01-03,3997394.0,в инвалюте
    средства на счетах организаций,2016-01-04,3702012.0,в инвалюте
    средства на счетах организаций,2016-01-05,3325888.0,в инвалюте
    средства на счетах организаций,2016-01-06,3322468.0,в инвалюте
    средства на счетах организаций,2016-01-07,3059175.0,в инвалюте
    средства на счетах организаций,2016-01-08,2952980.0,в инвалюте
    средства на счетах организаций,2016-01-09,2872521.0,в инвалюте
    средства на счетах организаций,2016-01-10,2792074.0,в инвалюте
    средства на счетах организаций,2016-01-11,2640068.0,в инвалюте
    средства на счетах организаций,2016-01-12,2695149.0,в инвалюте
    средства на счетах организаций,2017-01-01,2092055.0,в инвалюте
    средства на счетах организаций,2017-01-02,2926458.0,в инвалюте
    средства на счетах организаций,2017-01-03,2547306.0,в инвалюте
    средства на счетах организаций,2017-01-04,2407093.0,в инвалюте
    средства на счетах организаций,2017-01-05,2300026.0,в инвалюте
    средства на счетах организаций,2017-01-06,2408144.0,в инвалюте
    средства на счетах организаций,2017-01-07,2349839.0,в инвалюте
    средства на счетах организаций,2017-01-08,2483915.0,в инвалюте
    средства на счетах организаций,2017-01-09,2251063.0,в инвалюте
    средства на счетах организаций,2017-01-10,2034195.0,в инвалюте
    средства на счетах организаций,2017-01-11,2066703.0,в инвалюте
    средства на счетах организаций,2017-01-12,2229669.0,в инвалюте
    средства на счетах организаций,2018-01-01,2195744.0,в инвалюте
    средства на счетах организаций,2018-01-02,2644314.0,в инвалюте
    средства на счетах организаций,2018-01-03,2273027.0,в инвалюте
    средства на счетах организаций,2018-01-04,2435659.0,в инвалюте
    средства на счетах организаций,2018-01-05,2417934.0,в инвалюте
    средства на счетах организаций,2018-01-06,2555309.0,в инвалюте
    средства на счетах организаций,2018-01-07,2419528.0,в инвалюте
    средства на счетах организаций,2018-01-08,2395973.0,в инвалюте
    средства на счетах организаций,2018-01-09,2484736.0,в инвалюте
    средства на счетах организаций,2018-01-10,2627731.0,в инвалюте
    средства на счетах организаций,2018-01-11,2422226.0,в инвалюте
    средства на счетах организаций,2018-01-12,2474485.0,в инвалюте
    средства на счетах организаций,2019-01-01,2753161.0,в инвалюте
    средства на счетах организаций,2019-01-02,2802469.0,в инвалюте
    средства на счетах организаций,2019-01-03,2995748.0,в инвалюте
    средства на счетах организаций,2019-01-04,2874339.0,в инвалюте
    средства на счетах организаций,2019-01-05,2835417.0,в инвалюте
    средства на счетах организаций,2019-01-06,3045792.0,в инвалюте
    средства на счетах организаций,2019-01-07,2688779.0,в инвалюте
    средства на счетах организаций,2019-01-08,2641489.0,в инвалюте
    средства на счетах организаций,2019-01-09,2860369.0,в инвалюте
    средства на счетах организаций,2019-01-10,2678572.0,в инвалюте
    средства на счетах организаций,2019-01-11,2723262.0,в инвалюте
    средства на счетах организаций,2019-01-12,2624352.0,в инвалюте
    средства на счетах организаций,2020-01-01,2221855.0,в инвалюте
    средства на счетах организаций,2020-01-02,2601066.0,в инвалюте
    средства на счетах организаций,2020-01-03,2703199.0,в инвалюте
    средства на счетах организаций,2020-01-04,3204930.0,в инвалюте
    средства на счетах организаций,2020-01-05,3232603.0,в инвалюте
    средства на счетах организаций,2020-01-06,3268592.0,в инвалюте
    средства на счетах организаций,2020-01-07,2950426.0,в инвалюте
    средства на счетах организаций,2020-01-08,3111108.0,в инвалюте
    средства на счетах организаций,2020-01-09,3456159.0,в инвалюте
    средства на счетах организаций,2020-01-10,3637616.0,в инвалюте
    средства на счетах организаций,2020-01-11,3532863.0,в инвалюте
    средства на счетах организаций,2020-01-12,3881522.0,в инвалюте
    средства на счетах организаций,2021-01-01,3888992.0,в инвалюте
    средства на счетах организаций,2021-01-02,4510826.0,в инвалюте
    средства на счетах организаций,2021-01-03,4515434.0,в инвалюте
    средства на счетах организаций,2021-01-04,4418223.0,в инвалюте
    средства на счетах организаций,2021-01-05,4474928.0,в инвалюте
    средства на счетах организаций,2021-01-06,4716652.0,в инвалюте
    средства на счетах организаций,2021-01-07,4334421.0,в инвалюте
    средства на счетах организаций,2021-01-08,4343031.0,в инвалюте
    средства на счетах организаций,2021-01-09,4859167.0,в инвалюте
    средства на счетах организаций,2021-01-10,4928950.0,в инвалюте
    средства на счетах организаций,2021-01-11,4700152.0,в инвалюте
    средства на счетах организаций,2021-01-12,4950539.0,в инвалюте
    средства на счетах организаций,2022-01-01,4348979.0,в инвалюте
    средства на счетах организаций,2022-01-02,5350599.0,в инвалюте
    средства на счетах организаций,2022-01-03,5318816.0,в инвалюте
    средства на счетах организаций,2022-01-04,4346724.0,в инвалюте
    средства на счетах организаций,2022-01-05,4703115.0,в инвалюте
    средства на счетах организаций,2022-01-06,4805352.0,в инвалюте
    средства на счетах организаций,2022-01-07,4014003.0,в инвалюте
    средства на счетах организаций,2022-01-08,3844960.0,в инвалюте
    средства на счетах организаций,2022-01-09,4360943.0,в инвалюте
    средства на счетах организаций,2022-01-10,3893501.0,в инвалюте
    средства на счетах организаций,2022-01-11,3337223.0,в инвалюте
    средства на счетах организаций,2022-01-12,3066649.0,в инвалюте
    средства на счетах организаций,2023-01-01,3160094.0,в инвалюте
    средства на счетах организаций,2023-01-02,3336421.0,в инвалюте
    средства на счетах организаций,2023-01-03,3514174.0,в инвалюте
    средства на счетах организаций,2023-01-04,2896182.0,в инвалюте
    средства на счетах организаций,2023-01-05,2822707.0,в инвалюте
    средства на счетах организаций,2023-01-06,2525830.0,в инвалюте
    средства на счетах организаций,2023-01-07,2533252.0,в инвалюте
    средства на счетах организаций,2023-01-08,2609376.0,в инвалюте
    средства на счетах организаций,2023-01-09,2861970.0,в инвалюте
    средства на счетах организаций,2023-01-10,3020696.0,в инвалюте
    средства на счетах организаций,2023-01-11,2821730.0,в инвалюте
    средства на счетах организаций,2023-01-12,2670850.0,в инвалюте
    средства на счетах организаций,2024-01-01,2339120.0,в инвалюте
    средства на счетах организаций,2024-01-02,2672149.0,в инвалюте
    средства на счетах организаций,2024-01-03,2730017.0,в инвалюте
    средства на счетах организаций,2024-01-04,2623725.0,в инвалюте
    средства на счетах организаций,2024-01-05,2600821.0,в инвалюте
    средства на счетах организаций,2024-01-06,2795397.0,в инвалюте
    средства на счетах организаций,2024-01-07,2610111.0,в инвалюте
    средства на счетах организаций,2024-01-08,2726718.0,в инвалюте
    средства на счетах организаций,2024-01-09,2518558.0,в инвалюте
    средства на счетах организаций,2024-01-10,2532548.0,в инвалюте
    средства на счетах организаций,2024-01-11,2545984.0,в инвалюте
    средства на счетах организаций,2024-01-12,2503266.0,в инвалюте
    средства на счетах организаций,2025-01-01,1805444.0,в инвалюте
    средства на счетах организаций,2025-01-02,2285328.0,в инвалюте
    средства на счетах организаций,2025-01-03,2073550.0,в инвалюте
    средства на счетах организаций,2025-01-04,2033657.0,в инвалюте
    средства на счетах организаций,2025-01-05,1967866.0,в инвалюте
    средства на счетах организаций,2025-01-06,1991630.0,в инвалюте
    средства на счетах организаций,2025-01-07,1786018.0,в инвалюте
    средства на счетах организаций,2025-01-08,2024895.0,в инвалюте
    средства на счетах организаций,2025-01-09,2137916.0,в инвалюте
    средства на счетах организаций,2025-01-10,3107293.0,в инвалюте
    средства на счетах организаций,2025-01-11,3027461.0,в инвалюте
    средства на счетах организаций,2025-01-12,2940894.0,в инвалюте
    средства на счетах организаций,2026-01-01,2419483.0,в инвалюте
    средства на счетах организаций,2026-01-02,2517907.0,в инвалюте
    средства на счетах организаций,2026-01-03,2056921.0,в инвалюте
    средства на счетах организаций,2026-01-04,1873400.0,в инвалюте
    средства на счетах организаций,2026-01-05,1825013.0,в инвалюте
"Средства клиентов, всего",2012-01-02,6135568.0,в инвалюте
"Средства клиентов, всего",2012-01-03,6029028.0,в инвалюте
"Средства клиентов, всего",2012-01-04,6092439.0,в инвалюте
"Средства клиентов, всего",2012-01-05,6321619.0,в инвалюте
"Средства клиентов, всего",2012-01-06,6849573.0,в инвалюте
"Средства клиентов, всего",2012-01-07,6922243.0,в инвалюте
"Средства клиентов, всего",2012-01-08,7065881.0,в инвалюте
"Средства клиентов, всего",2012-01-09,7226280.0,в инвалюте
"Средства клиентов, всего",2012-01-10,7242073.0,в инвалюте
"Средства клиентов, всего",2012-01-11,7637548.0,в инвалюте
"Средства клиентов, всего",2012-01-12,7481364.0,в инвалюте
"Средства клиентов, всего",2013-01-01,7336149.0,в инвалюте
"Средства клиентов, всего",2013-01-02,7286052.0,в инвалюте
"Средства клиентов, всего",2013-01-03,7687071.0,в инвалюте
"Средства клиентов, всего",2013-01-04,7920189.0,в инвалюте
"Средства клиентов, всего",2013-01-05,8206663.0,в инвалюте
"Средства клиентов, всего",2013-01-06,8224839.0,в инвалюте
"Средства клиентов, всего",2013-01-07,8308337.0,в инвалюте
"Средства клиентов, всего",2013-01-08,8550367.0,в инвалюте
"Средства клиентов, всего",2013-01-09,8636156.0,в инвалюте
"Средства клиентов, всего",2013-01-10,8610297.0,в инвалюте
"Средства клиентов, всего",2013-01-11,8595232.0,в инвалюте
"Средства клиентов, всего",2013-01-12,8891430.0,в инвалюте
"Средства клиентов, всего",2014-01-01,8821574.0,в инвалюте
"Средства клиентов, всего",2014-01-02,9858144.0,в инвалюте
"Средства клиентов, всего",2014-01-03,10333547.0,в инвалюте
"Средства клиентов, всего",2014-01-04,10414830.0,в инвалюте
"Средства клиентов, всего",2014-01-05,10389890.0,в инвалюте
"Средства клиентов, всего",2014-01-06,10208345.0,в инвалюте
"Средства клиентов, всего",2014-01-07,9788011.0,в инвалюте
"Средства клиентов, всего",2014-01-08,10121218.0,в инвалюте
"Средства клиентов, всего",2014-01-09,10338967.0,в инвалюте
"Средства клиентов, всего",2014-01-10,10932585.0,в инвалюте
"Средства клиентов, всего",2014-01-11,12438242.0,в инвалюте
"Средства клиентов, всего",2014-01-12,13950191.0,в инвалюте
"Средства клиентов, всего",2015-01-01,15134643.0,в инвалюте
"Средства клиентов, всего",2015-01-02,19197124.0,в инвалюте
"Средства клиентов, всего",2015-01-03,16997668.0,в инвалюте
"Средства клиентов, всего",2015-01-04,16045222.0,в инвалюте
"Средства клиентов, всего",2015-01-05,14309518.0,в инвалюте
"Средства клиентов, всего",2015-01-06,14397072.0,в инвалюте
"Средства клиентов, всего",2015-01-07,15385090.0,в инвалюте
"Средства клиентов, всего",2015-01-08,16082362.0,в инвалюте
"Средства клиентов, всего",2015-01-09,18324527.0,в инвалюте
"Средства клиентов, всего",2015-01-10,18784331.0,в инвалюте
"Средства клиентов, всего",2015-01-11,18215246.0,в инвалюте
"Средства клиентов, всего",2015-01-12,18563184.0,в инвалюте
"Средства клиентов, всего",2016-01-01,20303905.0,в инвалюте
"Средства клиентов, всего",2016-01-02,21214855.0,в инвалюте
"Средства клиентов, всего",2016-01-03,21125045.0,в инвалюте
"Средства клиентов, всего",2016-01-04,19160178.0,в инвалюте
"Средства клиентов, всего",2016-01-05,18234527.0,в инвалюте
"Средства клиентов, всего",2016-01-06,18457353.0,в инвалюте
"Средства клиентов, всего",2016-01-07,17742720.0,в инвалюте
"Средства клиентов, всего",2016-01-08,17830642.0,в инвалюте
"Средства клиентов, всего",2016-01-09,17334112.0,в инвалюте
"Средства клиентов, всего",2016-01-10,16899985.0,в инвалюте
"Средства клиентов, всего",2016-01-11,16723617.0,в инвалюте
"Средства клиентов, всего",2016-01-12,17172970.0,в инвалюте
"Средства клиентов, всего",2017-01-01,15992564.0,в инвалюте
"Средства клиентов, всего",2017-01-02,16548047.0,в инвалюте
"Средства клиентов, всего",2017-01-03,15812829.0,в инвалюте
"Средства клиентов, всего",2017-01-04,15073199.0,в инвалюте
"Средства клиентов, всего",2017-01-05,15018239.0,в инвалюте
"Средства клиентов, всего",2017-01-06,14867515.0,в инвалюте
"Средства клиентов, всего",2017-01-07,15338012.0,в инвалюте
"Средства клиентов, всего",2017-01-08,15071360.0,в инвалюте
"Средства клиентов, всего",2017-01-09,15296814.0,в инвалюте
"Средства клиентов, всего",2017-01-10,14892900.0,в инвалюте
"Средства клиентов, всего",2017-01-11,14701185.0,в инвалюте
"Средства клиентов, всего",2017-01-12,14949740.0,в инвалюте
"Средства клиентов, всего",2018-01-01,14195315.0,в инвалюте
"Средства клиентов, всего",2018-01-02,14558275.0,в инвалюте
"Средства клиентов, всего",2018-01-03,13900331.0,в инвалюте
"Средства клиентов, всего",2018-01-04,14413999.0,в инвалюте
"Средства клиентов, всего",2018-01-05,14977038.0,в инвалюте
"Средства клиентов, всего",2018-01-06,15008532.0,в инвалюте
"Средства клиентов, всего",2018-01-07,14771843.0,в инвалюте
"Средства клиентов, всего",2018-01-08,14581217.0,в инвалюте
"Средства клиентов, всего",2018-01-09,15458531.0,в инвалюте
"Средства клиентов, всего",2018-01-10,15228699.0,в инвалюте
"Средства клиентов, всего",2018-01-11,15070318.0,в инвалюте
"Средства клиентов, всего",2018-01-12,15371375.0,в инвалюте
"Средства клиентов, всего",2019-01-01,16107400.0,в инвалюте
"Средства клиентов, всего",2019-01-02,16099839.0,в инвалюте
"Средства клиентов, всего",2019-01-03,16426851.0,в инвалюте
"Средства клиентов, всего",2019-01-04,16120847.0,в инвалюте
"Средства клиентов, всего",2019-01-05,16146775.0,в инвалюте
"Средства клиентов, всего",2019-01-06,16306847.0,в инвалюте
"Средства клиентов, всего",2019-01-07,15368068.0,в инвалюте
"Средства клиентов, всего",2019-01-08,15379263.0,в инвалюте
"Средства клиентов, всего",2019-01-09,16141529.0,в инвалюте
"Средства клиентов, всего",2019-01-10,15548457.0,в инвалюте
"Средства клиентов, всего",2019-01-11,15523822.0,в инвалюте
"Средства клиентов, всего",2019-01-12,15315203.0,в инвалюте
"Средства клиентов, всего",2020-01-01,14648769.0,в инвалюте
"Средства клиентов, всего",2020-01-02,15194134.0,в инвалюте
"Средства клиентов, всего",2020-01-03,15853974.0,в инвалюте
"Средства клиентов, всего",2020-01-04,18502459.0,в инвалюте
"Средства клиентов, всего",2020-01-05,17325828.0,в инвалюте
"Средства клиентов, всего",2020-01-06,16804167.0,в инвалюте
"Средства клиентов, всего",2020-01-07,16318726.0,в инвалюте
"Средства клиентов, всего",2020-01-08,17106792.0,в инвалюте
"Средства клиентов, всего",2020-01-09,17688083.0,в инвалюте
"Средства клиентов, всего",2020-01-10,18691388.0,в инвалюте
"Средства клиентов, всего",2020-01-11,18431910.0,в инвалюте
"Средства клиентов, всего",2020-01-12,18614998.0,в инвалюте
"Средства клиентов, всего",2021-01-01,18807275.0,в инвалюте
"Средства клиентов, всего",2021-01-02,19743033.0,в инвалюте
"Средства клиентов, всего",2021-01-03,19350434.0,в инвалюте
"Средства клиентов, всего",2021-01-04,19499754.0,в инвалюте
"Средства клиентов, всего",2021-01-05,19381476.0,в инвалюте
"Средства клиентов, всего",2021-01-06,19483302.0,в инвалюте
"Средства клиентов, всего",2021-01-07,18821238.0,в инвалюте
"Средства клиентов, всего",2021-01-08,19064036.0,в инвалюте
"Средства клиентов, всего",2021-01-09,19934384.0,в инвалюте
"Средства клиентов, всего",2021-01-10,20234136.0,в инвалюте
"Средства клиентов, всего",2021-01-11,19538282.0,в инвалюте
"Средства клиентов, всего",2021-01-12,20453701.0,в инвалюте
"Средства клиентов, всего",2022-01-01,19804547.0,в инвалюте
"Средства клиентов, всего",2022-01-02,21036490.0,в инвалюте
"Средства клиентов, всего",2022-01-03,21373537.0,в инвалюте
"Средства клиентов, всего",2022-01-04,19188206.0,в инвалюте
"Средства клиентов, всего",2022-01-05,16921587.0,в инвалюте
"Средства клиентов, всего",2022-01-06,15605514.0,в инвалюте
"Средства клиентов, всего",2022-01-07,12468311.0,в инвалюте
"Средства клиентов, всего",2022-01-08,14590668.0,в инвалюте
"Средства клиентов, всего",2022-01-09,13734189.0,в инвалюте
"Средства клиентов, всего",2022-01-10,12213922.0,в инвалюте
"Средства клиентов, всего",2022-01-11,12257479.0,в инвалюте
"Средства клиентов, всего",2022-01-12,12058228.0,в инвалюте
"Средства клиентов, всего",2023-01-01,13562944.0,в инвалюте
"Средства клиентов, всего",2023-01-02,13603806.0,в инвалюте
"Средства клиентов, всего",2023-01-03,14491565.0,в инвалюте
"Средства клиентов, всего",2023-01-04,14383301.0,в инвалюте
"Средства клиентов, всего",2023-01-05,14713643.0,в инвалюте
"Средства клиентов, всего",2023-01-06,14429344.0,в инвалюте
"Средства клиентов, всего",2023-01-07,15197814.0,в инвалюте
"Средства клиентов, всего",2023-01-08,16066369.0,в инвалюте
"Средства клиентов, всего",2023-01-09,17087917.0,в инвалюте
"Средства клиентов, всего",2023-01-10,17377191.0,в инвалюте
"Средства клиентов, всего",2023-01-11,16538640.0,в инвалюте
"Средства клиентов, всего",2023-01-12,15855648.0,в инвалюте
"Средства клиентов, всего",2024-01-01,15523582.0,в инвалюте
"Средства клиентов, всего",2024-01-02,15499734.0,в инвалюте
"Средства клиентов, всего",2024-01-03,15919272.0,в инвалюте
"Средства клиентов, всего",2024-01-04,16061919.0,в инвалюте
"Средства клиентов, всего",2024-01-05,15942610.0,в инвалюте
"Средства клиентов, всего",2024-01-06,15865693.0,в инвалюте
"Средства клиентов, всего",2024-01-07,14679365.0,в инвалюте
"Средства клиентов, всего",2024-01-08,15142398.0,в инвалюте
"Средства клиентов, всего",2024-01-09,15293406.0,в инвалюте
"Средства клиентов, всего",2024-01-10,15537161.0,в инвалюте
"Средства клиентов, всего",2024-01-11,15755452.0,в инвалюте
"Средства клиентов, всего",2024-01-12,16871759.0,в инвалюте
"Средства клиентов, всего",2025-01-01,15088860.0,в инвалюте
"Средства клиентов, всего",2025-01-02,15022967.0,в инвалюте
"Средства клиентов, всего",2025-01-03,13517105.0,в инвалюте
"Средства клиентов, всего",2025-01-04,12961346.0,в инвалюте
"Средства клиентов, всего",2025-01-05,12779813.0,в инвалюте
"Средства клиентов, всего",2025-01-06,12382226.0,в инвалюте
"Средства клиентов, всего",2025-01-07,12266282.0,в инвалюте
"Средства клиентов, всего",2025-01-08,13017905.0,в инвалюте
"Средства клиентов, всего",2025-01-09,13059020.0,в инвалюте
"Средства клиентов, всего",2025-01-10,14667341.0,в инвалюте
"Средства клиентов, всего",2025-01-11,14677293.0,в инвалюте
"Средства клиентов, всего",2025-01-12,14255955.0,в инвалюте
"Средства клиентов, всего",2026-01-01,14242631.0,в инвалюте
"Средства клиентов, всего",2026-01-02,14060186.0,в инвалюте
"Средства клиентов, всего",2026-01-03,14029764.0,в инвалюте
"Средства клиентов, всего",2026-01-04,14258890.0,в инвалюте
"Средства клиентов, всего",2026-01-05,13234529.0,в инвалюте
     вклады (депозиты) и другие привлеченные средства физических лиц**,2019-01-02,21758138.0,в рублях
     вклады (депозиты) и другие привлеченные средства физических лиц**,2019-01-03,22080934.0,в рублях
     вклады (депозиты) и другие привлеченные средства физических лиц**,2019-01-04,22143851.0,в рублях
     вклады (депозиты) и другие привлеченные средства физических лиц**,2019-01-05,22711860.0,в рублях
     вклады (депозиты) и другие привлеченные средства физических лиц**,2019-01-06,22641060.0,в рублях
     вклады (депозиты) и другие привлеченные средства физических лиц**,2019-01-07,22907237.0,в рублях
     вклады (депозиты) и другие привлеченные средства физических лиц**,2019-01-08,22908478.0,в рублях
     вклады (депозиты) и другие привлеченные средства физических лиц**,2019-01-09,23078329.0,в рублях
     вклады (депозиты) и другие привлеченные средства физических лиц**,2019-01-10,23095308.0,в рублях
     вклады (депозиты) и другие привлеченные средства физических лиц**,2019-01-11,23166945.0,в рублях
     вклады (депозиты) и другие привлеченные средства физических лиц**,2019-01-12,23380327.0,в рублях
     вклады (депозиты) и другие привлеченные средства физических лиц**,2020-01-01,24427732.0,в рублях
     вклады (депозиты) и другие привлеченные средства физических лиц**,2020-01-02,23943681.0,в рублях
     вклады (депозиты) и другие привлеченные средства физических лиц**,2020-01-03,24294956.0,в рублях
     вклады (депозиты) и другие привлеченные средства физических лиц**,2020-01-04,24265071.0,в рублях
     вклады (депозиты) и другие привлеченные средства физических лиц**,2020-01-05,24676178.0,в рублях
     вклады (депозиты) и другие привлеченные средства физических лиц**,2020-01-06,24546856.0,в рублях
     вклады (депозиты) и другие привлеченные средства физических лиц**,2020-01-07,25029840.0,в рублях
     вклады (депозиты) и другие привлеченные средства физических лиц**,2020-01-08,25062623.0,в рублях
     вклады (депозиты) и другие привлеченные средства физических лиц**,2020-01-09,24992380.0,в рублях
     вклады (депозиты) и другие привлеченные средства физических лиц**,2020-01-10,25008465.0,в рублях
     вклады (депозиты) и другие привлеченные средства физических лиц**,2020-01-11,24771930.0,в рублях
     вклады (депозиты) и другие привлеченные средства физических лиц**,2020-01-12,24710847.0,в рублях
     вклады (депозиты) и другие привлеченные средства физических лиц**,2021-01-01,26023495.0,в рублях
     вклады (депозиты) и другие привлеченные средства физических лиц**,2021-01-02,25179025.0,в рублях
     вклады (депозиты) и другие привлеченные средства физических лиц**,2021-01-03,25295901.0,в рублях
     вклады (депозиты) и другие привлеченные средства физических лиц**,2021-01-04,25270871.0,в рублях
     вклады (депозиты) и другие привлеченные средства физических лиц**,2021-01-05,26140731.0,в рублях
     вклады (депозиты) и другие привлеченные средства физических лиц**,2021-01-06,25618659.0,в рублях
     вклады (депозиты) и другие привлеченные средства физических лиц**,2021-01-07,25654228.0,в рублях
     вклады (депозиты) и другие привлеченные средства физических лиц**,2021-01-08,25804463.0,в рублях
     вклады (депозиты) и другие привлеченные средства физических лиц**,2021-01-09,25842352.0,в рублях
     вклады (депозиты) и другие привлеченные средства физических лиц**,2021-01-10,26008759.0,в рублях
     вклады (депозиты) и другие привлеченные средства физических лиц**,2021-01-11,26129485.0,в рублях
     вклады (депозиты) и другие привлеченные средства физических лиц**,2021-01-12,26260591.0,в рублях
     вклады (депозиты) и другие привлеченные средства физических лиц**,2022-01-01,27786480.0,в рублях
     вклады (депозиты) и другие привлеченные средства физических лиц**,2022-01-02,27142703.0,в рублях
     вклады (депозиты) и другие привлеченные средства физических лиц**,2022-01-03,26625569.0,в рублях
     вклады (депозиты) и другие привлеченные средства физических лиц**,2022-01-04,27208920.0,в рублях
     вклады (депозиты) и другие привлеченные средства физических лиц**,2022-01-05,28488275.0,в рублях
     вклады (депозиты) и другие привлеченные средства физических лиц**,2022-01-06,28586915.0,в рублях
     вклады (депозиты) и другие привлеченные средства физических лиц**,2022-01-07,29155238.0,в рублях
     вклады (депозиты) и другие привлеченные средства физических лиц**,2022-01-08,29465724.0,в рублях
     вклады (депозиты) и другие привлеченные средства физических лиц**,2022-01-09,29683581.0,в рублях
     вклады (депозиты) и другие привлеченные средства физических лиц**,2022-01-10,29644334.0,в рублях
     вклады (депозиты) и другие привлеченные средства физических лиц**,2022-01-11,29761869.0,в рублях
     вклады (депозиты) и другие привлеченные средства физических лиц**,2022-01-12,30114806.0,в рублях
     вклады (депозиты) и другие привлеченные средства физических лиц**,2023-01-01,32732515.0,в рублях
     вклады (депозиты) и другие привлеченные средства физических лиц**,2023-01-02,31773690.0,в рублях
     вклады (депозиты) и другие привлеченные средства физических лиц**,2023-01-03,32595835.0,в рублях
     вклады (депозиты) и другие привлеченные средства физических лиц**,2023-01-04,33105581.0,в рублях
     вклады (депозиты) и другие привлеченные средства физических лиц**,2023-01-05,33880253.0,в рублях
     вклады (депозиты) и другие привлеченные средства физических лиц**,2023-01-06,34399521.0,в рублях
     вклады (депозиты) и другие привлеченные средства физических лиц**,2023-01-07,35303278.0,в рублях
     вклады (депозиты) и другие привлеченные средства физических лиц**,2023-01-08,35791981.0,в рублях
     вклады (депозиты) и другие привлеченные средства физических лиц**,2023-01-09,36225311.0,в рублях
     вклады (депозиты) и другие привлеченные средства физических лиц**,2023-01-10,36705843.0,в рублях
     вклады (депозиты) и другие привлеченные средства физических лиц**,2023-01-11,37350056.0,в рублях
     вклады (депозиты) и другие привлеченные средства физических лиц**,2023-01-12,38189500.0,в рублях
     вклады (депозиты) и другие привлеченные средства физических лиц**,2024-01-01,41052900.0,в рублях
     вклады (депозиты) и другие привлеченные средства физических лиц**,2024-01-02,40755955.0,в рублях
     вклады (депозиты) и другие привлеченные средства физических лиц**,2024-01-03,41928377.0,в рублях
     вклады (депозиты) и другие привлеченные средства физических лиц**,2024-01-04,42815675.0,в рублях
     вклады (депозиты) и другие привлеченные средства физических лиц**,2024-01-05,43834981.0,в рублях
     вклады (депозиты) и другие привлеченные средства физических лиц**,2024-01-06,45072041.0,в рублях
     вклады (депозиты) и другие привлеченные средства физических лиц**,2024-01-07,45941268.0,в рублях
     вклады (депозиты) и другие привлеченные средства физических лиц**,2024-01-08,46510576.0,в рублях
     вклады (депозиты) и другие привлеченные средства физических лиц**,2024-01-09,47241214.0,в рублях
     вклады (депозиты) и другие привлеченные средства физических лиц**,2024-01-10,47932759.0,в рублях
     вклады (депозиты) и другие привлеченные средства физических лиц**,2024-01-11,48681748.0,в рублях
     вклады (депозиты) и другие привлеченные средства физических лиц**,2024-01-12,49460364.0,в рублях
     вклады (депозиты) и другие привлеченные средства физических лиц**,2025-01-01,53354769.0,в рублях
     вклады (депозиты) и другие привлеченные средства физических лиц**,2025-01-02,52874350.0,в рублях
     вклады (депозиты) и другие привлеченные средства физических лиц**,2025-01-03,53898350.0,в рублях
     вклады (депозиты) и другие привлеченные средства физических лиц**,2025-01-04,54330343.0,в рублях
     вклады (депозиты) и другие привлеченные средства физических лиц**,2025-01-05,55859212.0,в рублях
     вклады (депозиты) и другие привлеченные средства физических лиц**,2025-01-06,55948071.0,в рублях
     вклады (депозиты) и другие привлеченные средства физических лиц**,2025-01-07,56780591.0,в рублях
     вклады (депозиты) и другие привлеченные средства физических лиц**,2025-01-08,57519293.0,в рублях
     вклады (депозиты) и другие привлеченные средства физических лиц**,2025-01-09,57500965.0,в рублях
     вклады (депозиты) и другие привлеченные средства физических лиц**,2025-01-10,57589333.0,в рублях
     вклады (депозиты) и другие привлеченные средства физических лиц**,2025-01-11,58297178.0,в рублях
     вклады (депозиты) и другие привлеченные средства физических лиц**,2025-01-12,58300155.0,в рублях
     вклады (депозиты) и другие привлеченные средства физических лиц**,2026-01-01,61948555.0,в рублях
     вклады (депозиты) и другие привлеченные средства физических лиц**,2026-01-02,60914095.0,в рублях
     вклады (депозиты) и другие привлеченные средства физических лиц**,2026-01-03,62255219.0,в рублях
     вклады (депозиты) и другие привлеченные средства физических лиц**,2026-01-04,62472025.0,в рублях
     вклады (депозиты) и другие привлеченные средства физических лиц**,2026-01-05,63650986.0,в рублях
     средства на счетах эскроу,2019-01-02,2968.0,в рублях
     средства на счетах эскроу,2019-01-03,4777.0,в рублях
     средства на счетах эскроу,2019-01-04,6391.0,в рублях
     средства на счетах эскроу,2019-01-05,8545.0,в рублях
     средства на счетах эскроу,2019-01-06,10407.0,в рублях
     средства на счетах эскроу,2019-01-07,12965.0,в рублях
     средства на счетах эскроу,2019-01-08,20013.0,в рублях
     средства на счетах эскроу,2019-01-09,33715.0,в рублях
     средства на счетах эскроу,2019-01-10,52183.0,в рублях
     средства на счетах эскроу,2019-01-11,76045.0,в рублях
     средства на счетах эскроу,2019-01-12,103825.0,в рублях
     средства на счетах эскроу,2020-01-01,138666.0,в рублях
     средства на счетах эскроу,2020-01-02,165425.0,в рублях
     средства на счетах эскроу,2020-01-03,203105.0,в рублях
     средства на счетах эскроу,2020-01-04,252766.0,в рублях
     средства на счетах эскроу,2020-01-05,296605.0,в рублях
     средства на счетах эскроу,2020-01-06,333183.0,в рублях
     средства на счетах эскроу,2020-01-07,393292.0,в рублях
     средства на счетах эскроу,2020-01-08,466131.0,в рублях
     средства на счетах эскроу,2020-01-09,559735.0,в рублях
     средства на счетах эскроу,2020-01-10,679148.0,в рублях
     средства на счетах эскроу,2020-01-11,835883.0,в рублях
     средства на счетах эскроу,2020-01-12,1007449.0,в рублях
     средства на счетах эскроу,2021-01-01,1177298.0,в рублях
     средства на счетах эскроу,2021-01-02,1238618.0,в рублях
     средства на счетах эскроу,2021-01-03,1393331.0,в рублях
     средства на счетах эскроу,2021-01-04,1578841.0,в рублях
     средства на счетах эскроу,2021-01-05,1787315.0,в рублях
     средства на счетах эскроу,2021-01-06,1966900.0,в рублях
     средства на счетах эскроу,2021-01-07,2172185.0,в рублях
     средства на счетах эскроу,2021-01-08,2350802.0,в рублях
     средства на счетах эскроу,2021-01-09,2501529.0,в рублях
     средства на счетах эскроу,2021-01-10,2633006.0,в рублях
     средства на счетах эскроу,2021-01-11,2778536.0,в рублях
     средства на счетах эскроу,2021-01-12,2945739.0,в рублях
     средства на счетах эскроу,2022-01-01,3035702.0,в рублях
     средства на счетах эскроу,2022-01-02,3090054.0,в рублях
     средства на счетах эскроу,2022-01-03,3323283.0,в рублях
     средства на счетах эскроу,2022-01-04,3634248.0,в рублях
     средства на счетах эскроу,2022-01-05,3747331.0,в рублях
     средства на счетах эскроу,2022-01-06,3784549.0,в рублях
     средства на счетах эскроу,2022-01-07,3829708.0,в рублях
     средства на счетах эскроу,2022-01-08,3879105.0,в рублях
     средства на счетах эскроу,2022-01-09,3945520.0,в рублях
     средства на счетах эскроу,2022-01-10,4046364.0,в рублях
     средства на счетах эскроу,2022-01-11,4107007.0,в рублях
     средства на счетах эскроу,2022-01-12,4081586.0,в рублях
     средства на счетах эскроу,2023-01-01,4027555.0,в рублях
     средства на счетах эскроу,2023-01-02,3859834.0,в рублях
     средства на счетах эскроу,2023-01-03,3898511.0,в рублях
     средства на счетах эскроу,2023-01-04,4062693.0,в рублях
     средства на счетах эскроу,2023-01-05,4147469.0,в рублях
     средства на счетах эскроу,2023-01-06,4302561.0,в рублях
     средства на счетах эскроу,2023-01-07,4402792.0,в рублях
     средства на счетах эскроу,2023-01-08,4535969.0,в рублях
     средства на счетах эскроу,2023-01-09,4855424.0,в рублях
     средства на счетах эскроу,2023-01-10,5259003.0,в рублях
     средства на счетах эскроу,2023-01-11,5457691.0,в рублях
     средства на счетах эскроу,2023-01-12,5710368.0,в рублях
     средства на счетах эскроу,2024-01-01,5573221.0,в рублях
     средства на счетах эскроу,2024-01-02,5510733.0,в рублях
     средства на счетах эскроу,2024-01-03,5499479.0,в рублях
     средства на счетах эскроу,2024-01-04,5590978.0,в рублях
     средства на счетах эскроу,2024-01-05,5715041.0,в рублях
     средства на счетах эскроу,2024-01-06,6069542.0,в рублях
     средства на счетах эскроу,2024-01-07,6509747.0,в рублях
     средства на счетах эскроу,2024-01-08,6614256.0,в рублях
     средства на счетах эскроу,2024-01-09,6669799.0,в рублях
     средства на счетах эскроу,2024-01-10,6705410.0,в рублях
     средства на счетах эскроу,2024-01-11,6640705.0,в рублях
     средства на счетах эскроу,2024-01-12,6708878.0,в рублях
     средства на счетах эскроу,2025-01-01,6125878.0,в рублях
     средства на счетах эскроу,2025-01-02,6014456.0,в рублях
     средства на счетах эскроу,2025-01-03,6181291.0,в рублях
     средства на счетах эскроу,2025-01-04,6269490.0,в рублях
     средства на счетах эскроу,2025-01-05,6334003.0,в рублях
     средства на счетах эскроу,2025-01-06,6542494.0,в рублях
     средства на счетах эскроу,2025-01-07,6589189.0,в рублях
     средства на счетах эскроу,2025-01-08,6700998.0,в рублях
     средства на счетах эскроу,2025-01-09,6824398.0,в рублях
     средства на счетах эскроу,2025-01-10,7006520.0,в рублях
     средства на счетах эскроу,2025-01-11,7041495.0,в рублях
     средства на счетах эскроу,2025-01-12,7269560.0,в рублях
     средства на счетах эскроу,2026-01-01,7138569.0,в рублях
     средства на счетах эскроу,2026-01-02,7022311.0,в рублях
     средства на счетах эскроу,2026-01-03,7159416.0,в рублях
     средства на счетах эскроу,2026-01-04,7176989.0,в рублях
     средства на счетах эскроу,2026-01-05,7180778.0,в рублях
    вклады (депозиты) и другие привлеченные средства физических лиц (с учетом счетов эскроу),2012-01-02,9528877.0,в рублях
    вклады (депозиты) и другие привлеченные средства физических лиц (с учетом счетов эскроу),2012-01-03,9700708.0,в рублях
    вклады (депозиты) и другие привлеченные средства физических лиц (с учетом счетов эскроу),2012-01-04,9807290.0,в рублях
    вклады (депозиты) и другие привлеченные средства физических лиц (с учетом счетов эскроу),2012-01-05,10075411.0,в рублях
    вклады (депозиты) и другие привлеченные средства физических лиц (с учетом счетов эскроу),2012-01-06,10161131.0,в рублях
    вклады (депозиты) и другие привлеченные средства физических лиц (с учетом счетов эскроу),2012-01-07,10432643.0,в рублях
    вклады (депозиты) и другие привлеченные средства физических лиц (с учетом счетов эскроу),2012-01-08,10449797.0,в рублях
    вклады (депозиты) и другие привлеченные средства физических лиц (с учетом счетов эскроу),2012-01-09,10563358.0,в рублях
    вклады (депозиты) и другие привлеченные средства физических лиц (с учетом счетов эскроу),2012-01-10,10627251.0,в рублях
    вклады (депозиты) и другие привлеченные средства физических лиц (с учетом счетов эскроу),2012-01-11,10697144.0,в рублях
    вклады (депозиты) и другие привлеченные средства физических лиц (с учетом счетов эскроу),2012-01-12,10948891.0,в рублях
    вклады (депозиты) и другие привлеченные средства физических лиц (с учетом счетов эскроу),2013-01-01,11743145.0,в рублях
    вклады (депозиты) и другие привлеченные средства физических лиц (с учетом счетов эскроу),2013-01-02,11569493.0,в рублях
    вклады (депозиты) и другие привлеченные средства физических лиц (с учетом счетов эскроу),2013-01-03,11860994.0,в рублях
    вклады (депозиты) и другие привлеченные средства физических лиц (с учетом счетов эскроу),2013-01-04,12110222.0,в рублях
    вклады (депозиты) и другие привлеченные средства физических лиц (с учетом счетов эскроу),2013-01-05,12520592.0,в рублях
    вклады (депозиты) и другие привлеченные средства физических лиц (с учетом счетов эскроу),2013-01-06,12521407.0,в рублях
    вклады (депозиты) и другие привлеченные средства физических лиц (с учетом счетов эскроу),2013-01-07,12822720.0,в рублях
    вклады (депозиты) и другие привлеченные средства физических лиц (с учетом счетов эскроу),2013-01-08,12901700.0,в рублях
    вклады (депозиты) и другие привлеченные средства физических лиц (с учетом счетов эскроу),2013-01-09,12987638.0,в рублях
    вклады (депозиты) и другие привлеченные средства физических лиц (с учетом счетов эскроу),2013-01-10,12994050.0,в рублях
    вклады (депозиты) и другие привлеченные средства физических лиц (с учетом счетов эскроу),2013-01-11,13086006.0,в рублях
    вклады (депозиты) и другие привлеченные средства физических лиц (с учетом счетов эскроу),2013-01-12,13194301.0,в рублях
    вклады (депозиты) и другие привлеченные средства физических лиц (с учетом счетов эскроу),2014-01-01,13985234.0,в рублях
    вклады (депозиты) и другие привлеченные средства физических лиц (с учетом счетов эскроу),2014-01-02,13424311.0,в рублях
    вклады (депозиты) и другие привлеченные средства физических лиц (с учетом счетов эскроу),2014-01-03,13496308.0,в рублях
    вклады (депозиты) и другие привлеченные средства физических лиц (с учетом счетов эскроу),2014-01-04,13202372.0,в рублях
    вклады (депозиты) и другие привлеченные средства физических лиц (с учетом счетов эскроу),2014-01-05,13469593.0,в рублях
    вклады (депозиты) и другие привлеченные средства физических лиц (с учетом счетов эскроу),2014-01-06,13503948.0,в рублях
    вклады (депозиты) и другие привлеченные средства физических лиц (с учетом счетов эскроу),2014-01-07,13678454.0,в рублях
    вклады (депозиты) и другие привлеченные средства физических лиц (с учетом счетов эскроу),2014-01-08,13790604.0,в рублях
    вклады (депозиты) и другие привлеченные средства физических лиц (с учетом счетов эскроу),2014-01-09,13923801.0,в рублях
    вклады (депозиты) и другие привлеченные средства физических лиц (с учетом счетов эскроу),2014-01-10,13855841.0,в рублях
    вклады (депозиты) и другие привлеченные средства физических лиц (с учетом счетов эскроу),2014-01-11,13822701.0,в рублях
    вклады (депозиты) и другие привлеченные средства физических лиц (с учетом счетов эскроу),2014-01-12,13778636.0,в рублях
    вклады (депозиты) и другие привлеченные средства физических лиц (с учетом счетов эскроу),2015-01-01,13699086.0,в рублях
    вклады (депозиты) и другие привлеченные средства физических лиц (с учетом счетов эскроу),2015-01-02,13511981.0,в рублях
    вклады (депозиты) и другие привлеченные средства физических лиц (с учетом счетов эскроу),2015-01-03,13883100.0,в рублях
    вклады (депозиты) и другие привлеченные средства физических лиц (с учетом счетов эскроу),2015-01-04,14046420.0,в рублях
    вклады (депозиты) и другие привлеченные средства физических лиц (с учетом счетов эскроу),2015-01-05,14502778.0,в рублях
    вклады (депозиты) и другие привлеченные средства физических лиц (с учетом счетов эскроу),2015-01-06,14560671.0,в рублях
    вклады (депозиты) и другие привлеченные средства физических лиц (с учетом счетов эскроу),2015-01-07,14793598.0,в рублях
    вклады (депозиты) и другие привлеченные средства физических лиц (с учетом счетов эскроу),2015-01-08,14969702.0,в рублях
    вклады (депозиты) и другие привлеченные средства физических лиц (с учетом счетов эскроу),2015-01-09,14989208.0,в рублях
    вклады (депозиты) и другие привлеченные средства физических лиц (с учетом счетов эскроу),2015-01-10,15066059.0,в рублях
    вклады (депозиты) и другие привлеченные средства физических лиц (с учетом счетов эскроу),2015-01-11,15145147.0,в рублях
    вклады (депозиты) и другие привлеченные средства физических лиц (с учетом счетов эскроу),2015-01-12,15338196.0,в рублях
    вклады (депозиты) и другие привлеченные средства физических лиц (с учетом счетов эскроу),2016-01-01,16347070.0,в рублях
    вклады (депозиты) и другие привлеченные средства физических лиц (с учетом счетов эскроу),2016-01-02,15879147.0,в рублях
    вклады (депозиты) и другие привлеченные средства физических лиц (с учетом счетов эскроу),2016-01-03,16188382.0,в рублях
    вклады (депозиты) и другие привлеченные средства физических лиц (с учетом счетов эскроу),2016-01-04,16338734.0,в рублях
    вклады (депозиты) и другие привлеченные средства физических лиц (с учетом счетов эскроу),2016-01-05,16719956.0,в рублях
    вклады (депозиты) и другие привлеченные средства физических лиц (с учетом счетов эскроу),2016-01-06,16846688.0,в рублях
    вклады (депозиты) и другие привлеченные средства физических лиц (с учетом счетов эскроу),2016-01-07,17109434.0,в рублях
    вклады (депозиты) и другие привлеченные средства физических лиц (с учетом счетов эскроу),2016-01-08,17209103.0,в рублях
    вклады (депозиты) и другие привлеченные средства физических лиц (с учетом счетов эскроу),2016-01-09,17235622.0,в рублях
    вклады (депозиты) и другие привлеченные средства физических лиц (с учетом счетов эскроу),2016-01-10,17314172.0,в рублях
    вклады (депозиты) и другие привлеченные средства физических лиц (с учетом счетов эскроу),2016-01-11,17410658.0,в рублях
    вклады (депозиты) и другие привлеченные средства физических лиц (с учетом счетов эскроу),2016-01-12,17578634.0,в рублях
    вклады (депозиты) и другие привлеченные средства физических лиц (с учетом счетов эскроу),2017-01-01,18471993.0,в рублях
    вклады (депозиты) и другие привлеченные средства физических лиц (с учетом счетов эскроу),2017-01-02,18316169.0,в рублях
    вклады (депозиты) и другие привлеченные средства физических лиц (с учетом счетов эскроу),2017-01-03,18547367.0,в рублях
    вклады (депозиты) и другие привлеченные средства физических лиц (с учетом счетов эскроу),2017-01-04,18610653.0,в рублях
    вклады (депозиты) и другие привлеченные средства физических лиц (с учетом счетов эскроу),2017-01-05,18809132.0,в рублях
    вклады (депозиты) и другие привлеченные средства физических лиц (с учетом счетов эскроу),2017-01-06,18906017.0,в рублях
    вклады (депозиты) и другие привлеченные средства физических лиц (с учетом счетов эскроу),2017-01-07,19271287.0,в рублях
    вклады (депозиты) и другие привлеченные средства физических лиц (с учетом счетов эскроу),2017-01-08,19251522.0,в рублях
    вклады (депозиты) и другие привлеченные средства физических лиц (с учетом счетов эскроу),2017-01-09,19273372.0,в рублях
    вклады (депозиты) и другие привлеченные средства физических лиц (с учетом счетов эскроу),2017-01-10,19347792.0,в рублях
    вклады (депозиты) и другие привлеченные средства физических лиц (с учетом счетов эскроу),2017-01-11,19406154.0,в рублях
    вклады (депозиты) и другие привлеченные средства физических лиц (с учетом счетов эскроу),2017-01-12,19618311.0,в рублях
    вклады (депозиты) и другие привлеченные средства физических лиц (с учетом счетов эскроу),2018-01-01,20640786.0,в рублях
    вклады (депозиты) и другие привлеченные средства физических лиц (с учетом счетов эскроу),2018-01-02,20176580.0,в рублях
    вклады (депозиты) и другие привлеченные средства физических лиц (с учетом счетов эскроу),2018-01-03,20566321.0,в рублях
    вклады (депозиты) и другие привлеченные средства физических лиц (с учетом счетов эскроу),2018-01-04,20779338.0,в рублях
    вклады (депозиты) и другие привлеченные средства физических лиц (с учетом счетов эскроу),2018-01-05,21228939.0,в рублях
    вклады (депозиты) и другие привлеченные средства физических лиц (с учетом счетов эскроу),2018-01-06,21227233.0,в рублях
    вклады (депозиты) и другие привлеченные средства физических лиц (с учетом счетов эскроу),2018-01-07,21445395.0,в рублях
    вклады (депозиты) и другие привлеченные средства физических лиц (с учетом счетов эскроу),2018-01-08,21524670.0,в рублях
    вклады (депозиты) и другие привлеченные средства физических лиц (с учетом счетов эскроу),2018-01-09,21437250.0,в рублях
    вклады (депозиты) и другие привлеченные средства физических лиц (с учетом счетов эскроу),2018-01-10,21257544.0,в рублях
    вклады (депозиты) и другие привлеченные средства физических лиц (с учетом счетов эскроу),2018-01-11,21406064.0,в рублях
    вклады (депозиты) и другие привлеченные средства физических лиц (с учетом счетов эскроу),2018-01-12,21365672.0,в рублях
    вклады (депозиты) и другие привлеченные средства физических лиц (с учетом счетов эскроу),2019-01-01,22348371.0,в рублях
    вклады (депозиты) и другие привлеченные средства физических лиц (с учетом счетов эскроу),2019-01-02,21761106.0,в рублях
    вклады (депозиты) и другие привлеченные средства физических лиц (с учетом счетов эскроу),2019-01-03,22085712.0,в рублях
    вклады (депозиты) и другие привлеченные средства физических лиц (с учетом счетов эскроу),2019-01-04,22150243.0,в рублях
    вклады (депозиты) и другие привлеченные средства физических лиц (с учетом счетов эскроу),2019-01-05,22720405.0,в рублях
    вклады (депозиты) и другие привлеченные средства физических лиц (с учетом счетов эскроу),2019-01-06,22651467.0,в рублях
    вклады (депозиты) и другие привлеченные средства физических лиц (с учетом счетов эскроу),2019-01-07,22920202.0,в рублях
    вклады (депозиты) и другие привлеченные средства физических лиц (с учетом счетов эскроу),2019-01-08,22928491.0,в рублях
    вклады (депозиты) и другие привлеченные средства физических лиц (с учетом счетов эскроу),2019-01-09,23112044.0,в рублях
    вклады (депозиты) и другие привлеченные средства физических лиц (с учетом счетов эскроу),2019-01-10,23147490.0,в рублях
    вклады (депозиты) и другие привлеченные средства физических лиц (с учетом счетов эскроу),2019-01-11,23242990.0,в рублях
    вклады (депозиты) и другие привлеченные средства физических лиц (с учетом счетов эскроу),2019-01-12,23484152.0,в рублях
    вклады (депозиты) и другие привлеченные средства физических лиц (с учетом счетов эскроу),2020-01-01,24566398.0,в рублях
    вклады (депозиты) и другие привлеченные средства физических лиц (с учетом счетов эскроу),2020-01-02,24109105.0,в рублях
    вклады (депозиты) и другие привлеченные средства физических лиц (с учетом счетов эскроу),2020-01-03,24498061.0,в рублях
    вклады (депозиты) и другие привлеченные средства физических лиц (с учетом счетов эскроу),2020-01-04,24517837.0,в рублях
    вклады (депозиты) и другие привлеченные средства физических лиц (с учетом счетов эскроу),2020-01-05,24972783.0,в рублях
    вклады (депозиты) и другие привлеченные средства физических лиц (с учетом счетов эскроу),2020-01-06,24880040.0,в рублях
    вклады (депозиты) и другие привлеченные средства физических лиц (с учетом счетов эскроу),2020-01-07,25423131.0,в рублях
    вклады (депозиты) и другие привлеченные средства физических лиц (с учетом счетов эскроу),2020-01-08,25528754.0,в рублях
    вклады (депозиты) и другие привлеченные средства физических лиц (с учетом счетов эскроу),2020-01-09,25552115.0,в рублях
    вклады (депозиты) и другие привлеченные средства физических лиц (с учетом счетов эскроу),2020-01-10,25687613.0,в рублях
    вклады (депозиты) и другие привлеченные средства физических лиц (с учетом счетов эскроу),2020-01-11,25607813.0,в рублях
    вклады (депозиты) и другие привлеченные средства физических лиц (с учетом счетов эскроу),2020-01-12,25718296.0,в рублях
    вклады (депозиты) и другие привлеченные средства физических лиц (с учетом счетов эскроу),2021-01-01,27200793.0,в рублях
    вклады (депозиты) и другие привлеченные средства физических лиц (с учетом счетов эскроу),2021-01-02,26417643.0,в рублях
    вклады (депозиты) и другие привлеченные средства физических лиц (с учетом счетов эскроу),2021-01-03,26689232.0,в рублях
    вклады (депозиты) и другие привлеченные средства физических лиц (с учетом счетов эскроу),2021-01-04,26849712.0,в рублях
    вклады (депозиты) и другие привлеченные средства физических лиц (с учетом счетов эскроу),2021-01-05,27928046.0,в рублях
    вклады (депозиты) и другие привлеченные средства физических лиц (с учетом счетов эскроу),2021-01-06,27585560.0,в рублях
    вклады (депозиты) и другие привлеченные средства физических лиц (с учетом счетов эскроу),2021-01-07,27826413.0,в рублях
    вклады (депозиты) и другие привлеченные средства физических лиц (с учетом счетов эскроу),2021-01-08,28155265.0,в рублях
    вклады (депозиты) и другие привлеченные средства физических лиц (с учетом счетов эскроу),2021-01-09,28343882.0,в рублях
    вклады (депозиты) и другие привлеченные средства физических лиц (с учетом счетов эскроу),2021-01-10,28641766.0,в рублях
    вклады (депозиты) и другие привлеченные средства физических лиц (с учетом счетов эскроу),2021-01-11,28908021.0,в рублях
    вклады (депозиты) и другие привлеченные средства физических лиц (с учетом счетов эскроу),2021-01-12,29206330.0,в рублях
    вклады (депозиты) и другие привлеченные средства физических лиц (с учетом счетов эскроу),2022-01-01,30822182.0,в рублях
    вклады (депозиты) и другие привлеченные средства физических лиц (с учетом счетов эскроу),2022-01-02,30232757.0,в рублях
    вклады (депозиты) и другие привлеченные средства физических лиц (с учетом счетов эскроу),2022-01-03,29948852.0,в рублях
    вклады (депозиты) и другие привлеченные средства физических лиц (с учетом счетов эскроу),2022-01-04,30843168.0,в рублях
    вклады (депозиты) и другие привлеченные средства физических лиц (с учетом счетов эскроу),2022-01-05,32235606.0,в рублях
    вклады (депозиты) и другие привлеченные средства физических лиц (с учетом счетов эскроу),2022-01-06,32371464.0,в рублях
    вклады (депозиты) и другие привлеченные средства физических лиц (с учетом счетов эскроу),2022-01-07,32984946.0,в рублях
    вклады (депозиты) и другие привлеченные средства физических лиц (с учетом счетов эскроу),2022-01-08,33344830.0,в рублях
    вклады (депозиты) и другие привлеченные средства физических лиц (с учетом счетов эскроу),2022-01-09,33629101.0,в рублях
    вклады (депозиты) и другие привлеченные средства физических лиц (с учетом счетов эскроу),2022-01-10,33690698.0,в рублях
    вклады (депозиты) и другие привлеченные средства физических лиц (с учетом счетов эскроу),2022-01-11,33868876.0,в рублях
    вклады (депозиты) и другие привлеченные средства физических лиц (с учетом счетов эскроу),2022-01-12,34196392.0,в рублях
    вклады (депозиты) и другие привлеченные средства физических лиц (с учетом счетов эскроу),2023-01-01,36760070.0,в рублях
    вклады (депозиты) и другие привлеченные средства физических лиц (с учетом счетов эскроу),2023-01-02,35633525.0,в рублях
    вклады (депозиты) и другие привлеченные средства физических лиц (с учетом счетов эскроу),2023-01-03,36494347.0,в рублях
    вклады (депозиты) и другие привлеченные средства физических лиц (с учетом счетов эскроу),2023-01-04,37168274.0,в рублях
    вклады (депозиты) и другие привлеченные средства физических лиц (с учетом счетов эскроу),2023-01-05,38027722.0,в рублях
    вклады (депозиты) и другие привлеченные средства физических лиц (с учетом счетов эскроу),2023-01-06,38702083.0,в рублях
    вклады (депозиты) и другие привлеченные средства физических лиц (с учетом счетов эскроу),2023-01-07,39706070.0,в рублях
    вклады (депозиты) и другие привлеченные средства физических лиц (с учетом счетов эскроу),2023-01-08,40327950.0,в рублях
    вклады (депозиты) и другие привлеченные средства физических лиц (с учетом счетов эскроу),2023-01-09,41080735.0,в рублях
    вклады (депозиты) и другие привлеченные средства физических лиц (с учетом счетов эскроу),2023-01-10,41964846.0,в рублях
    вклады (депозиты) и другие привлеченные средства физических лиц (с учетом счетов эскроу),2023-01-11,42807747.0,в рублях
    вклады (депозиты) и другие привлеченные средства физических лиц (с учетом счетов эскроу),2023-01-12,43899869.0,в рублях
    вклады (депозиты) и другие привлеченные средства физических лиц (с учетом счетов эскроу),2024-01-01,46626121.0,в рублях
    вклады (депозиты) и другие привлеченные средства физических лиц (с учетом счетов эскроу),2024-01-02,46266717.0,в рублях
    вклады (депозиты) и другие привлеченные средства физических лиц (с учетом счетов эскроу),2024-01-03,47427884.0,в рублях
    вклады (депозиты) и другие привлеченные средства физических лиц (с учетом счетов эскроу),2024-01-04,48406680.0,в рублях
    вклады (депозиты) и другие привлеченные средства физических лиц (с учетом счетов эскроу),2024-01-05,49550049.0,в рублях
    вклады (депозиты) и другие привлеченные средства физических лиц (с учетом счетов эскроу),2024-01-06,51141610.0,в рублях
    вклады (депозиты) и другие привлеченные средства физических лиц (с учетом счетов эскроу),2024-01-07,52451042.0,в рублях
    вклады (депозиты) и другие привлеченные средства физических лиц (с учетом счетов эскроу),2024-01-08,53124858.0,в рублях
    вклады (депозиты) и другие привлеченные средства физических лиц (с учетом счетов эскроу),2024-01-09,53911039.0,в рублях
    вклады (депозиты) и другие привлеченные средства физических лиц (с учетом счетов эскроу),2024-01-10,54638196.0,в рублях
    вклады (депозиты) и другие привлеченные средства физических лиц (с учетом счетов эскроу),2024-01-11,55322480.0,в рублях
    вклады (депозиты) и другие привлеченные средства физических лиц (с учетом счетов эскроу),2024-01-12,56169268.0,в рублях
    вклады (депозиты) и другие привлеченные средства физических лиц (с учетом счетов эскроу),2025-01-01,59480674.0,в рублях
    вклады (депозиты) и другие привлеченные средства физических лиц (с учетом счетов эскроу),2025-01-02,58888833.0,в рублях
    вклады (депозиты) и другие привлеченные средства физических лиц (с учетом счетов эскроу),2025-01-03,60079668.0,в рублях
    вклады (депозиты) и другие привлеченные средства физических лиц (с учетом счетов эскроу),2025-01-04,60599859.0,в рублях
    вклады (депозиты) и другие привлеченные средства физических лиц (с учетом счетов эскроу),2025-01-05,62193241.0,в рублях
    вклады (депозиты) и другие привлеченные средства физических лиц (с учетом счетов эскроу),2025-01-06,62490591.0,в рублях
    вклады (депозиты) и другие привлеченные средства физических лиц (с учетом счетов эскроу),2025-01-07,63369806.0,в рублях
    вклады (депозиты) и другие привлеченные средства физических лиц (с учетом счетов эскроу),2025-01-08,64220316.0,в рублях
    вклады (депозиты) и другие привлеченные средства физических лиц (с учетом счетов эскроу),2025-01-09,64325388.0,в рублях
    вклады (депозиты) и другие привлеченные средства физических лиц (с учетом счетов эскроу),2025-01-10,64595879.0,в рублях
    вклады (депозиты) и другие привлеченные средства физических лиц (с учетом счетов эскроу),2025-01-11,65338699.0,в рублях
    вклады (депозиты) и другие привлеченные средства физических лиц (с учетом счетов эскроу),2025-01-12,65569741.0,в рублях
    вклады (депозиты) и другие привлеченные средства физических лиц (с учетом счетов эскроу),2026-01-01,69087150.0,в рублях
    вклады (депозиты) и другие привлеченные средства физических лиц (с учетом счетов эскроу),2026-01-02,67936432.0,в рублях
    вклады (депозиты) и другие привлеченные средства физических лиц (с учетом счетов эскроу),2026-01-03,69414663.0,в рублях
    вклады (депозиты) и другие привлеченные средства физических лиц (с учетом счетов эскроу),2026-01-04,69649041.0,в рублях
    вклады (депозиты) и другие привлеченные средства физических лиц (с учетом счетов эскроу),2026-01-05,70831794.0,в рублях
    депозиты юридических лиц*,2012-01-02,4595879.0,в рублях
    депозиты юридических лиц*,2012-01-03,4501436.0,в рублях
    депозиты юридических лиц*,2012-01-04,4577413.0,в рублях
    депозиты юридических лиц*,2012-01-05,4684424.0,в рублях
    депозиты юридических лиц*,2012-01-06,4776340.0,в рублях
    депозиты юридических лиц*,2012-01-07,4657884.0,в рублях
    депозиты юридических лиц*,2012-01-08,4743584.0,в рублях
    депозиты юридических лиц*,2012-01-09,5127843.0,в рублях
    депозиты юридических лиц*,2012-01-10,5147744.0,в рублях
    депозиты юридических лиц*,2012-01-11,5279534.0,в рублях
    депозиты юридических лиц*,2012-01-12,5202973.0,в рублях
    депозиты юридических лиц*,2013-01-01,5596919.0,в рублях
    депозиты юридических лиц*,2013-01-02,5059592.0,в рублях
    депозиты юридических лиц*,2013-01-03,5031424.0,в рублях
    депозиты юридических лиц*,2013-01-04,5148059.0,в рублях
    депозиты юридических лиц*,2013-01-05,5599715.0,в рублях
    депозиты юридических лиц*,2013-01-06,5725486.0,в рублях
    депозиты юридических лиц*,2013-01-07,5846406.0,в рублях
    депозиты юридических лиц*,2013-01-08,6032026.0,в рублях
    депозиты юридических лиц*,2013-01-09,6233178.0,в рублях
    депозиты юридических лиц*,2013-01-10,6133101.0,в рублях
    депозиты юридических лиц*,2013-01-11,6241695.0,в рублях
    депозиты юридических лиц*,2013-01-12,6009817.0,в рублях
    депозиты юридических лиц*,2014-01-01,5598892.0,в рублях
    депозиты юридических лиц*,2014-01-02,5587722.0,в рублях
    депозиты юридических лиц*,2014-01-03,5821197.0,в рублях
    депозиты юридических лиц*,2014-01-04,5737258.0,в рублях
    депозиты юридических лиц*,2014-01-05,6237043.0,в рублях
    депозиты юридических лиц*,2014-01-06,6469837.0,в рублях
    депозиты юридических лиц*,2014-01-07,6187153.0,в рублях
    депозиты юридических лиц*,2014-01-08,6304109.0,в рублях
    депозиты юридических лиц*,2014-01-09,6449009.0,в рублях
    депозиты юридических лиц*,2014-01-10,6344248.0,в рублях
    депозиты юридических лиц*,2014-01-11,6800579.0,в рублях
    депозиты юридических лиц*,2014-01-12,6710243.0,в рублях
    депозиты юридических лиц*,2015-01-01,6566815.0,в рублях
    депозиты юридических лиц*,2015-01-02,6800215.0,в рублях
    депозиты юридических лиц*,2015-01-03,6354049.0,в рублях
    депозиты юридических лиц*,2015-01-04,6401389.0,в рублях
    депозиты юридических лиц*,2015-01-05,6733400.0,в рублях
    депозиты юридических лиц*,2015-01-06,6610581.0,в рублях
    депозиты юридических лиц*,2015-01-07,6446286.0,в рублях
    депозиты юридических лиц*,2015-01-08,6750102.0,в рублях
    депозиты юридических лиц*,2015-01-09,6773576.0,в рублях
    депозиты юридических лиц*,2015-01-10,7022661.0,в рублях
    депозиты юридических лиц*,2015-01-11,7508124.0,в рублях
    депозиты юридических лиц*,2015-01-12,7394592.0,в рублях
    депозиты юридических лиц*,2016-01-01,6857658.0,в рублях
    депозиты юридических лиц*,2016-01-02,6724597.0,в рублях
    депозиты юридических лиц*,2016-01-03,6704958.0,в рублях
    депозиты юридических лиц*,2016-01-04,6482520.0,в рублях
    депозиты юридических лиц*,2016-01-05,7233984.0,в рублях
    депозиты юридических лиц*,2016-01-06,7294002.0,в рублях
    депозиты юридических лиц*,2016-01-07,7247267.0,в рублях
    депозиты юридических лиц*,2016-01-08,7639472.0,в рублях
    депозиты юридических лиц*,2016-01-09,7832113.0,в рублях
    депозиты юридических лиц*,2016-01-10,8233462.0,в рублях
    депозиты юридических лиц*,2016-01-11,8132753.0,в рублях
    депозиты юридических лиц*,2016-01-12,7696460.0,в рублях
    депозиты юридических лиц*,2017-01-01,6966724.0,в рублях
    депозиты юридических лиц*,2017-01-02,7222845.0,в рублях
    депозиты юридических лиц*,2017-01-03,7661682.0,в рублях
    депозиты юридических лиц*,2017-01-04,8149875.0,в рублях
    депозиты юридических лиц*,2017-01-05,8334160.0,в рублях
    депозиты юридических лиц*,2017-01-06,8353012.0,в рублях
    депозиты юридических лиц*,2017-01-07,8405282.0,в рублях
    депозиты юридических лиц*,2017-01-08,8251675.0,в рублях
    депозиты юридических лиц*,2017-01-09,8308465.0,в рублях
    депозиты юридических лиц*,2017-01-10,8542374.0,в рублях
    депозиты юридических лиц*,2017-01-11,8663693.0,в рублях
    депозиты юридических лиц*,2017-01-12,8618922.0,в рублях
    депозиты юридических лиц*,2018-01-01,8936096.0,в рублях
    депозиты юридических лиц*,2018-01-02,9050932.0,в рублях
    депозиты юридических лиц*,2018-01-03,9228090.0,в рублях
    депозиты юридических лиц*,2018-01-04,9664357.0,в рублях
    депозиты юридических лиц*,2018-01-05,9987280.0,в рублях
    депозиты юридических лиц*,2018-01-06,9970518.0,в рублях
    депозиты юридических лиц*,2018-01-07,10228272.0,в рублях
    депозиты юридических лиц*,2018-01-08,10194886.0,в рублях
    депозиты юридических лиц*,2018-01-09,10821575.0,в рублях
    депозиты юридических лиц*,2018-01-10,10796883.0,в рублях
    депозиты юридических лиц*,2018-01-11,11474984.0,в рублях
    депозиты юридических лиц*,2018-01-12,11708803.0,в рублях
    депозиты юридических лиц*,2019-01-01,12106779.0,в рублях
    депозиты юридических лиц*,2019-01-02,11654895.0,в рублях
    депозиты юридических лиц*,2019-01-03,11494248.0,в рублях
    депозиты юридических лиц*,2019-01-04,11706143.0,в рублях
    депозиты юридических лиц*,2019-01-05,11860032.0,в рублях
    депозиты юридических лиц*,2019-01-06,12652783.0,в рублях
    депозиты юридических лиц*,2019-01-07,12477497.0,в рублях
    депозиты юридических лиц*,2019-01-08,13484149.0,в рублях
    депозиты юридических лиц*,2019-01-09,13719860.0,в рублях
    депозиты юридических лиц*,2019-01-10,13892609.0,в рублях
    депозиты юридических лиц*,2019-01-11,13991824.0,в рублях
    депозиты юридических лиц*,2019-01-12,14275290.0,в рублях
    депозиты юридических лиц*,2020-01-01,13603918.0,в рублях
    депозиты юридических лиц*,2020-01-02,13289632.0,в рублях
    депозиты юридических лиц*,2020-01-03,12853222.0,в рублях
    депозиты юридических лиц*,2020-01-04,12908327.0,в рублях
    депозиты юридических лиц*,2020-01-05,13085387.0,в рублях
    депозиты юридических лиц*,2020-01-06,13144278.0,в рублях
    депозиты юридических лиц*,2020-01-07,12625794.0,в рублях
    депозиты юридических лиц*,2020-01-08,12831092.0,в рублях
    депозиты юридических лиц*,2020-01-09,13104153.0,в рублях
    депозиты юридических лиц*,2020-01-10,13332650.0,в рублях
    депозиты юридических лиц*,2020-01-11,14614873.0,в рублях
    депозиты юридических лиц*,2020-01-12,14551698.0,в рублях
    депозиты юридических лиц*,2021-01-01,13882778.0,в рублях
    депозиты юридических лиц*,2021-01-02,12766587.0,в рублях
    депозиты юридических лиц*,2021-01-03,13584021.0,в рублях
    депозиты юридических лиц*,2021-01-04,14092327.0,в рублях
    депозиты юридических лиц*,2021-01-05,15807969.0,в рублях
    депозиты юридических лиц*,2021-01-06,16426029.0,в рублях
    депозиты юридических лиц*,2021-01-07,15441002.0,в рублях
    депозиты юридических лиц*,2021-01-08,16690721.0,в рублях
    депозиты юридических лиц*,2021-01-09,16538257.0,в рублях
    депозиты юридических лиц*,2021-01-10,17057204.0,в рублях
    депозиты юридических лиц*,2021-01-11,17298451.0,в рублях
    депозиты юридических лиц*,2021-01-12,18368543.0,в рублях
    депозиты юридических лиц*,2022-01-01,17687355.0,в рублях
    депозиты юридических лиц*,2022-01-02,17195681.0,в рублях
    депозиты юридических лиц*,2022-01-03,16279233.0,в рублях
    депозиты юридических лиц*,2022-01-04,20711376.0,в рублях
    депозиты юридических лиц*,2022-01-05,20608607.0,в рублях
    депозиты юридических лиц*,2022-01-06,20057411.0,в рублях
    депозиты юридических лиц*,2022-01-07,18738038.0,в рублях
    депозиты юридических лиц*,2022-01-08,17879518.0,в рублях
    депозиты юридических лиц*,2022-01-09,19067776.0,в рублях
    депозиты юридических лиц*,2022-01-10,19807216.0,в рублях
    депозиты юридических лиц*,2022-01-11,20279006.0,в рублях
    депозиты юридических лиц*,2022-01-12,22163057.0,в рублях
    депозиты юридических лиц*,2023-01-01,24125376.0,в рублях
    депозиты юридических лиц*,2023-01-02,22054948.0,в рублях
    депозиты юридических лиц*,2023-01-03,22310592.0,в рублях
    депозиты юридических лиц*,2023-01-04,22884946.0,в рублях
    депозиты юридических лиц*,2023-01-05,22706093.0,в рублях
    депозиты юридических лиц*,2023-01-06,22912225.0,в рублях
    депозиты юридических лиц*,2023-01-07,23189218.0,в рублях
    депозиты юридических лиц*,2023-01-08,23679685.0,в рублях
    депозиты юридических лиц*,2023-01-09,25207611.0,в рублях
    депозиты юридических лиц*,2023-01-10,24734741.0,в рублях
    депозиты юридических лиц*,2023-01-11,25577889.0,в рублях
    депозиты юридических лиц*,2023-01-12,26554198.0,в рублях
    депозиты юридических лиц*,2024-01-01,26945783.0,в рублях
    депозиты юридических лиц*,2024-01-02,29063993.0,в рублях
    депозиты юридических лиц*,2024-01-03,28319616.0,в рублях
    депозиты юридических лиц*,2024-01-04,30033885.0,в рублях
    депозиты юридических лиц*,2024-01-05,30394148.0,в рублях
    депозиты юридических лиц*,2024-01-06,31227835.0,в рублях
    депозиты юридических лиц*,2024-01-07,31688231.0,в рублях
    депозиты юридических лиц*,2024-01-08,31737285.0,в рублях
    депозиты юридических лиц*,2024-01-09,32892852.0,в рублях
    депозиты юридических лиц*,2024-01-10,32864293.0,в рублях
    депозиты юридических лиц*,2024-01-11,34470332.0,в рублях
    депозиты юридических лиц*,2024-01-12,35869776.0,в рублях
    депозиты юридических лиц*,2025-01-01,35636699.0,в рублях
    депозиты юридических лиц*,2025-01-02,34594768.0,в рублях
    депозиты юридических лиц*,2025-01-03,34417005.0,в рублях
    депозиты юридических лиц*,2025-01-04,34425332.0,в рублях
    депозиты юридических лиц*,2025-01-05,34545215.0,в рублях
    депозиты юридических лиц*,2025-01-06,34381150.0,в рублях
    депозиты юридических лиц*,2025-01-07,33547882.0,в рублях
    депозиты юридических лиц*,2025-01-08,33650758.0,в рублях
    депозиты юридических лиц*,2025-01-09,35411040.0,в рублях
    депозиты юридических лиц*,2025-01-10,35227941.0,в рублях
    депозиты юридических лиц*,2025-01-11,36262833.0,в рублях
    депозиты юридических лиц*,2025-01-12,37941624.0,в рублях
    депозиты юридических лиц*,2026-01-01,36011748.0,в рублях
    депозиты юридических лиц*,2026-01-02,35377040.0,в рублях
    депозиты юридических лиц*,2026-01-03,34655659.0,в рублях
    депозиты юридических лиц*,2026-01-04,34224618.0,в рублях
    депозиты юридических лиц*,2026-01-05,34613343.0,в рублях
    средства индивидуальных предпринимателей,2013-01-02,162579.0,в рублях
    средства индивидуальных предпринимателей,2013-01-03,157015.0,в рублях
    средства индивидуальных предпринимателей,2013-01-04,156114.0,в рублях
    средства индивидуальных предпринимателей,2013-01-05,147723.0,в рублях
    средства индивидуальных предпринимателей,2013-01-06,157452.0,в рублях
    средства индивидуальных предпринимателей,2013-01-07,166412.0,в рублях
    средства индивидуальных предпринимателей,2013-01-08,165762.0,в рублях
    средства индивидуальных предпринимателей,2013-01-09,170888.0,в рублях
    средства индивидуальных предпринимателей,2013-01-10,182119.0,в рублях
    средства индивидуальных предпринимателей,2013-01-11,173234.0,в рублях
    средства индивидуальных предпринимателей,2013-01-12,174771.0,в рублях
    средства индивидуальных предпринимателей,2014-01-01,189903.0,в рублях
    средства индивидуальных предпринимателей,2014-01-02,173659.0,в рублях
    средства индивидуальных предпринимателей,2014-01-03,166619.0,в рублях
    средства индивидуальных предпринимателей,2014-01-04,173568.0,в рублях
    средства индивидуальных предпринимателей,2014-01-05,156997.0,в рублях
    средства индивидуальных предпринимателей,2014-01-06,163090.0,в рублях
    средства индивидуальных предпринимателей,2014-01-07,177696.0,в рублях
    средства индивидуальных предпринимателей,2014-01-08,200600.0,в рублях
    средства индивидуальных предпринимателей,2014-01-09,205670.0,в рублях
    средства индивидуальных предпринимателей,2014-01-10,214261.0,в рублях
    средства индивидуальных предпринимателей,2014-01-11,197083.0,в рублях
    средства индивидуальных предпринимателей,2014-01-12,201265.0,в рублях
    средства индивидуальных предпринимателей,2015-01-01,227144.0,в рублях
    средства индивидуальных предпринимателей,2015-01-02,209632.0,в рублях
    средства индивидуальных предпринимателей,2015-01-03,206880.0,в рублях
    средства индивидуальных предпринимателей,2015-01-04,207853.0,в рублях
    средства индивидуальных предпринимателей,2015-01-05,192230.0,в рублях
    средства индивидуальных предпринимателей,2015-01-06,204343.0,в рублях
    средства индивидуальных предпринимателей,2015-01-07,220736.0,в рублях
    средства индивидуальных предпринимателей,2015-01-08,217999.0,в рублях
    средства индивидуальных предпринимателей,2015-01-09,232462.0,в рублях
    средства индивидуальных предпринимателей,2015-01-10,236818.0,в рублях
    средства индивидуальных предпринимателей,2015-01-11,229960.0,в рублях
    средства индивидуальных предпринимателей,2015-01-12,244372.0,в рублях
    средства индивидуальных предпринимателей,2016-01-01,256187.0,в рублях
    средства индивидуальных предпринимателей,2016-01-02,245451.0,в рублях
    средства индивидуальных предпринимателей,2016-01-03,259925.0,в рублях
    средства индивидуальных предпринимателей,2016-01-04,258302.0,в рублях
    средства индивидуальных предпринимателей,2016-01-05,246411.0,в рублях
    средства индивидуальных предпринимателей,2016-01-06,271733.0,в рублях
    средства индивидуальных предпринимателей,2016-01-07,284476.0,в рублях
    средства индивидуальных предпринимателей,2016-01-08,277355.0,в рублях
    средства индивидуальных предпринимателей,2016-01-09,301414.0,в рублях
    средства индивидуальных предпринимателей,2016-01-10,306114.0,в рублях
    средства индивидуальных предпринимателей,2016-01-11,303226.0,в рублях
    средства индивидуальных предпринимателей,2016-01-12,311528.0,в рублях
    средства индивидуальных предпринимателей,2017-01-01,318329.0,в рублях
    средства индивидуальных предпринимателей,2017-01-02,321114.0,в рублях
    средства индивидуальных предпринимателей,2017-01-03,318194.0,в рублях
    средства индивидуальных предпринимателей,2017-01-04,318268.0,в рублях
    средства индивидуальных предпринимателей,2017-01-05,309995.0,в рублях
    средства индивидуальных предпринимателей,2017-01-06,336064.0,в рублях
    средства индивидуальных предпринимателей,2017-01-07,356318.0,в рублях
    средства индивидуальных предпринимателей,2017-01-08,371824.0,в рублях
    средства индивидуальных предпринимателей,2017-01-09,394364.0,в рублях
    средства индивидуальных предпринимателей,2017-01-10,407812.0,в рублях
    средства индивидуальных предпринимателей,2017-01-11,411785.0,в рублях
    средства индивидуальных предпринимателей,2017-01-12,423228.0,в рублях
    средства индивидуальных предпринимателей,2018-01-01,444845.0,в рублях
    средства индивидуальных предпринимателей,2018-01-02,443976.0,в рублях
    средства индивидуальных предпринимателей,2018-01-03,439332.0,в рублях
    средства индивидуальных предпринимателей,2018-01-04,440881.0,в рублях
    средства индивидуальных предпринимателей,2018-01-05,421783.0,в рублях
    средства индивидуальных предпринимателей,2018-01-06,450082.0,в рублях
    средства индивидуальных предпринимателей,2018-01-07,465315.0,в рублях
    средства индивидуальных предпринимателей,2018-01-08,477038.0,в рублях
    средства индивидуальных предпринимателей,2018-01-09,500875.0,в рублях
    средства индивидуальных предпринимателей,2018-01-10,513297.0,в рублях
    средства индивидуальных предпринимателей,2018-01-11,517933.0,в рублях
    средства индивидуальных предпринимателей,2018-01-12,531059.0,в рублях
    средства индивидуальных предпринимателей,2019-01-01,575195.0,в рублях
    средства индивидуальных предпринимателей,2019-01-02,567582.0,в рублях
    средства индивидуальных предпринимателей,2019-01-03,558863.0,в рублях
    средства индивидуальных предпринимателей,2019-01-04,557854.0,в рублях
    средства индивидуальных предпринимателей,2019-01-05,533868.0,в рублях
    средства индивидуальных предпринимателей,2019-01-06,562841.0,в рублях
    средства индивидуальных предпринимателей,2019-01-07,589612.0,в рублях
    средства индивидуальных предпринимателей,2019-01-08,599008.0,в рублях
    средства индивидуальных предпринимателей,2019-01-09,639251.0,в рублях
    средства индивидуальных предпринимателей,2019-01-10,666966.0,в рублях
    средства индивидуальных предпринимателей,2019-01-11,664994.0,в рублях
    средства индивидуальных предпринимателей,2019-01-12,688154.0,в рублях
    средства индивидуальных предпринимателей,2020-01-01,755079.0,в рублях
    средства индивидуальных предпринимателей,2020-01-02,712920.0,в рублях
    средства индивидуальных предпринимателей,2020-01-03,715866.0,в рублях
    средства индивидуальных предпринимателей,2020-01-04,698121.0,в рублях
    средства индивидуальных предпринимателей,2020-01-05,674246.0,в рублях
    средства индивидуальных предпринимателей,2020-01-06,725706.0,в рублях
    средства индивидуальных предпринимателей,2020-01-07,781600.0,в рублях
    средства индивидуальных предпринимателей,2020-01-08,821915.0,в рублях
    средства индивидуальных предпринимателей,2020-01-09,884742.0,в рублях
    средства индивидуальных предпринимателей,2020-01-10,913993.0,в рублях
    средства индивидуальных предпринимателей,2020-01-11,903876.0,в рублях
    средства индивидуальных предпринимателей,2020-01-12,924894.0,в рублях
    средства индивидуальных предпринимателей,2021-01-01,1010370.0,в рублях
    средства индивидуальных предпринимателей,2021-01-02,982550.0,в рублях
    средства индивидуальных предпринимателей,2021-01-03,977224.0,в рублях
    средства индивидуальных предпринимателей,2021-01-04,973391.0,в рублях
    средства индивидуальных предпринимателей,2021-01-05,919785.0,в рублях
    средства индивидуальных предпринимателей,2021-01-06,976285.0,в рублях
    средства индивидуальных предпринимателей,2021-01-07,994992.0,в рублях
    средства индивидуальных предпринимателей,2021-01-08,1001913.0,в рублях
    средства индивидуальных предпринимателей,2021-01-09,1085151.0,в рублях
    средства индивидуальных предпринимателей,2021-01-10,1116920.0,в рублях
    средства индивидуальных предпринимателей,2021-01-11,1108905.0,в рублях
    средства индивидуальных предпринимателей,2021-01-12,1149592.0,в рублях
    средства индивидуальных предпринимателей,2022-01-01,1267897.0,в рублях
    средства индивидуальных предпринимателей,2022-01-02,1220975.0,в рублях
    средства индивидуальных предпринимателей,2022-01-03,1135824.0,в рублях
    средства индивидуальных предпринимателей,2022-01-04,1094703.0,в рублях
    средства индивидуальных предпринимателей,2022-01-05,1077327.0,в рублях
    средства индивидуальных предпринимателей,2022-01-06,1137260.0,в рублях
    средства индивидуальных предпринимателей,2022-01-07,1182342.0,в рублях
    средства индивидуальных предпринимателей,2022-01-08,1209193.0,в рублях
    средства индивидуальных предпринимателей,2022-01-09,1309097.0,в рублях
    средства индивидуальных предпринимателей,2022-01-10,1324939.0,в рублях
    средства индивидуальных предпринимателей,2022-01-11,1332276.0,в рублях
    средства индивидуальных предпринимателей,2022-01-12,1397544.0,в рублях
    средства индивидуальных предпринимателей,2023-01-01,1537212.0,в рублях
    средства индивидуальных предпринимателей,2023-01-02,1530558.0,в рублях
    средства индивидуальных предпринимателей,2023-01-03,1526521.0,в рублях
    средства индивидуальных предпринимателей,2023-01-04,1557525.0,в рублях
    средства индивидуальных предпринимателей,2023-01-05,1528151.0,в рублях
    средства индивидуальных предпринимателей,2023-01-06,1623884.0,в рублях
    средства индивидуальных предпринимателей,2023-01-07,1680291.0,в рублях
    средства индивидуальных предпринимателей,2023-01-08,1714989.0,в рублях
    средства индивидуальных предпринимателей,2023-01-09,1835081.0,в рублях
    средства индивидуальных предпринимателей,2023-01-10,1899879.0,в рублях
    средства индивидуальных предпринимателей,2023-01-11,1900375.0,в рублях
    средства индивидуальных предпринимателей,2023-01-12,1944295.0,в рублях
    средства индивидуальных предпринимателей,2024-01-01,2124506.0,в рублях
    средства индивидуальных предпринимателей,2024-01-02,2053773.0,в рублях
    средства индивидуальных предпринимателей,2024-01-03,2036356.0,в рублях
    средства индивидуальных предпринимателей,2024-01-04,2074785.0,в рублях
    средства индивидуальных предпринимателей,2024-01-05,2060783.0,в рублях
    средства индивидуальных предпринимателей,2024-01-06,2127276.0,в рублях
    средства индивидуальных предпринимателей,2024-01-07,2202601.0,в рублях
    средства индивидуальных предпринимателей,2024-01-08,2220129.0,в рублях
    средства индивидуальных предпринимателей,2024-01-09,2312153.0,в рублях
    средства индивидуальных предпринимателей,2024-01-10,2386972.0,в рублях
    средства индивидуальных предпринимателей,2024-01-11,2360945.0,в рублях
    средства индивидуальных предпринимателей,2024-01-12,2387355.0,в рублях
    средства индивидуальных предпринимателей,2025-01-01,2569263.0,в рублях
    средства индивидуальных предпринимателей,2025-01-02,2507374.0,в рублях
    средства индивидуальных предпринимателей,2025-01-03,2425760.0,в рублях
    средства индивидуальных предпринимателей,2025-01-04,2458364.0,в рублях
    средства индивидуальных предпринимателей,2025-01-05,2362758.0,в рублях
    средства индивидуальных предпринимателей,2025-01-06,2450426.0,в рублях
    средства индивидуальных предпринимателей,2025-01-07,2505968.0,в рублях
    средства индивидуальных предпринимателей,2025-01-08,2528280.0,в рублях
    средства индивидуальных предпринимателей,2025-01-09,2634488.0,в рублях
    средства индивидуальных предпринимателей,2025-01-10,2699039.0,в рублях
    средства индивидуальных предпринимателей,2025-01-11,2674723.0,в рублях
    средства индивидуальных предпринимателей,2025-01-12,2680804.0,в рублях
    средства индивидуальных предпринимателей,2026-01-01,2844242.0,в рублях
    средства индивидуальных предпринимателей,2026-01-02,2739022.0,в рублях
    средства индивидуальных предпринимателей,2026-01-03,2680586.0,в рублях
    средства индивидуальных предпринимателей,2026-01-04,2665471.0,в рублях
    средства индивидуальных предпринимателей,2026-01-05,2558623.0,в рублях
    средства на счетах организаций,2012-01-02,4584222.0,в рублях
    средства на счетах организаций,2012-01-03,4474559.0,в рублях
    средства на счетах организаций,2012-01-04,4503262.0,в рублях
    средства на счетах организаций,2012-01-05,4227689.0,в рублях
    средства на счетах организаций,2012-01-06,4338252.0,в рублях
    средства на счетах организаций,2012-01-07,4311856.0,в рублях
    средства на счетах организаций,2012-01-08,4227390.0,в рублях
    средства на счетах организаций,2012-01-09,4042297.0,в рублях
    средства на счетах организаций,2012-01-10,4168376.0,в рублях
    средства на счетах организаций,2012-01-11,4207215.0,в рублях
    средства на счетах организаций,2012-01-12,4222695.0,в рублях
    средства на счетах организаций,2013-01-01,4607151.0,в рублях
    средства на счетах организаций,2013-01-02,4735340.0,в рублях
    средства на счетах организаций,2013-01-03,4693022.0,в рублях
    средства на счетах организаций,2013-01-04,4750034.0,в рублях
    средства на счетах организаций,2013-01-05,4391888.0,в рублях
    средства на счетах организаций,2013-01-06,4633794.0,в рублях
    средства на счетах организаций,2013-01-07,4802653.0,в рублях
    средства на счетах организаций,2013-01-08,4821673.0,в рублях
    средства на счетах организаций,2013-01-09,4674728.0,в рублях
    средства на счетах организаций,2013-01-10,4832323.0,в рублях
    средства на счетах организаций,2013-01-11,4699120.0,в рублях
    средства на счетах организаций,2013-01-12,4880980.0,в рублях
    средства на счетах организаций,2014-01-01,5358671.0,в рублях
    средства на счетах организаций,2014-01-02,5402247.0,в рублях
    средства на счетах организаций,2014-01-03,5566706.0,в рублях
    средства на счетах организаций,2014-01-04,5551182.0,в рублях
    средства на счетах организаций,2014-01-05,5175460.0,в рублях
    средства на счетах организаций,2014-01-06,5179981.0,в рублях
    средства на счетах организаций,2014-01-07,5334479.0,в рублях
    средства на счетах организаций,2014-01-08,5090179.0,в рублях
    средства на счетах организаций,2014-01-09,4990209.0,в рублях
    средства на счетах организаций,2014-01-10,5076356.0,в рублях
    средства на счетах организаций,2014-01-11,4642266.0,в рублях
    средства на счетах организаций,2014-01-12,5074299.0,в рублях
    средства на счетах организаций,2015-01-01,5348079.0,в рублях
    средства на счетах организаций,2015-01-02,5930027.0,в рублях
    средства на счетах организаций,2015-01-03,5940661.0,в рублях
    средства на счетах организаций,2015-01-04,5900317.0,в рублях
    средства на счетах организаций,2015-01-05,5610773.0,в рублях
    средства на счетах организаций,2015-01-06,5838361.0,в рублях
    средства на счетах организаций,2015-01-07,5770575.0,в рублях
    средства на счетах организаций,2015-01-08,5528459.0,в рублях
    средства на счетах организаций,2015-01-09,5859123.0,в рублях
    средства на счетах организаций,2015-01-10,5747259.0,в рублях
    средства на счетах организаций,2015-01-11,5538031.0,в рублях
    средства на счетах организаций,2015-01-12,5924416.0,в рублях
    средства на счетах организаций,2016-01-01,6070647.0,в рублях
    средства на счетах организаций,2016-01-02,6226654.0,в рублях
    средства на счетах организаций,2016-01-03,6352984.0,в рублях
    средства на счетах организаций,2016-01-04,6661578.0,в рублях
    средства на счетах организаций,2016-01-05,6109098.0,в рублях
    средства на счетах организаций,2016-01-06,6543693.0,в рублях
    средства на счетах организаций,2016-01-07,6479398.0,в рублях
    средства на счетах организаций,2016-01-08,6098973.0,в рублях
    средства на счетах организаций,2016-01-09,6158995.0,в рублях
    средства на счетах организаций,2016-01-10,6052800.0,в рублях
    средства на счетах организаций,2016-01-11,6206316.0,в рублях
    средства на счетах организаций,2016-01-12,6372078.0,в рублях
    средства на счетах организаций,2017-01-01,6532187.0,в рублях
    средства на счетах организаций,2017-01-02,6678369.0,в рублях
    средства на счетах организаций,2017-01-03,6683134.0,в рублях
    средства на счетах организаций,2017-01-04,6324245.0,в рублях
    средства на счетах организаций,2017-01-05,6030583.0,в рублях
    средства на счетах организаций,2017-01-06,6373462.0,в рублях
    средства на счетах организаций,2017-01-07,6358813.0,в рублях
    средства на счетах организаций,2017-01-08,6242791.0,в рублях
    средства на счетах организаций,2017-01-09,6346449.0,в рублях
    средства на счетах организаций,2017-01-10,6310222.0,в рублях
    средства на счетах организаций,2017-01-11,6432530.0,в рублях
    средства на счетах организаций,2017-01-12,6577986.0,в рублях
    средства на счетах организаций,2018-01-01,6730246.0,в рублях
    средства на счетах организаций,2018-01-02,6877356.0,в рублях
    средства на счетах организаций,2018-01-03,6812860.0,в рублях
    средства на счетах организаций,2018-01-04,6772930.0,в рублях
    средства на счетах организаций,2018-01-05,6570489.0,в рублях
    средства на счетах организаций,2018-01-06,6759335.0,в рублях
    средства на счетах организаций,2018-01-07,6861525.0,в рублях
    средства на счетах организаций,2018-01-08,6651270.0,в рублях
    средства на счетах организаций,2018-01-09,6511742.0,в рублях
    средства на счетах организаций,2018-01-10,6591340.0,в рублях
    средства на счетах организаций,2018-01-11,6499391.0,в рублях
    средства на счетах организаций,2018-01-12,6866073.0,в рублях
    средства на счетах организаций,2019-01-01,6759112.0,в рублях
    средства на счетах организаций,2019-01-02,6900712.0,в рублях
    средства на счетах организаций,2019-01-03,6899591.0,в рублях
    средства на счетах организаций,2019-01-04,7046941.0,в рублях
    средства на счетах организаций,2019-01-05,6760418.0,в рублях
    средства на счетах организаций,2019-01-06,6648747.0,в рублях
    средства на счетах организаций,2019-01-07,6938090.0,в рублях
    средства на счетах организаций,2019-01-08,7007523.0,в рублях
    средства на счетах организаций,2019-01-09,7017798.0,в рублях
    средства на счетах организаций,2019-01-10,7315535.0,в рублях
    средства на счетах организаций,2019-01-11,7087413.0,в рублях
    средства на счетах организаций,2019-01-12,7289273.0,в рублях
    средства на счетах организаций,2020-01-01,7511682.0,в рублях
    средства на счетах организаций,2020-01-02,7715862.0,в рублях
    средства на счетах организаций,2020-01-03,7918476.0,в рублях
    средства на счетах организаций,2020-01-04,8464360.0,в рублях
    средства на счетах организаций,2020-01-05,7892314.0,в рублях
    средства на счетах организаций,2020-01-06,7945270.0,в рублях
    средства на счетах организаций,2020-01-07,8423673.0,в рублях
    средства на счетах организаций,2020-01-08,8239666.0,в рублях
    средства на счетах организаций,2020-01-09,8792082.0,в рублях
    средства на счетах организаций,2020-01-10,8913725.0,в рублях
    средства на счетах организаций,2020-01-11,8844291.0,в рублях
    средства на счетах организаций,2020-01-12,9356387.0,в рублях
    средства на счетах организаций,2021-01-01,9152967.0,в рублях
    средства на счетах организаций,2021-01-02,9609946.0,в рублях
    средства на счетах организаций,2021-01-03,9846629.0,в рублях
    средства на счетах организаций,2021-01-04,9868494.0,в рублях
    средства на счетах организаций,2021-01-05,9405983.0,в рублях
    средства на счетах организаций,2021-01-06,10002403.0,в рублях
    средства на счетах организаций,2021-01-07,10345819.0,в рублях
    средства на счетах организаций,2021-01-08,9759975.0,в рублях
    средства на счетах организаций,2021-01-09,9965016.0,в рублях
    средства на счетах организаций,2021-01-10,10002600.0,в рублях
    средства на счетах организаций,2021-01-11,9966863.0,в рублях
    средства на счетах организаций,2021-01-12,10797385.0,в рублях
    средства на счетах организаций,2022-01-01,11163109.0,в рублях
    средства на счетах организаций,2022-01-02,12158318.0,в рублях
    средства на счетах организаций,2022-01-03,12911081.0,в рублях
    средства на счетах организаций,2022-01-04,12934059.0,в рублях
    средства на счетах организаций,2022-01-05,12216057.0,в рублях
    средства на счетах организаций,2022-01-06,12991746.0,в рублях
    средства на счетах организаций,2022-01-07,13306928.0,в рублях
    средства на счетах организаций,2022-01-08,14106441.0,в рублях
    средства на счетах организаций,2022-01-09,14994775.0,в рублях
    средства на счетах организаций,2022-01-10,15399987.0,в рублях
    средства на счетах организаций,2022-01-11,15582081.0,в рублях
    средства на счетах организаций,2022-01-12,15328032.0,в рублях
    средства на счетах организаций,2023-01-01,15335053.0,в рублях
    средства на счетах организаций,2023-01-02,17458767.0,в рублях
    средства на счетах организаций,2023-01-03,17328311.0,в рублях
    средства на счетах организаций,2023-01-04,16389994.0,в рублях
    средства на счетах организаций,2023-01-05,15916917.0,в рублях
    средства на счетах организаций,2023-01-06,16905411.0,в рублях
    средства на счетах организаций,2023-01-07,16688857.0,в рублях
    средства на счетах организаций,2023-01-08,16850137.0,в рублях
    средства на счетах организаций,2023-01-09,17363655.0,в рублях
    средства на счетах организаций,2023-01-10,17169372.0,в рублях
    средства на счетах организаций,2023-01-11,17251423.0,в рублях
    средства на счетах организаций,2023-01-12,17368439.0,в рублях
    средства на счетах организаций,2024-01-01,17350082.0,в рублях
    средства на счетах организаций,2024-01-02,17626346.0,в рублях
    средства на счетах организаций,2024-01-03,17932890.0,в рублях
    средства на счетах организаций,2024-01-04,17720704.0,в рублях
    средства на счетах организаций,2024-01-05,18195151.0,в рублях
    средства на счетах организаций,2024-01-06,17508597.0,в рублях
    средства на счетах организаций,2024-01-07,17578027.0,в рублях
    средства на счетах организаций,2024-01-08,17995446.0,в рублях
    средства на счетах организаций,2024-01-09,17900802.0,в рублях
    средства на счетах организаций,2024-01-10,18299735.0,в рублях
    средства на счетах организаций,2024-01-11,17919672.0,в рублях
    средства на счетах организаций,2024-01-12,17730790.0,в рублях
    средства на счетах организаций,2025-01-01,18267276.0,в рублях
    средства на счетах организаций,2025-01-02,19209745.0,в рублях
    средства на счетах организаций,2025-01-03,19637266.0,в рублях
    средства на счетах организаций,2025-01-04,19369433.0,в рублях
    средства на счетах организаций,2025-01-05,18636636.0,в рублях
    средства на счетах организаций,2025-01-06,18900697.0,в рублях
    средства на счетах организаций,2025-01-07,19249465.0,в рублях
    средства на счетах организаций,2025-01-08,18904105.0,в рублях
    средства на счетах организаций,2025-01-09,19056860.0,в рублях
    средства на счетах организаций,2025-01-10,19044523.0,в рублях
    средства на счетах организаций,2025-01-11,19280790.0,в рублях
    средства на счетах организаций,2025-01-12,19954420.0,в рублях
    средства на счетах организаций,2026-01-01,18895396.0,в рублях
    средства на счетах организаций,2026-01-02,19896299.0,в рублях
    средства на счетах организаций,2026-01-03,20603751.0,в рублях
    средства на счетах организаций,2026-01-04,20626485.0,в рублях
    средства на счетах организаций,2026-01-05,20495851.0,в рублях
"Средства клиентов, всего",2012-01-02,19729596.0,в рублях
"Средства клиентов, всего",2012-01-03,19680941.0,в рублях
"Средства клиентов, всего",2012-01-04,19890781.0,в рублях
"Средства клиентов, всего",2012-01-05,20007147.0,в рублях
"Средства клиентов, всего",2012-01-06,20404098.0,в рублях
"Средства клиентов, всего",2012-01-07,20580671.0,в рублях
"Средства клиентов, всего",2012-01-08,20603406.0,в рублях
"Средства клиентов, всего",2012-01-09,20888309.0,в рублях
"Средства клиентов, всего",2012-01-10,21183648.0,в рублях
"Средства клиентов, всего",2012-01-11,21386448.0,в рублях
"Средства клиентов, всего",2012-01-12,21601152.0,в рублях
"Средства клиентов, всего",2013-01-01,23171690.0,в рублях
"Средства клиентов, всего",2013-01-02,22600314.0,в рублях
"Средства клиентов, всего",2013-01-03,22973286.0,в рублях
"Средства клиентов, всего",2013-01-04,23373017.0,в рублях
"Средства клиентов, всего",2013-01-05,23828717.0,в рублях
"Средства клиентов, всего",2013-01-06,24245460.0,в рублях
"Средства клиентов, всего",2013-01-07,24591877.0,в рублях
"Средства клиентов, всего",2013-01-08,25108313.0,в рублях
"Средства клиентов, всего",2013-01-09,25270859.0,в рублях
"Средства клиентов, всего",2013-01-10,25409189.0,в рублях
"Средства клиентов, всего",2013-01-11,25427685.0,в рублях
"Средства клиентов, всего",2013-01-12,25632253.0,в рублях
"Средства клиентов, всего",2014-01-01,26455843.0,в рублях
"Средства клиентов, всего",2014-01-02,25893917.0,в рублях
"Средства клиентов, всего",2014-01-03,26296030.0,в рублях
"Средства клиентов, всего",2014-01-04,25926701.0,в рублях
"Средства клиентов, всего",2014-01-05,26214210.0,в рублях
"Средства клиентов, всего",2014-01-06,26637995.0,в рублях
"Средства клиентов, всего",2014-01-07,26783814.0,в рублях
"Средства клиентов, всего",2014-01-08,26809136.0,в рублях
"Средства клиентов, всего",2014-01-09,27034041.0,в рублях
"Средства клиентов, всего",2014-01-10,27005319.0,в рублях
"Средства клиентов, всего",2014-01-11,26962599.0,в рублях
"Средства клиентов, всего",2014-01-12,27217527.0,в рублях
"Средства клиентов, всего",2015-01-01,27523646.0,в рублях
"Средства клиентов, всего",2015-01-02,27977502.0,в рублях
"Средства клиентов, всего",2015-01-03,27880893.0,в рублях
"Средства клиентов, всего",2015-01-04,27960687.0,в рублях
"Средства клиентов, всего",2015-01-05,28462168.0,в рублях
"Средства клиентов, всего",2015-01-06,28772874.0,в рублях
"Средства клиентов, всего",2015-01-07,28738687.0,в рублях
"Средства клиентов, всего",2015-01-08,28994291.0,в рублях
"Средства клиентов, всего",2015-01-09,29528080.0,в рублях
"Средства клиентов, всего",2015-01-10,29997798.0,в рублях
"Средства клиентов, всего",2015-01-11,30289953.0,в рублях
"Средства клиентов, всего",2015-01-12,30825888.0,в рублях
"Средства клиентов, всего",2016-01-01,31286296.0,в рублях
"Средства клиентов, всего",2016-01-02,31125464.0,в рублях
"Средства клиентов, всего",2016-01-03,31441561.0,в рублях
"Средства клиентов, всего",2016-01-04,31686509.0,в рублях
"Средства клиентов, всего",2016-01-05,32265859.0,в рублях
"Средства клиентов, всего",2016-01-06,32778954.0,в рублях
"Средства клиентов, всего",2016-01-07,32970597.0,в рублях
"Средства клиентов, всего",2016-01-08,33053178.0,в рублях
"Средства клиентов, всего",2016-01-09,33300947.0,в рублях
"Средства клиентов, всего",2016-01-10,33879190.0,в рублях
"Средства клиентов, всего",2016-01-11,33975638.0,в рублях
"Средства клиентов, всего",2016-01-12,33802073.0,в рублях
"Средства клиентов, всего",2017-01-01,34120946.0,в рублях
"Средства клиентов, всего",2017-01-02,34456510.0,в рублях
"Средства клиентов, всего",2017-01-03,35029141.0,в рублях
"Средства клиентов, всего",2017-01-04,35293266.0,в рублях
"Средства клиентов, всего",2017-01-05,35450416.0,в рублях
"Средства клиентов, всего",2017-01-06,35976985.0,в рублях
"Средства клиентов, всего",2017-01-07,36340902.0,в рублях
"Средства клиентов, всего",2017-01-08,36310446.0,в рублях
"Средства клиентов, всего",2017-01-09,36369045.0,в рублях
"Средства клиентов, всего",2017-01-10,36978394.0,в рублях
"Средства клиентов, всего",2017-01-11,37145267.0,в рублях
"Средства клиентов, всего",2017-01-12,37528652.0,в рублях
"Средства клиентов, всего",2018-01-01,38921970.0,в рублях
"Средства клиентов, всего",2018-01-02,38662278.0,в рублях
"Средства клиентов, всего",2018-01-03,39031146.0,в рублях
"Средства клиентов, всего",2018-01-04,39491202.0,в рублях
"Средства клиентов, всего",2018-01-05,40081300.0,в рублях
"Средства клиентов, всего",2018-01-06,40274368.0,в рублях
"Средства клиентов, всего",2018-01-07,41032413.0,в рублях
"Средства клиентов, всего",2018-01-08,41021724.0,в рублях
"Средства клиентов, всего",2018-01-09,41573334.0,в рублях
"Средства клиентов, всего",2018-01-10,41867597.0,в рублях
"Средства клиентов, всего",2018-01-11,42434424.0,в рублях
"Средства клиентов, всего",2018-01-12,43110449.0,в рублях
"Средства клиентов, всего",2019-01-01,44099966.0,в рублях
"Средства клиентов, всего",2019-01-02,43505075.0,в рублях
"Средства клиентов, всего",2019-01-03,43937518.0,в рублях
"Средства клиентов, всего",2019-01-04,44393186.0,в рублях
"Средства клиентов, всего",2019-01-05,44930300.0,в рублях
"Средства клиентов, всего",2019-01-06,45321402.0,в рублях
"Средства клиентов, всего",2019-01-07,45869696.0,в рублях
"Средства клиентов, всего",2019-01-08,46719846.0,в рублях
"Средства клиентов, всего",2019-01-09,47294871.0,в рублях
"Средства клиентов, всего",2019-01-10,47950678.0,в рублях
"Средства клиентов, всего",2019-01-11,48115936.0,в рублях
"Средства клиентов, всего",2019-01-12,48719015.0,в рублях
"Средства клиентов, всего",2020-01-01,48975499.0,в рублях
"Средства клиентов, всего",2020-01-02,48840942.0,в рублях
"Средства клиентов, всего",2020-01-03,49004409.0,в рублях
"Средства клиентов, всего",2020-01-04,49932429.0,в рублях
"Средства клиентов, всего",2020-01-05,50275704.0,в рублях
"Средства клиентов, всего",2020-01-06,50055851.0,в рублях
"Средства клиентов, всего",2020-01-07,51349054.0,в рублях
"Средства клиентов, всего",2020-01-08,51570158.0,в рублях
"Средства клиентов, всего",2020-01-09,52021483.0,в рублях
"Средства клиентов, всего",2020-01-10,53320988.0,в рублях
"Средства клиентов, всего",2020-01-11,54234129.0,в рублях
"Средства клиентов, всего",2020-01-12,54902424.0,в рублях
"Средства клиентов, всего",2021-01-01,54964403.0,в рублях
"Средства клиентов, всего",2021-01-02,54095122.0,в рублях
"Средства клиентов, всего",2021-01-03,56453961.0,в рублях
"Средства клиентов, всего",2021-01-04,57900779.0,в рублях
"Средства клиентов, всего",2021-01-05,59571031.0,в рублях
"Средства клиентов, всего",2021-01-06,60699341.0,в рублях
"Средства клиентов, всего",2021-01-07,60856498.0,в рублях
"Средства клиентов, всего",2021-01-08,61817701.0,в рублях
"Средства клиентов, всего",2021-01-09,61850124.0,в рублях
"Средства клиентов, всего",2021-01-10,62997645.0,в рублях
"Средства клиентов, всего",2021-01-11,63402521.0,в рублях
"Средства клиентов, всего",2021-01-12,64956619.0,в рублях
"Средства клиентов, всего",2022-01-01,66122189.0,в рублях
"Средства клиентов, всего",2022-01-02,65852722.0,в рублях
"Средства клиентов, всего",2022-01-03,64698949.0,в рублях
"Средства клиентов, всего",2022-01-04,69620205.0,в рублях
"Средства клиентов, всего",2022-01-05,70662801.0,в рублях
"Средства клиентов, всего",2022-01-06,71978805.0,в рублях
"Средства клиентов, всего",2022-01-07,72474127.0,в рублях
"Средства клиентов, всего",2022-01-08,72703836.0,в рублях
"Средства клиентов, всего",2022-01-09,74637416.0,в рублях
"Средства клиентов, всего",2022-01-10,75578859.0,в рублях
"Средства клиентов, всего",2022-01-11,76477442.0,в рублях
"Средства клиентов, всего",2022-01-12,78295957.0,в рублях
"Средства клиентов, всего",2023-01-01,83568817.0,в рублях
"Средства клиентов, всего",2023-01-02,82362549.0,в рублях
"Средства клиентов, всего",2023-01-03,82533911.0,в рублях
"Средства клиентов, всего",2023-01-04,84682079.0,в рублях
"Средства клиентов, всего",2023-01-05,84731925.0,в рублях
"Средства клиентов, всего",2023-01-06,87208051.0,в рублях
"Средства клиентов, всего",2023-01-07,89010555.0,в рублях
"Средства клиентов, всего",2023-01-08,90751061.0,в рублях
"Средства клиентов, всего",2023-01-09,93168263.0,в рублях
"Средства клиентов, всего",2023-01-10,94033989.0,в рублях
"Средства клиентов, всего",2023-01-11,96402522.0,в рублях
"Средства клиентов, всего",2023-01-12,98544060.0,в рублях
"Средства клиентов, всего",2024-01-01,101757290.0,в рублях
"Средства клиентов, всего",2024-01-02,103605097.0,в рублях
"Средства клиентов, всего",2024-01-03,103401568.0,в рублях
"Средства клиентов, всего",2024-01-04,104933154.0,в рублях
"Средства клиентов, всего",2024-01-05,106871788.0,в рублях
"Средства клиентов, всего",2024-01-06,109225426.0,в рублях
"Средства клиентов, всего",2024-01-07,110678772.0,в рублях
"Средства клиентов, всего",2024-01-08,112150068.0,в рублях
"Средства клиентов, всего",2024-01-09,114586766.0,в рублях
"Средства клиентов, всего",2024-01-10,116314557.0,в рублях
"Средства клиентов, всего",2024-01-11,118664942.0,в рублях
"Средства клиентов, всего",2024-01-12,120654805.0,в рублях
"Средства клиентов, всего",2025-01-01,123259560.0,в рублях
"Средства клиентов, всего",2025-01-02,122889136.0,в рублях
"Средства клиентов, всего",2025-01-03,123221324.0,в рублях
"Средства клиентов, всего",2025-01-04,122972072.0,в рублях
"Средства клиентов, всего",2025-01-05,124062493.0,в рублях
"Средства клиентов, всего",2025-01-06,124194497.0,в рублях
"Средства клиентов, всего",2025-01-07,124704767.0,в рублях
"Средства клиентов, всего",2025-01-08,125917455.0,в рублях
"Средства клиентов, всего",2025-01-09,127733972.0,в рублях
"Средства клиентов, всего",2025-01-10,127815913.0,в рублях
"Средства клиентов, всего",2025-01-11,130269647.0,в рублях
"Средства клиентов, всего",2025-01-12,133065297.0,в рублях
"Средства клиентов, всего",2026-01-01,134866747.0,в рублях
"Средства клиентов, всего",2026-01-02,133833751.0,в рублях
"Средства клиентов, всего",2026-01-03,134248038.0,в рублях
"Средства клиентов, всего",2026-01-04,133976142.0,в рублях
"Средства клиентов, всего",2026-01-05,135653627.0,в рублях
     вклады (депозиты) и другие привлеченные средства физических лиц**,2019-01-02,27855014.0,итого
     вклады (депозиты) и другие привлеченные средства физических лиц**,2019-01-03,28261548.0,итого
     вклады (депозиты) и другие привлеченные средства физических лиц**,2019-01-04,28326171.0,итого
     вклады (депозиты) и другие привлеченные средства физических лиц**,2019-01-05,28910916.0,итого
     вклады (депозиты) и другие привлеченные средства физических лиц**,2019-01-06,28902306.0,итого
     вклады (депозиты) и другие привлеченные средства физических лиц**,2019-01-07,29083352.0,итого
     вклады (депозиты) и другие привлеченные средства физических лиц**,2019-01-08,29150167.0,итого
     вклады (депозиты) и другие привлеченные средства физических лиц**,2019-01-09,29556912.0,итого
     вклады (депозиты) и другие привлеченные средства физических лиц**,2019-01-10,29421655.0,итого
     вклады (депозиты) и другие привлеченные средства физических лиц**,2019-01-11,29425557.0,итого
     вклады (депозиты) и другие привлеченные средства физических лиц**,2019-01-12,29609194.0,итого
     вклады (депозиты) и другие привлеченные средства физических лиц**,2020-01-01,30529934.0,итого
     вклады (депозиты) и другие привлеченные средства физических лиц**,2020-01-02,30138555.0,итого
     вклады (депозиты) и другие привлеченные средства физических лиц**,2020-01-03,30625353.0,итого
     вклады (депозиты) и другие привлеченные средства физических лиц**,2020-01-04,31380415.0,итого
     вклады (депозиты) и другие привлеченные средства физических лиц**,2020-01-05,31348412.0,итого
     вклады (депозиты) и другие привлеченные средства физических лиц**,2020-01-06,31016599.0,итого
     вклады (депозиты) и другие привлеченные средства физических лиц**,2020-01-07,31475220.0,итого
     вклады (депозиты) и другие привлеченные средства физических лиц**,2020-01-08,31847577.0,итого
     вклады (депозиты) и другие привлеченные средства физических лиц**,2020-01-09,31877386.0,итого
     вклады (депозиты) и другие привлеченные средства физических лиц**,2020-01-10,32266239.0,итого
     вклады (депозиты) и другие привлеченные средства физических лиц**,2020-01-11,31965555.0,итого
     вклады (депозиты) и другие привлеченные средства физических лиц**,2020-01-12,31692620.0,итого
     вклады (депозиты) и другие привлеченные средства физических лиц**,2021-01-01,33068881.0,итого
     вклады (депозиты) и другие привлеченные средства физических лиц**,2021-01-02,32412350.0,итого
     вклады (депозиты) и другие привлеченные средства физических лиц**,2021-01-03,32279542.0,итого
     вклады (депозиты) и другие привлеченные средства физических лиц**,2021-01-04,32369049.0,итого
     вклады (депозиты) и другие привлеченные средства физических лиц**,2021-01-05,33181132.0,итого
     вклады (депозиты) и другие привлеченные средства физических лиц**,2021-01-06,32623617.0,итого
     вклады (депозиты) и другие привлеченные средства физических лиц**,2021-01-07,32608235.0,итого
     вклады (депозиты) и другие привлеченные средства физических лиц**,2021-01-08,32835706.0,итого
     вклады (депозиты) и другие привлеченные средства физических лиц**,2021-01-09,32914489.0,итого
     вклады (депозиты) и другие привлеченные средства физических лиц**,2021-01-10,33096419.0,итого
     вклады (депозиты) и другие привлеченные средства физических лиц**,2021-01-11,33072036.0,итого
     вклады (депозиты) и другие привлеченные средства физических лиц**,2021-01-12,33452072.0,итого
     вклады (депозиты) и другие привлеченные средства физических лиц**,2022-01-01,34927955.0,итого
     вклады (депозиты) и другие привлеченные средства физических лиц**,2022-01-02,34452413.0,итого
     вклады (депозиты) и другие привлеченные средства физических лиц**,2022-01-03,33749208.0,итого
     вклады (депозиты) и другие привлеченные средства физических лиц**,2022-01-04,33549151.0,итого
     вклады (депозиты) и другие привлеченные средства физических лиц**,2022-01-05,33817314.0,итого
     вклады (депозиты) и другие привлеченные средства физических лиц**,2022-01-06,33443173.0,итого
     вклады (депозиты) и другие привлеченные средства физических лиц**,2022-01-07,33080844.0,итого
     вклады (депозиты) и другие привлеченные средства физических лиц**,2022-01-08,33982679.0,итого
     вклады (депозиты) и другие привлеченные средства физических лиц**,2022-01-09,33946953.0,итого
     вклады (депозиты) и другие привлеченные средства физических лиц**,2022-01-10,33284323.0,итого
     вклады (депозиты) и другие привлеченные средства физических лиц**,2022-01-11,33440459.0,итого
     вклады (депозиты) и другие привлеченные средства физических лиц**,2022-01-12,33732430.0,итого
     вклады (депозиты) и другие привлеченные средства физических лиц**,2023-01-01,36821120.0,итого
     вклады (депозиты) и другие привлеченные средства физических лиц**,2023-01-02,35795237.0,итого
     вклады (депозиты) и другие привлеченные средства физических лиц**,2023-01-03,36809808.0,итого
     вклады (депозиты) и другие привлеченные средства физических лиц**,2023-01-04,37183300.0,итого
     вклады (депозиты) и другие привлеченные средства физических лиц**,2023-01-05,37954989.0,итого
     вклады (депозиты) и другие привлеченные средства физических лиц**,2023-01-06,38399844.0,итого
     вклады (депозиты) и другие привлеченные средства физических лиц**,2023-01-07,39514831.0,итого
     вклады (депозиты) и другие привлеченные средства физических лиц**,2023-01-08,40117710.0,итого
     вклады (депозиты) и другие привлеченные средства физических лиц**,2023-01-09,40654754.0,итого
     вклады (депозиты) и другие привлеченные средства физических лиц**,2023-01-10,41104612.0,итого
     вклады (депозиты) и другие привлеченные средства физических лиц**,2023-01-11,41517308.0,итого
     вклады (депозиты) и другие привлеченные средства физических лиц**,2023-01-12,42178188.0,итого
     вклады (депозиты) и другие привлеченные средства физических лиц**,2024-01-01,45104517.0,итого
     вклады (депозиты) и другие привлеченные средства физических лиц**,2024-01-02,44751839.0,итого
     вклады (депозиты) и другие привлеченные средства физических лиц**,2024-01-03,45985721.0,итого
     вклады (депозиты) и другие привлеченные средства физических лиц**,2024-01-04,46892816.0,итого
     вклады (депозиты) и другие привлеченные средства физических лиц**,2024-01-05,47851623.0,итого
     вклады (депозиты) и другие привлеченные средства физических лиц**,2024-01-06,49016803.0,итого
     вклады (депозиты) и другие привлеченные средства физических лиц**,2024-01-07,49634323.0,итого
     вклады (депозиты) и другие привлеченные средства физических лиц**,2024-01-08,50202965.0,итого
     вклады (депозиты) и другие привлеченные средства физических лиц**,2024-01-09,51061692.0,итого
     вклады (депозиты) и другие привлеченные средства физических лиц**,2024-01-10,51796086.0,итого
     вклады (депозиты) и другие привлеченные средства физических лиц**,2024-01-11,52628529.0,итого
     вклады (депозиты) и другие привлеченные средства физических лиц**,2024-01-12,53645344.0,итого
     вклады (депозиты) и другие привлеченные средства физических лиц**,2025-01-01,57246662.0,итого
     вклады (депозиты) и другие привлеченные средства физических лиц**,2025-01-02,56645283.0,итого
     вклады (депозиты) и другие привлеченные средства физических лиц**,2025-01-03,57284902.0,итого
     вклады (депозиты) и другие привлеченные средства физических лиц**,2025-01-04,57587102.0,итого
     вклады (депозиты) и другие привлеченные средства физических лиц**,2025-01-05,59080454.0,итого
     вклады (депозиты) и другие привлеченные средства физических лиц**,2025-01-06,59066029.0,итого
     вклады (депозиты) и другие привлеченные средства физических лиц**,2025-01-07,59910120.0,итого
     вклады (депозиты) и другие привлеченные средства физических лиц**,2025-01-08,60788381.0,итого
     вклады (депозиты) и другие привлеченные средства физических лиц**,2025-01-09,60724051.0,итого
     вклады (депозиты) и другие привлеченные средства физических лиц**,2025-01-10,60948081.0,итого
     вклады (депозиты) и другие привлеченные средства физических лиц**,2025-01-11,61794413.0,итого
     вклады (депозиты) и другие привлеченные средства физических лиц**,2025-01-12,61760568.0,итого
     вклады (депозиты) и другие привлеченные средства физических лиц**,2026-01-01,65424119.0,итого
     вклады (депозиты) и другие привлеченные средства физических лиц**,2026-01-02,64365782.0,итого
     вклады (депозиты) и другие привлеченные средства физических лиц**,2026-01-03,65612454.0,итого
     вклады (депозиты) и другие привлеченные средства физических лиц**,2026-01-04,65737653.0,итого
     вклады (депозиты) и другие привлеченные средства физических лиц**,2026-01-05,66694017.0,итого
     средства на счетах эскроу,2019-01-02,2968.0,итого
     средства на счетах эскроу,2019-01-03,4777.0,итого
     средства на счетах эскроу,2019-01-04,6391.0,итого
     средства на счетах эскроу,2019-01-05,8545.0,итого
     средства на счетах эскроу,2019-01-06,10407.0,итого
     средства на счетах эскроу,2019-01-07,12965.0,итого
     средства на счетах эскроу,2019-01-08,20013.0,итого
     средства на счетах эскроу,2019-01-09,33715.0,итого
     средства на счетах эскроу,2019-01-10,52183.0,итого
     средства на счетах эскроу,2019-01-11,76045.0,итого
     средства на счетах эскроу,2019-01-12,103825.0,итого
     средства на счетах эскроу,2020-01-01,138666.0,итого
     средства на счетах эскроу,2020-01-02,165425.0,итого
     средства на счетах эскроу,2020-01-03,203105.0,итого
     средства на счетах эскроу,2020-01-04,252766.0,итого
     средства на счетах эскроу,2020-01-05,296605.0,итого
     средства на счетах эскроу,2020-01-06,333183.0,итого
     средства на счетах эскроу,2020-01-07,393292.0,итого
     средства на счетах эскроу,2020-01-08,466131.0,итого
     средства на счетах эскроу,2020-01-09,559735.0,итого
     средства на счетах эскроу,2020-01-10,679148.0,итого
     средства на счетах эскроу,2020-01-11,835883.0,итого
     средства на счетах эскроу,2020-01-12,1007449.0,итого
     средства на счетах эскроу,2021-01-01,1177298.0,итого
     средства на счетах эскроу,2021-01-02,1238618.0,итого
     средства на счетах эскроу,2021-01-03,1393331.0,итого
     средства на счетах эскроу,2021-01-04,1578841.0,итого
     средства на счетах эскроу,2021-01-05,1787315.0,итого
     средства на счетах эскроу,2021-01-06,1966900.0,итого
     средства на счетах эскроу,2021-01-07,2172185.0,итого
     средства на счетах эскроу,2021-01-08,2350802.0,итого
     средства на счетах эскроу,2021-01-09,2501529.0,итого
     средства на счетах эскроу,2021-01-10,2633006.0,итого
     средства на счетах эскроу,2021-01-11,2778536.0,итого
     средства на счетах эскроу,2021-01-12,2945739.0,итого
     средства на счетах эскроу,2022-01-01,3035702.0,итого
     средства на счетах эскроу,2022-01-02,3090054.0,итого
     средства на счетах эскроу,2022-01-03,3323283.0,итого
     средства на счетах эскроу,2022-01-04,3634248.0,итого
     средства на счетах эскроу,2022-01-05,3747331.0,итого
     средства на счетах эскроу,2022-01-06,3784549.0,итого
     средства на счетах эскроу,2022-01-07,3829708.0,итого
     средства на счетах эскроу,2022-01-08,3879105.0,итого
     средства на счетах эскроу,2022-01-09,3945520.0,итого
     средства на счетах эскроу,2022-01-10,4046364.0,итого
     средства на счетах эскроу,2022-01-11,4107007.0,итого
     средства на счетах эскроу,2022-01-12,4081586.0,итого
     средства на счетах эскроу,2023-01-01,4027555.0,итого
     средства на счетах эскроу,2023-01-02,3859834.0,итого
     средства на счетах эскроу,2023-01-03,3898511.0,итого
     средства на счетах эскроу,2023-01-04,4062693.0,итого
     средства на счетах эскроу,2023-01-05,4147469.0,итого
     средства на счетах эскроу,2023-01-06,4302561.0,итого
     средства на счетах эскроу,2023-01-07,4402792.0,итого
     средства на счетах эскроу,2023-01-08,4535969.0,итого
     средства на счетах эскроу,2023-01-09,4855424.0,итого
     средства на счетах эскроу,2023-01-10,5259003.0,итого
     средства на счетах эскроу,2023-01-11,5457691.0,итого
     средства на счетах эскроу,2023-01-12,5710368.0,итого
     средства на счетах эскроу,2024-01-01,5573221.0,итого
     средства на счетах эскроу,2024-01-02,5510733.0,итого
     средства на счетах эскроу,2024-01-03,5499479.0,итого
     средства на счетах эскроу,2024-01-04,5590978.0,итого
     средства на счетах эскроу,2024-01-05,5715041.0,итого
     средства на счетах эскроу,2024-01-06,6069542.0,итого
     средства на счетах эскроу,2024-01-07,6509747.0,итого
     средства на счетах эскроу,2024-01-08,6614256.0,итого
     средства на счетах эскроу,2024-01-09,6669799.0,итого
     средства на счетах эскроу,2024-01-10,6705410.0,итого
     средства на счетах эскроу,2024-01-11,6640705.0,итого
     средства на счетах эскроу,2024-01-12,6708878.0,итого
     средства на счетах эскроу,2025-01-01,6125878.0,итого
     средства на счетах эскроу,2025-01-02,6014456.0,итого
     средства на счетах эскроу,2025-01-03,6181291.0,итого
     средства на счетах эскроу,2025-01-04,6269490.0,итого
     средства на счетах эскроу,2025-01-05,6334003.0,итого
     средства на счетах эскроу,2025-01-06,6542494.0,итого
     средства на счетах эскроу,2025-01-07,6589189.0,итого
     средства на счетах эскроу,2025-01-08,6700998.0,итого
     средства на счетах эскроу,2025-01-09,6824398.0,итого
     средства на счетах эскроу,2025-01-10,7006520.0,итого
     средства на счетах эскроу,2025-01-11,7041495.0,итого
     средства на счетах эскроу,2025-01-12,7269560.0,итого
     средства на счетах эскроу,2026-01-01,7138569.0,итого
     средства на счетах эскроу,2026-01-02,7022311.0,итого
     средства на счетах эскроу,2026-01-03,7159416.0,итого
     средства на счетах эскроу,2026-01-04,7176989.0,итого
     средства на счетах эскроу,2026-01-05,7180778.0,итого
    вклады (депозиты) и другие привлеченные средства физических лиц (с учетом счетов эскроу),2012-01-02,11630639.0,итого
    вклады (депозиты) и другие привлеченные средства физических лиц (с учетом счетов эскроу),2012-01-03,11788790.0,итого
    вклады (депозиты) и другие привлеченные средства физических лиц (с учетом счетов эскроу),2012-01-04,11972189.0,итого
    вклады (депозиты) и другие привлеченные средства физических лиц (с учетом счетов эскроу),2012-01-05,12243507.0,итого
    вклады (депозиты) и другие привлеченные средства физических лиц (с учетом счетов эскроу),2012-01-06,12503594.0,итого
    вклады (депозиты) и другие привлеченные средства физических лиц (с учетом счетов эскроу),2012-01-07,12823669.0,итого
    вклады (депозиты) и другие привлеченные средства физических лиц (с учетом счетов эскроу),2012-01-08,12824455.0,итого
    вклады (депозиты) и другие привлеченные средства физических лиц (с учетом счетов эскроу),2012-01-09,13021350.0,итого
    вклады (депозиты) и другие привлеченные средства физических лиц (с учетом счетов эскроу),2012-01-10,13050980.0,итого
    вклады (депозиты) и другие привлеченные средства физических лиц (с учетом счетов эскроу),2012-01-11,13185718.0,итого
    вклады (депозиты) и другие привлеченные средства физических лиц (с учетом счетов эскроу),2012-01-12,13418523.0,итого
    вклады (депозиты) и другие привлеченные средства физических лиц (с учетом счетов эскроу),2013-01-01,14222552.0,итого
    вклады (депозиты) и другие привлеченные средства физических лиц (с учетом счетов эскроу),2013-01-02,14052667.0,итого
    вклады (депозиты) и другие привлеченные средства физических лиц (с учетом счетов эскроу),2013-01-03,14380797.0,итого
    вклады (депозиты) и другие привлеченные средства физических лиц (с учетом счетов эскроу),2013-01-04,14722421.0,итого
    вклады (депозиты) и другие привлеченные средства физических лиц (с учетом счетов эскроу),2013-01-05,15198555.0,итого
    вклады (депозиты) и другие привлеченные средства физических лиц (с учетом счетов эскроу),2013-01-06,15216634.0,итого
    вклады (депозиты) и другие привлеченные средства физических лиц (с учетом счетов эскроу),2013-01-07,15621319.0,итого
    вклады (депозиты) и другие привлеченные средства физических лиц (с учетом счетов эскроу),2013-01-08,15788442.0,итого
    вклады (депозиты) и другие привлеченные средства физических лиц (с учетом счетов эскроу),2013-01-09,15934552.0,итого
    вклады (депозиты) и другие привлеченные средства физических лиц (с учетом счетов эскроу),2013-01-10,15937663.0,итого
    вклады (депозиты) и другие привлеченные средства физических лиц (с учетом счетов эскроу),2013-01-11,16048404.0,итого
    вклады (депозиты) и другие привлеченные средства физических лиц (с учетом счетов эскроу),2013-01-12,16201132.0,итого
    вклады (депозиты) и другие привлеченные средства физических лиц (с учетом счетов эскроу),2014-01-01,16938354.0,итого
    вклады (депозиты) и другие привлеченные средства физических лиц (с учетом счетов эскроу),2014-01-02,16675654.0,итого
    вклады (депозиты) и другие привлеченные средства физических лиц (с учетом счетов эскроу),2014-01-03,16886666.0,итого
    вклады (депозиты) и другие привлеченные средства физических лиц (с учетом счетов эскроу),2014-01-04,16554784.0,итого
    вклады (депозиты) и другие привлеченные средства физических лиц (с учетом счетов эскроу),2014-01-05,16796092.0,итого
    вклады (депозиты) и другие привлеченные средства физических лиц (с учетом счетов эскроу),2014-01-06,16739036.0,итого
    вклады (депозиты) и другие привлеченные средства физических лиц (с учетом счетов эскроу),2014-01-07,16855060.0,итого
    вклады (депозиты) и другие привлеченные средства физических лиц (с учетом счетов эскроу),2014-01-08,17214344.0,итого
    вклады (депозиты) и другие привлеченные средства физических лиц (с учетом счетов эскроу),2014-01-09,17375047.0,итого
    вклады (депозиты) и другие привлеченные средства физических лиц (с учетом счетов эскроу),2014-01-10,17380320.0,итого
    вклады (депозиты) и другие привлеченные средства физических лиц (с учетом счетов эскроу),2014-01-11,17793787.0,итого
    вклады (депозиты) и другие привлеченные средства физических лиц (с учетом счетов эскроу),2014-01-12,18204707.0,итого
    вклады (депозиты) и другие привлеченные средства физических лиц (с учетом счетов эскроу),2015-01-01,18683074.0,итого
    вклады (депозиты) и другие привлеченные средства физических лиц (с учетом счетов эскроу),2015-01-02,19493216.0,итого
    вклады (депозиты) и другие привлеченные средства физических лиц (с учетом счетов эскроу),2015-01-03,19213732.0,итого
    вклады (депозиты) и другие привлеченные средства физических лиц (с учетом счетов эскроу),2015-01-04,19193282.0,итого
    вклады (депозиты) и другие привлеченные средства физических лиц (с учетом счетов эскроу),2015-01-05,19241448.0,итого
    вклады (депозиты) и другие привлеченные средства физических лиц (с учетом счетов эскроу),2015-01-06,19474429.0,итого
    вклады (депозиты) и другие привлеченные средства физических лиц (с учетом счетов эскроу),2015-01-07,19988422.0,итого
    вклады (депозиты) и другие привлеченные средства физических лиц (с учетом счетов эскроу),2015-01-08,20482322.0,итого
    вклады (депозиты) и другие привлеченные средства физических лиц (с учетом счетов эскроу),2015-01-09,21235463.0,итого
    вклады (депозиты) и другие привлеченные средства физических лиц (с учетом счетов эскроу),2015-01-10,21327198.0,итого
    вклады (депозиты) и другие привлеченные средства физических лиц (с учетом счетов эскроу),2015-01-11,21258326.0,итого
    вклады (депозиты) и другие привлеченные средства физических лиц (с учетом счетов эскроу),2015-01-12,21580209.0,итого
    вклады (депозиты) и другие привлеченные средства физических лиц (с учетом счетов эскроу),2016-01-01,23259465.0,итого
    вклады (депозиты) и другие привлеченные средства физических лиц (с учетом счетов эскроу),2016-01-02,22856995.0,итого
    вклады (депозиты) и другие привлеченные средства физических лиц (с учетом счетов эскроу),2016-01-03,23088017.0,итого
    вклады (депозиты) и другие привлеченные средства физических лиц (с учетом счетов эскроу),2016-01-04,22625834.0,итого
    вклады (депозиты) и другие привлеченные средства физических лиц (с учетом счетов эскроу),2016-01-05,22781438.0,итого
    вклады (депозиты) и другие привлеченные средства физических лиц (с учетом счетов эскроу),2016-01-06,23023991.0,итого
    вклады (депозиты) и другие привлеченные средства физических лиц (с учетом счетов эскроу),2016-01-07,23166831.0,итого
    вклады (депозиты) и другие привлеченные средства физических лиц (с учетом счетов эскроу),2016-01-08,23565037.0,итого
    вклады (депозиты) и другие привлеченные средства физических лиц (с учетом счетов эскроу),2016-01-09,23410337.0,итого
    вклады (депозиты) и другие привлеченные средства физических лиц (с учетом счетов эскроу),2016-01-10,23407949.0,итого
    вклады (депозиты) и другие привлеченные средства физических лиц (с учетом счетов эскроу),2016-01-11,23489152.0,итого
    вклады (депозиты) и другие привлеченные средства физических лиц (с учетом счетов эскроу),2016-01-12,23777797.0,итого
    вклады (депозиты) и другие привлеченные средства физических лиц (с учетом счетов эскроу),2017-01-01,24303424.0,итого
    вклады (депозиты) и другие привлеченные средства физических лиц (с учетом счетов эскроу),2017-01-02,24117513.0,итого
    вклады (депозиты) и другие привлеченные средства физических лиц (с учетом счетов эскроу),2017-01-03,24143650.0,итого
    вклады (депозиты) и другие привлеченные средства физических лиц (с учетом счетов эскроу),2017-01-04,24031711.0,итого
    вклады (депозиты) и другие привлеченные средства физических лиц (с учетом счетов эскроу),2017-01-05,24377834.0,итого
    вклады (депозиты) и другие привлеченные средства физических лиц (с учетом счетов эскроу),2017-01-06,24376854.0,итого
    вклады (депозиты) и другие привлеченные средства физических лиц (с учетом счетов эскроу),2017-01-07,24988232.0,итого
    вклады (депозиты) и другие привлеченные средства физических лиц (с учетом счетов эскроу),2017-01-08,24957801.0,итого
    вклады (депозиты) и другие привлеченные средства физических лиц (с учетом счетов эскроу),2017-01-09,24895438.0,итого
    вклады (депозиты) и другие привлеченные средства физических лиц (с учетом счетов эскроу),2017-01-10,24865879.0,итого
    вклады (депозиты) и другие привлеченные средства физических лиц (с учетом счетов эскроу),2017-01-11,24862336.0,итого
    вклады (депозиты) и другие привлеченные средства физических лиц (с учетом счетов эскроу),2017-01-12,25092603.0,итого
    вклады (депозиты) и другие привлеченные средства физических лиц (с учетом счетов эскроу),2018-01-01,26092571.0,итого
    вклады (депозиты) и другие привлеченные средства физических лиц (с учетом счетов эскроу),2018-01-02,25571184.0,итого
    вклады (депозиты) и другие привлеченные средства физических лиц (с учетом счетов эскроу),2018-01-03,25865111.0,итого
    вклады (депозиты) и другие привлеченные средства физических лиц (с учетом счетов эскроу),2018-01-04,26158280.0,итого
    вклады (депозиты) и другие привлеченные средства физических лиц (с учетом счетов эскроу),2018-01-05,26854592.0,итого
    вклады (депозиты) и другие привлеченные средства физических лиц (с учетом счетов эскроу),2018-01-06,26810683.0,итого
    вклады (депозиты) и другие привлеченные средства физических лиц (с учетом счетов эскроу),2018-01-07,27036526.0,итого
    вклады (депозиты) и другие привлеченные средства физических лиц (с учетом счетов эскроу),2018-01-08,27168503.0,итого
    вклады (депозиты) и другие привлеченные средства физических лиц (с учетом счетов эскроу),2018-01-09,27480310.0,итого
    вклады (депозиты) и другие привлеченные средства физических лиц (с учетом счетов эскроу),2018-01-10,27038490.0,итого
    вклады (депозиты) и другие привлеченные средства физических лиц (с учетом счетов эскроу),2018-01-11,27170385.0,итого
    вклады (депозиты) и другие привлеченные средства физических лиц (с учетом счетов эскроу),2018-01-12,27266290.0,итого
    вклады (депозиты) и другие привлеченные средства физических лиц (с учетом счетов эскроу),2019-01-01,28577803.0,итого
    вклады (депозиты) и другие привлеченные средства физических лиц (с учетом счетов эскроу),2019-01-02,27857981.0,итого
    вклады (депозиты) и другие привлеченные средства физических лиц (с учетом счетов эскроу),2019-01-03,28266326.0,итого
    вклады (депозиты) и другие привлеченные средства физических лиц (с учетом счетов эскроу),2019-01-04,28332563.0,итого
    вклады (депозиты) и другие привлеченные средства физических лиц (с учетом счетов эскроу),2019-01-05,28919460.0,итого
    вклады (депозиты) и другие привлеченные средства физических лиц (с учетом счетов эскроу),2019-01-06,28912713.0,итого
    вклады (депозиты) и другие привлеченные средства физических лиц (с учетом счетов эскроу),2019-01-07,29096317.0,итого
    вклады (депозиты) и другие привлеченные средства физических лиц (с учетом счетов эскроу),2019-01-08,29170180.0,итого
    вклады (депозиты) и другие привлеченные средства физических лиц (с учетом счетов эскроу),2019-01-09,29590627.0,итого
    вклады (депозиты) и другие привлеченные средства физических лиц (с учетом счетов эскроу),2019-01-10,29473838.0,итого
    вклады (депозиты) и другие привлеченные средства физических лиц (с учетом счетов эскроу),2019-01-11,29501602.0,итого
    вклады (депозиты) и другие привлеченные средства физических лиц (с учетом счетов эскроу),2019-01-12,29713019.0,итого
    вклады (депозиты) и другие привлеченные средства физических лиц (с учетом счетов эскроу),2020-01-01,30668600.0,итого
    вклады (депозиты) и другие привлеченные средства физических лиц (с учетом счетов эскроу),2020-01-02,30303979.0,итого
    вклады (депозиты) и другие привлеченные средства физических лиц (с учетом счетов эскроу),2020-01-03,30828458.0,итого
    вклады (депозиты) и другие привлеченные средства физических лиц (с учетом счетов эскроу),2020-01-04,31633181.0,итого
    вклады (депозиты) и другие привлеченные средства физических лиц (с учетом счетов эскроу),2020-01-05,31645018.0,итого
    вклады (депозиты) и другие привлеченные средства физических лиц (с учетом счетов эскроу),2020-01-06,31349783.0,итого
    вклады (депозиты) и другие привлеченные средства физических лиц (с учетом счетов эскроу),2020-01-07,31868512.0,итого
    вклады (депозиты) и другие привлеченные средства физических лиц (с учетом счетов эскроу),2020-01-08,32313708.0,итого
    вклады (депозиты) и другие привлеченные средства физических лиц (с учетом счетов эскроу),2020-01-09,32437120.0,итого
    вклады (депозиты) и другие привлеченные средства физических лиц (с учетом счетов эскроу),2020-01-10,32945387.0,итого
    вклады (депозиты) и другие привлеченные средства физических лиц (с учетом счетов эскроу),2020-01-11,32801437.0,итого
    вклады (депозиты) и другие привлеченные средства физических лиц (с учетом счетов эскроу),2020-01-12,32700069.0,итого
    вклады (депозиты) и другие привлеченные средства физических лиц (с учетом счетов эскроу),2021-01-01,34246178.0,итого
    вклады (депозиты) и другие привлеченные средства физических лиц (с учетом счетов эскроу),2021-01-02,33650969.0,итого
    вклады (депозиты) и другие привлеченные средства физических лиц (с учетом счетов эскроу),2021-01-03,33672873.0,итого
    вклады (депозиты) и другие привлеченные средства физических лиц (с учетом счетов эскроу),2021-01-04,33947890.0,итого
    вклады (депозиты) и другие привлеченные средства физических лиц (с учетом счетов эскроу),2021-01-05,34968447.0,итого
    вклады (депозиты) и другие привлеченные средства физических лиц (с учетом счетов эскроу),2021-01-06,34590517.0,итого
    вклады (депозиты) и другие привлеченные средства физических лиц (с учетом счетов эскроу),2021-01-07,34780420.0,итого
    вклады (депозиты) и другие привлеченные средства физических лиц (с учетом счетов эскроу),2021-01-08,35186508.0,итого
    вклады (депозиты) и другие привлеченные средства физических лиц (с учетом счетов эскроу),2021-01-09,35416018.0,итого
    вклады (депозиты) и другие привлеченные средства физических лиц (с учетом счетов эскроу),2021-01-10,35729426.0,итого
    вклады (депозиты) и другие привлеченные средства физических лиц (с учетом счетов эскроу),2021-01-11,35850572.0,итого
    вклады (депозиты) и другие привлеченные средства физических лиц (с учетом счетов эскроу),2021-01-12,36397811.0,итого
    вклады (депозиты) и другие привлеченные средства физических лиц (с учетом счетов эскроу),2022-01-01,37963657.0,итого
    вклады (депозиты) и другие привлеченные средства физических лиц (с учетом счетов эскроу),2022-01-02,37542467.0,итого
    вклады (депозиты) и другие привлеченные средства физических лиц (с учетом счетов эскроу),2022-01-03,37072491.0,итого
    вклады (депозиты) и другие привлеченные средства физических лиц (с учетом счетов эскроу),2022-01-04,37183400.0,итого
    вклады (депозиты) и другие привлеченные средства физических лиц (с учетом счетов эскроу),2022-01-05,37564646.0,итого
    вклады (депозиты) и другие привлеченные средства физических лиц (с учетом счетов эскроу),2022-01-06,37227721.0,итого
    вклады (депозиты) и другие привлеченные средства физических лиц (с учетом счетов эскроу),2022-01-07,36910552.0,итого
    вклады (депозиты) и другие привлеченные средства физических лиц (с учетом счетов эскроу),2022-01-08,37861784.0,итого
    вклады (депозиты) и другие привлеченные средства физических лиц (с учетом счетов эскроу),2022-01-09,37892472.0,итого
    вклады (депозиты) и другие привлеченные средства физических лиц (с учетом счетов эскроу),2022-01-10,37330687.0,итого
    вклады (депозиты) и другие привлеченные средства физических лиц (с учетом счетов эскроу),2022-01-11,37547466.0,итого
    вклады (депозиты) и другие привлеченные средства физических лиц (с учетом счетов эскроу),2022-01-12,37814016.0,итого
    вклады (депозиты) и другие привлеченные средства физических лиц (с учетом счетов эскроу),2023-01-01,40848675.0,итого
    вклады (депозиты) и другие привлеченные средства физических лиц (с учетом счетов эскроу),2023-01-02,39655071.0,итого
    вклады (депозиты) и другие привлеченные средства физических лиц (с учетом счетов эскроу),2023-01-03,40708319.0,итого
    вклады (депозиты) и другие привлеченные средства физических лиц (с учетом счетов эскроу),2023-01-04,41245993.0,итого
    вклады (депозиты) и другие привлеченные средства физических лиц (с учетом счетов эскроу),2023-01-05,42102458.0,итого
    вклады (депозиты) и другие привлеченные средства физических лиц (с учетом счетов эскроу),2023-01-06,42702405.0,итого
    вклады (депозиты) и другие привлеченные средства физических лиц (с учетом счетов эскроу),2023-01-07,43917623.0,итого
    вклады (депозиты) и другие привлеченные средства физических лиц (с учетом счетов эскроу),2023-01-08,44653680.0,итого
    вклады (депозиты) и другие привлеченные средства физических лиц (с учетом счетов эскроу),2023-01-09,45510178.0,итого
    вклады (депозиты) и другие привлеченные средства физических лиц (с учетом счетов эскроу),2023-01-10,46363616.0,итого
    вклады (депозиты) и другие привлеченные средства физических лиц (с учетом счетов эскроу),2023-01-11,46975000.0,итого
    вклады (депозиты) и другие привлеченные средства физических лиц (с учетом счетов эскроу),2023-01-12,47888557.0,итого
    вклады (депозиты) и другие привлеченные средства физических лиц (с учетом счетов эскроу),2024-01-01,50677738.0,итого
    вклады (депозиты) и другие привлеченные средства физических лиц (с учетом счетов эскроу),2024-01-02,50262628.0,итого
    вклады (депозиты) и другие привлеченные средства физических лиц (с учетом счетов эскроу),2024-01-03,51485256.0,итого
    вклады (депозиты) и другие привлеченные средства физических лиц (с учетом счетов эскроу),2024-01-04,52483849.0,итого
    вклады (депозиты) и другие привлеченные средства физических лиц (с учетом счетов эскроу),2024-01-05,53566719.0,итого
    вклады (депозиты) и другие привлеченные средства физических лиц (с учетом счетов эскроу),2024-01-06,55086399.0,итого
    вклады (депозиты) и другие привлеченные средства физических лиц (с учетом счетов эскроу),2024-01-07,56144123.0,итого
    вклады (депозиты) и другие привлеченные средства физических лиц (с учетом счетов эскроу),2024-01-08,56817274.0,итого
    вклады (депозиты) и другие привлеченные средства физических лиц (с учетом счетов эскроу),2024-01-09,57731546.0,итого
    вклады (депозиты) и другие привлеченные средства физических лиц (с учетом счетов эскроу),2024-01-10,58501552.0,итого
    вклады (депозиты) и другие привлеченные средства физических лиц (с учетом счетов эскроу),2024-01-11,59269291.0,итого
    вклады (депозиты) и другие привлеченные средства физических лиц (с учетом счетов эскроу),2024-01-12,60354281.0,итого
    вклады (депозиты) и другие привлеченные средства физических лиц (с учетом счетов эскроу),2025-01-01,63372598.0,итого
    вклады (депозиты) и другие привлеченные средства физических лиц (с учетом счетов эскроу),2025-01-02,62659796.0,итого
    вклады (депозиты) и другие привлеченные средства физических лиц (с учетом счетов эскроу),2025-01-03,63466247.0,итого
    вклады (депозиты) и другие привлеченные средства физических лиц (с учетом счетов эскроу),2025-01-04,63856644.0,итого
    вклады (депозиты) и другие привлеченные средства физических лиц (с учетом счетов эскроу),2025-01-05,65414508.0,итого
    вклады (депозиты) и другие привлеченные средства физических лиц (с учетом счетов эскроу),2025-01-06,65608573.0,итого
    вклады (депозиты) и другие привлеченные средства физических лиц (с учетом счетов эскроу),2025-01-07,66499360.0,итого
    вклады (депозиты) и другие привлеченные средства физических лиц (с учетом счетов эскроу),2025-01-08,67489430.0,итого
    вклады (депозиты) и другие привлеченные средства физических лиц (с учетом счетов эскроу),2025-01-09,67548499.0,итого
    вклады (депозиты) и другие привлеченные средства физических лиц (с учетом счетов эскроу),2025-01-10,67954652.0,итого
    вклады (депозиты) и другие привлеченные средства физических лиц (с учетом счетов эскроу),2025-01-11,68835959.0,итого
    вклады (депозиты) и другие привлеченные средства физических лиц (с учетом счетов эскроу),2025-01-12,69030177.0,итого
    вклады (депозиты) и другие привлеченные средства физических лиц (с учетом счетов эскроу),2026-01-01,72562738.0,итого
    вклады (депозиты) и другие привлеченные средства физических лиц (с учетом счетов эскроу),2026-01-02,71388144.0,итого
    вклады (депозиты) и другие привлеченные средства физических лиц (с учетом счетов эскроу),2026-01-03,72771922.0,итого
    вклады (депозиты) и другие привлеченные средства физических лиц (с учетом счетов эскроу),2026-01-04,72914694.0,итого
    вклады (депозиты) и другие привлеченные средства физических лиц (с учетом счетов эскроу),2026-01-05,73874848.0,итого
    депозиты юридических лиц*,2012-01-02,6318938.0,итого
    депозиты юридических лиц*,2012-01-03,6120541.0,итого
    депозиты юридических лиц*,2012-01-04,6226332.0,итого
    депозиты юридических лиц*,2012-01-05,6464069.0,итого
    депозиты юридических лиц*,2012-01-06,6688107.0,итого
    депозиты юридических лиц*,2012-01-07,6569217.0,итого
    депозиты юридических лиц*,2012-01-08,6679657.0,итого
    депозиты юридических лиц*,2012-01-09,7074775.0,итого
    депозиты юридических лиц*,2012-01-10,7024071.0,итого
    депозиты юридических лиц*,2012-01-11,7269176.0,итого
    депозиты юридических лиц*,2012-01-12,7107089.0,итого
    депозиты юридических лиц*,2013-01-01,7493106.0,итого
    депозиты юридических лиц*,2013-01-02,6767427.0,итого
    депозиты юридических лиц*,2013-01-03,6684451.0,итого
    депозиты юридических лиц*,2013-01-04,6968742.0,итого
    депозиты юридических лиц*,2013-01-05,7558334.0,итого
    депозиты юридических лиц*,2013-01-06,7680257.0,итого
    депозиты юридических лиц*,2013-01-07,7874769.0,итого
    депозиты юридических лиц*,2013-01-08,8070450.0,итого
    депозиты юридических лиц*,2013-01-09,8331703.0,итого
    депозиты юридических лиц*,2013-01-10,8268810.0,итого
    депозиты юридических лиц*,2013-01-11,8402362.0,итого
    депозиты юридических лиц*,2013-01-12,8220256.0,итого
    депозиты юридических лиц*,2014-01-01,7897710.0,итого
    депозиты юридических лиц*,2014-01-02,8018451.0,итого
    депозиты юридических лиц*,2014-01-03,8595640.0,итого
    депозиты юридических лиц*,2014-01-04,8567717.0,итого
    депозиты юридических лиц*,2014-01-05,9095786.0,итого
    депозиты юридических лиц*,2014-01-06,9390939.0,итого
    депозиты юридических лиц*,2014-01-07,8991979.0,итого
    депозиты юридических лиц*,2014-01-08,9046168.0,итого
    депозиты юридических лиц*,2014-01-09,9267796.0,итого
    депозиты юридических лиц*,2014-01-10,9514993.0,итого
    депозиты юридических лиц*,2014-01-11,10449997.0,итого
    депозиты юридических лиц*,2014-01-12,10842188.0,итого
    депозиты юридических лиц*,2015-01-01,11152892.0,итого
    депозиты юридических лиц*,2015-01-02,12193268.0,итого
    депозиты юридических лиц*,2015-01-03,11374498.0,итого
    депозиты юридических лиц*,2015-01-04,11047703.0,итого
    депозиты юридических лиц*,2015-01-05,10839543.0,итого
    депозиты юридических лиц*,2015-01-06,10651749.0,итого
    депозиты юридических лиц*,2015-01-07,10855101.0,итого
    депозиты юридических лиц*,2015-01-08,11533567.0,итого
    депозиты юридических лиц*,2015-01-09,12226822.0,итого
    депозиты юридических лиц*,2015-01-10,12528024.0,итого
    депозиты юридических лиц*,2015-01-11,12873983.0,итого
    депозиты юридических лиц*,2015-01-12,13014929.0,итого
    депозиты юридических лиц*,2016-01-01,13151354.0,итого
    депозиты юридических лиц*,2016-01-02,12824206.0,итого
    депозиты юридических лиц*,2016-01-03,12487166.0,итого
    депозиты юридических лиц*,2016-01-04,11640351.0,итого
    депозиты юридических лиц*,2016-01-05,12227244.0,итого
    депозиты юридических лиц*,2016-01-06,12331594.0,итого
    депозиты юридических лиц*,2016-01-07,12061257.0,итого
    депозиты юридических лиц*,2016-01-08,12334814.0,итого
    депозиты юридических лиц*,2016-01-09,12357352.0,итого
    депозиты юридических лиц*,2016-01-10,12585601.0,итого
    депозиты юридических лиц*,2016-01-11,12513085.0,итого
    депозиты юридических лиц*,2016-01-12,12160976.0,итого
    депозиты юридических лиц*,2017-01-01,11563961.0,итого
    депозиты юридических лиц*,2017-01-02,11624267.0,итого
    депозиты юридических лиц*,2017-01-03,12118425.0,итого
    депозиты юридических лиц*,2017-01-04,12544850.0,итого
    депозиты юридических лиц*,2017-01-05,12806428.0,итого
    депозиты юридических лиц*,2017-01-06,12829530.0,итого
    депозиты юридических лиц*,2017-01-07,13000350.0,итого
    депозиты юридических лиц*,2017-01-08,12930943.0,итого
    депозиты юридических лиц*,2017-01-09,13036968.0,итого
    депозиты юридических лиц*,2017-01-10,13252595.0,итого
    депозиты юридических лиц*,2017-01-11,13211101.0,итого
    депозиты юридических лиц*,2017-01-12,13302231.0,итого
    депозиты юридических лиц*,2018-01-01,13664978.0,итого
    депозиты юридических лиц*,2018-01-02,13472413.0,итого
    депозиты юридических лиц*,2018-01-03,13777523.0,итого
    депозиты юридических лиц*,2018-01-04,14389760.0,итого
    депозиты юридических лиц*,2018-01-05,14949055.0,итого
    депозиты юридических лиц*,2018-01-06,15100914.0,итого
    депозиты юридических лиц*,2018-01-07,15263276.0,итого
    депозиты юридических лиц*,2018-01-08,15105079.0,итого
    депозиты юридических лиц*,2018-01-09,16007145.0,итого
    депозиты юридических лиц*,2018-01-10,15945459.0,итого
    депозиты юридических лиц*,2018-01-11,16785495.0,итого
    депозиты юридических лиц*,2018-01-12,17171119.0,итого
    депозиты юридических лиц*,2019-01-01,17672719.0,итого
    депозиты юридических лиц*,2019-01-02,17082924.0,итого
    депозиты юридических лиц*,2019-01-03,16921001.0,итого
    депозиты юридических лиц*,2019-01-04,16995852.0,итого
    депозиты юридических лиц*,2019-01-05,17185798.0,итого
    депозиты юридических лиц*,2019-01-06,17906285.0,итого
    депозиты юридических лиц*,2019-01-07,17473954.0,итого
    депозиты юридических лиц*,2019-01-08,18451988.0,итого
    депозиты юридических лиц*,2019-01-09,18951554.0,итого
    депозиты юридических лиц*,2019-01-10,18923486.0,итого
    депозиты юридических лиц*,2019-01-11,19006336.0,итого
    депозиты юридических лиц*,2019-01-12,19296755.0,итого
    депозиты юридических лиц*,2020-01-01,18485135.0,итого
    депозиты юридических лиц*,2020-01-02,18153437.0,итого
    депозиты юридических лиц*,2020-01-03,18114200.0,итого
    депозиты юридических лиц*,2020-01-04,19277840.0,итого
    депозиты юридических лиц*,2020-01-05,18815751.0,итого
    депозиты юридических лиц*,2020-01-06,18538452.0,итого
    депозиты юридических лиц*,2020-01-07,17893150.0,итого
    депозиты юридических лиц*,2020-01-08,18428226.0,итого
    депозиты юридических лиц*,2020-01-09,18784352.0,итого
    депозиты юридических лиц*,2020-01-10,19341013.0,итого
    депозиты юридических лиц*,2020-01-11,20665647.0,итого
    депозиты юридических лиц*,2020-01-12,20581370.0,итого
    депозиты юридических лиц*,2021-01-01,20067134.0,итого
    депозиты юридических лиц*,2021-01-02,18886957.0,итого
    депозиты юридических лиц*,2021-01-03,19597115.0,итого
    депозиты юридических лиц*,2021-01-04,20225368.0,итого
    депозиты юридических лиц*,2021-01-05,21833245.0,итого
    депозиты юридических лиц*,2021-01-06,22344176.0,итого
    депозиты юридических лиц*,2021-01-07,21194591.0,итого
    депозиты юридических лиц*,2021-01-08,22630127.0,итого
    депозиты юридических лиц*,2021-01-09,22777986.0,итого
    депозиты юридических лиц*,2021-01-10,23383736.0,итого
    депозиты юридических лиц*,2021-01-11,23351373.0,итого
    депозиты юридических лиц*,2021-01-12,24840262.0,итого
    депозиты юридических лиц*,2022-01-01,24262772.0,итого
    депозиты юридических лиц*,2022-01-02,23817767.0,итого
    депозиты юридических лиц*,2022-01-03,23333993.0,итого
    депозиты юридических лиц*,2022-01-04,27824529.0,итого
    депозиты юридических лиц*,2022-01-05,26175747.0,итого
    депозиты юридических лиц*,2022-01-06,24712869.0,итого
    депозиты юридических лиц*,2022-01-07,22209294.0,итого
    депозиты юридических лиц*,2022-01-08,22791740.0,итого
    депозиты юридических лиц*,2022-01-09,23014453.0,итого
    депозиты юридических лиц*,2022-01-10,23529692.0,итого
    депозиты юридических лиц*,2022-01-11,24478878.0,итого
    депозиты юридических лиц*,2022-01-12,26484930.0,итого
    депозиты юридических лиц*,2023-01-01,29324326.0,итого
    депозиты юридических лиц*,2023-01-02,27184557.0,итого
    депозиты юридических лиц*,2023-01-03,27944550.0,итого
    депозиты юридических лиц*,2023-01-04,29121202.0,итого
    депозиты юридических лиц*,2023-01-05,29342552.0,итого
    депозиты юридических лиц*,2023-01-06,29649261.0,итого
    депозиты юридических лиц*,2023-01-07,30323279.0,итого
    депозиты юридических лиц*,2023-01-08,31458819.0,итого
    депозиты юридических лиц*,2023-01-09,33634058.0,итого
    депозиты юридических лиц*,2023-01-10,33296882.0,итого
    депозиты юридических лиц*,2023-01-11,33790514.0,итого
    депозиты юридических лиц*,2023-01-12,34589655.0,итого
    депозиты юридических лиц*,2024-01-01,34973943.0,итого
    депозиты юридических лиц*,2024-01-02,36765654.0,итого
    депозиты юридических лиц*,2024-01-03,36309237.0,итого
    депозиты юридических лиц*,2024-01-04,38158465.0,итого
    депозиты юридических лиц*,2024-01-05,38565939.0,итого
    депозиты юридических лиц*,2024-01-06,39275659.0,итого
    депозиты юридических лиц*,2024-01-07,38992331.0,итого
    депозиты юридических лиц*,2024-01-08,39374507.0,итого
    депозиты юридических лиц*,2024-01-09,40720283.0,итого
    депозиты юридических лиц*,2024-01-10,41035745.0,итого
    депозиты юридических лиц*,2024-01-11,42837707.0,итого
    депозиты юридических лиц*,2024-01-12,45008592.0,итого
    депозиты юридических лиц*,2025-01-01,44292106.0,итого
    депозиты юридических лиц*,2025-01-02,42821186.0,итого
    депозиты юридических лиц*,2025-01-03,41824500.0,итого
    депозиты юридических лиц*,2025-01-04,41430151.0,итого
    депозиты юридических лиц*,2025-01-05,41481905.0,итого
    депозиты юридических лиц*,2025-01-06,41061226.0,итого
    депозиты юридических лиц*,2025-01-07,40307955.0,итого
    депозиты юридических лиц*,2025-01-08,40721547.0,итого
    депозиты юридических лиц*,2025-01-09,42474476.0,итого
    депозиты юридических лиц*,2025-01-10,42727284.0,итого
    депозиты юридических лиц*,2025-01-11,43763092.0,итого
    депозиты юридических лиц*,2025-01-12,45217794.0,итого
    депозиты юридических лиц*,2026-01-01,43759264.0,итого
    депозиты юридических лиц*,2026-01-02,42850291.0,итого
    депозиты юридических лиц*,2026-01-03,42672851.0,итого
    депозиты юридических лиц*,2026-01-04,42662057.0,итого
    депозиты юридических лиц*,2026-01-05,42337258.0,итого
    средства индивидуальных предпринимателей,2013-01-02,165161.0,итого
    средства индивидуальных предпринимателей,2013-01-03,159671.0,итого
    средства индивидуальных предпринимателей,2013-01-04,158706.0,итого
    средства индивидуальных предпринимателей,2013-01-05,150195.0,итого
    средства индивидуальных предпринимателей,2013-01-06,160028.0,итого
    средства индивидуальных предпринимателей,2013-01-07,169047.0,итого
    средства индивидуальных предпринимателей,2013-01-08,168356.0,итого
    средства индивидуальных предпринимателей,2013-01-09,173506.0,итого
    средства индивидуальных предпринимателей,2013-01-10,185060.0,итого
    средства индивидуальных предпринимателей,2013-01-11,176021.0,итого
    средства индивидуальных предпринимателей,2013-01-12,177592.0,итого
    средства индивидуальных предпринимателей,2014-01-01,192612.0,итого
    средства индивидуальных предпринимателей,2014-01-02,176850.0,итого
    средства индивидуальных предпринимателей,2014-01-03,170179.0,итого
    средства индивидуальных предпринимателей,2014-01-04,177919.0,итого
    средства индивидуальных предпринимателей,2014-01-05,161195.0,итого
    средства индивидуальных предпринимателей,2014-01-06,167410.0,итого
    средства индивидуальных предпринимателей,2014-01-07,182027.0,итого
    средства индивидуальных предпринимателей,2014-01-08,206306.0,итого
    средства индивидуальных предпринимателей,2014-01-09,211197.0,итого
    средства индивидуальных предпринимателей,2014-01-10,219562.0,итого
    средства индивидуальных предпринимателей,2014-01-11,203255.0,итого
    средства индивидуальных предпринимателей,2014-01-12,208385.0,итого
    средства индивидуальных предпринимателей,2015-01-01,237803.0,итого
    средства индивидуальных предпринимателей,2015-01-02,230697.0,итого
    средства индивидуальных предпринимателей,2015-01-03,216794.0,итого
    средства индивидуальных предпринимателей,2015-01-04,217192.0,итого
    средства индивидуальных предпринимателей,2015-01-05,200733.0,итого
    средства индивидуальных предпринимателей,2015-01-06,212593.0,итого
    средства индивидуальных предпринимателей,2015-01-07,229043.0,итого
    средства индивидуальных предпринимателей,2015-01-08,226848.0,итого
    средства индивидуальных предпринимателей,2015-01-09,243296.0,итого
    средства индивидуальных предпринимателей,2015-01-10,247236.0,итого
    средства индивидуальных предпринимателей,2015-01-11,240152.0,итого
    средства индивидуальных предпринимателей,2015-01-12,255515.0,итого
    средства индивидуальных предпринимателей,2016-01-01,268116.0,итого
    средства индивидуальных предпринимателей,2016-01-02,258561.0,итого
    средства индивидуальных предпринимателей,2016-01-03,273223.0,итого
    средства индивидуальных предпринимателей,2016-01-04,270428.0,итого
    средства индивидуальных предпринимателей,2016-01-05,258084.0,итого
    средства индивидуальных предпринимателей,2016-01-06,283805.0,итого
    средства индивидуальных предпринимателей,2016-01-07,296314.0,итого
    средства индивидуальных предпринимателей,2016-01-08,290529.0,итого
    средства индивидуальных предпринимателей,2016-01-09,314527.0,итого
    средства индивидуальных предпринимателей,2016-01-10,319189.0,итого
    средства индивидуальных предпринимателей,2016-01-11,316892.0,итого
    средства индивидуальных предпринимателей,2016-01-12,325223.0,итого
    средства индивидуальных предпринимателей,2017-01-01,331419.0,итого
    средства индивидуальных предпринимателей,2017-01-02,333644.0,итого
    средства индивидуальных предпринимателей,2017-01-03,330699.0,итого
    средства индивидуальных предпринимателей,2017-01-04,330660.0,итого
    средства индивидуальных предпринимателей,2017-01-05,322703.0,итого
    средства индивидуальных предпринимателей,2017-01-06,349124.0,итого
    средства индивидуальных предпринимателей,2017-01-07,369765.0,итого
    средства индивидуальных предпринимателей,2017-01-08,385766.0,итого
    средства индивидуальных предпринимателей,2017-01-09,409218.0,итого
    средства индивидуальных предпринимателей,2017-01-10,423766.0,итого
    средства индивидуальных предпринимателей,2017-01-11,426745.0,итого
    средства индивидуальных предпринимателей,2017-01-12,439354.0,итого
    средства индивидуальных предпринимателей,2018-01-01,460337.0,итого
    средства индивидуальных предпринимателей,2018-01-02,460465.0,итого
    средства индивидуальных предпринимателей,2018-01-03,455927.0,итого
    средства индивидуальных предпринимателей,2018-01-04,457293.0,итого
    средства индивидуальных предпринимателей,2018-01-05,438060.0,итого
    средства индивидуальных предпринимателей,2018-01-06,466838.0,итого
    средства индивидуальных предпринимателей,2018-01-07,483237.0,итого
    средства индивидуальных предпринимателей,2018-01-08,495783.0,итого
    средства индивидуальных предпринимателей,2018-01-09,520429.0,итого
    средства индивидуальных предпринимателей,2018-01-10,533833.0,итого
    средства индивидуальных предпринимателей,2018-01-11,538780.0,итого
    средства индивидуальных предпринимателей,2018-01-12,554315.0,итого
    средства индивидуальных предпринимателей,2019-01-01,598595.0,итого
    средства индивидуальных предпринимателей,2019-01-02,593630.0,итого
    средства индивидуальных предпринимателей,2019-01-03,584416.0,итого
    средства индивидуальных предпринимателей,2019-01-04,583494.0,итого
    средства индивидуальных предпринимателей,2019-01-05,559483.0,итого
    средства индивидуальных предпринимателей,2019-01-06,588466.0,итого
    средства индивидуальных предпринимателей,2019-01-07,615653.0,итого
    средства индивидуальных предпринимателей,2019-01-08,624600.0,итого
    средства индивидуальных предпринимателей,2019-01-09,664455.0,итого
    средства индивидуальных предпринимателей,2019-01-10,692583.0,итого
    средства индивидуальных предпринимателей,2019-01-11,691584.0,итого
    средства индивидуальных предпринимателей,2019-01-12,714706.0,итого
    средства индивидуальных предпринимателей,2020-01-01,783504.0,итого
    средства индивидуальных предпринимателей,2020-01-02,743074.0,итого
    средства индивидуальных предпринимателей,2020-01-03,744267.0,итого
    средства индивидуальных предпринимателей,2020-01-04,734067.0,итого
    средства индивидуальных предпринимателей,2020-01-05,711675.0,итого
    средства индивидуальных предпринимателей,2020-01-06,762301.0,итого
    средства индивидуальных предпринимателей,2020-01-07,818668.0,итого
    средства индивидуальных предпринимателей,2020-01-08,860801.0,итого
    средства индивидуальных предпринимателей,2020-01-09,924978.0,итого
    средства индивидуальных предпринимателей,2020-01-10,956943.0,итого
    средства индивидуальных предпринимателей,2020-01-11,947128.0,итого
    средства индивидуальных предпринимателей,2020-01-12,969643.0,итого
    средства индивидуальных предпринимателей,2021-01-01,1060771.0,итого
    средства индивидуальных предпринимателей,2021-01-02,1034058.0,итого
    средства индивидуальных предпринимателей,2021-01-03,1029547.0,итого
    средства индивидуальных предпринимателей,2021-01-04,1024900.0,итого
    средства индивидуальных предпринимателей,2021-01-05,971422.0,итого
    средства индивидуальных предпринимателей,2021-01-06,1028035.0,итого
    средства индивидуальных предпринимателей,2021-01-07,1048894.0,итого
    средства индивидуальных предпринимателей,2021-01-08,1055148.0,итого
    средства индивидуальных предпринимателей,2021-01-09,1139486.0,итого
    средства индивидуальных предпринимателей,2021-01-10,1172698.0,итого
    средства индивидуальных предпринимателей,2021-01-11,1163776.0,итого
    средства индивидуальных предпринимателей,2021-01-12,1205482.0,итого
    средства индивидуальных предпринимателей,2022-01-01,1326563.0,итого
    средства индивидуальных предпринимателей,2022-01-02,1280442.0,итого
    средства индивидуальных предпринимателей,2022-01-03,1192970.0,итого
    средства индивидуальных предпринимателей,2022-01-04,1135821.0,итого
    средства индивидуальных предпринимателей,2022-01-05,1114971.0,итого
    средства индивидуальных предпринимателей,2022-01-06,1175519.0,итого
    средства индивидуальных предпринимателей,2022-01-07,1214885.0,итого
    средства индивидуальных предпринимателей,2022-01-08,1249268.0,итого
    средства индивидуальных предпринимателей,2022-01-09,1344374.0,итого
    средства индивидуальных предпринимателей,2022-01-10,1355784.0,итого
    средства индивидуальных предпринимателей,2022-01-11,1362354.0,итого
    средства индивидуальных предпринимателей,2022-01-12,1428065.0,итого
    средства индивидуальных предпринимателей,2023-01-01,1572616.0,итого
    средства индивидуальных предпринимателей,2023-01-02,1566243.0,итого
    средства индивидуальных предпринимателей,2023-01-03,1564338.0,итого
    средства индивидуальных предпринимателей,2023-01-04,1590144.0,итого
    средства индивидуальных предпринимателей,2023-01-05,1560818.0,итого
    средства индивидуальных предпринимателей,2023-01-06,1656604.0,итого
    средства индивидуальных предпринимателей,2023-01-07,1713550.0,итого
    средства индивидуальных предпринимателей,2023-01-08,1746692.0,итого
    средства индивидуальных предпринимателей,2023-01-09,1867822.0,итого
    средства индивидуальных предпринимателей,2023-01-10,1931908.0,итого
    средства индивидуальных предпринимателей,2023-01-11,1931780.0,итого
    средства индивидуальных предпринимателей,2023-01-12,1974237.0,итого
    средства индивидуальных предпринимателей,2024-01-01,2154499.0,итого
    средства индивидуальных предпринимателей,2024-01-02,2083951.0,итого
    средства индивидуальных предпринимателей,2024-01-03,2066850.0,итого
    средства индивидуальных предпринимателей,2024-01-04,2106688.0,итого
    средства индивидуальных предпринимателей,2024-01-05,2091976.0,итого
    средства индивидуальных предпринимателей,2024-01-06,2161043.0,итого
    средства индивидуальных предпринимателей,2024-01-07,2234553.0,итого
    средства индивидуальных предпринимателей,2024-01-08,2251680.0,итого
    средства индивидуальных предпринимателей,2024-01-09,2340585.0,итого
    средства индивидуальных предпринимателей,2024-01-10,2414340.0,итого
    средства индивидуальных предпринимателей,2024-01-11,2386789.0,итого
    средства индивидуальных предпринимателей,2024-01-12,2415608.0,итого
    средства индивидуальных предпринимателей,2025-01-01,2595443.0,итого
    средства индивидуальных предпринимателей,2025-01-02,2533372.0,итого
    средства индивидуальных предпринимателей,2025-01-03,2450576.0,итого
    средства индивидуальных предпринимателей,2025-01-04,2482710.0,итого
    средства индивидуальных предпринимателей,2025-01-05,2386393.0,итого
    средства индивидуальных предпринимателей,2025-01-06,2473810.0,итого
    средства индивидуальных предпринимателей,2025-01-07,2529420.0,итого
    средства индивидуальных предпринимателей,2025-01-08,2552940.0,итого
    средства индивидуальных предпринимателей,2025-01-09,2658332.0,итого
    средства индивидуальных предпринимателей,2025-01-10,2724013.0,итого
    средства индивидуальных предпринимателей,2025-01-11,2700149.0,итого
    средства индивидуальных предпринимателей,2025-01-12,2708306.0,итого
    средства индивидуальных предпринимателей,2026-01-01,2872305.0,итого
    средства индивидуальных предпринимателей,2026-01-02,2766606.0,итого
    средства индивидуальных предпринимателей,2026-01-03,2707060.0,итого
    средства индивидуальных предпринимателей,2026-01-04,2692624.0,итого
    средства индивидуальных предпринимателей,2026-01-05,2585151.0,итого
    средства на счетах организаций,2012-01-02,5371482.0,итого
    средства на счетах организаций,2012-01-03,5269549.0,итого
    средства на счетах организаций,2012-01-04,5270824.0,итого
    средства на счетах организаций,2012-01-05,4943407.0,итого
    средства на счетах организаций,2012-01-06,5128351.0,итого
    средства на счетах организаций,2012-01-07,5032769.0,итого
    средства на счетах организаций,2012-01-08,4997465.0,итого
    средства на счетах организаций,2012-01-09,4720767.0,итого
    средства на счетах организаций,2012-01-10,4976311.0,итого
    средства на счетах организаций,2012-01-11,5061618.0,итого
    средства на счетах организаций,2012-01-12,5094078.0,итого
    средства на счетах организаций,2013-01-01,5371537.0,итого
    средства на счетах организаций,2013-01-02,5718824.0,итого
    средства на счетах организаций,2013-01-03,5703195.0,итого
    средства на счетах организаций,2013-01-04,5652205.0,итого
    средства на счетах организаций,2013-01-05,5281577.0,итого
    средства на счетах организаций,2013-01-06,5522081.0,итого
    средства на счетах организаций,2013-01-07,5822157.0,итого
    средства на счетах организаций,2013-01-08,5684013.0,итого
    средства на счетах организаций,2013-01-09,5538807.0,итого
    средства на счетах организаций,2013-01-10,5731590.0,итого
    средства на счетах организаций,2013-01-11,5584848.0,итого
    средства на счетах организаций,2013-01-12,5741698.0,итого
    средства на счетах организаций,2014-01-01,6148972.0,итого
    средства на счетах организаций,2014-01-02,6762842.0,итого
    средства на счетах организаций,2014-01-03,6869255.0,итого
    средства на счетах организаций,2014-01-04,6860409.0,итого
    средства на счетах организаций,2014-01-05,6342013.0,итого
    средства на счетах организаций,2014-01-06,6364117.0,итого
    средства на счетах организаций,2014-01-07,6363880.0,итого
    средства на счетах организаций,2014-01-08,6021297.0,итого
    средства на счетах организаций,2014-01-09,5902982.0,итого
    средства на счетах организаций,2014-01-10,6079524.0,итого
    средства на счетах организаций,2014-01-11,5841603.0,итого
    средства на счетах организаций,2014-01-12,6335370.0,итого
    средства на счетах организаций,2015-01-01,6876771.0,итого
    средства на счетах организаций,2015-01-02,8749092.0,итого
    средства на счетах организаций,2015-01-03,8267503.0,итого
    средства на счетах организаций,2015-01-04,8111236.0,итого
    средства на счетах организаций,2015-01-05,7579542.0,итого
    средства на счетах организаций,2015-01-06,7700457.0,итого
    средства на счетах организаций,2015-01-07,7820955.0,итого
    средства на счетах организаций,2015-01-08,7522718.0,итого
    средства на счетах организаций,2015-01-09,8228449.0,итого
    средства на счетах организаций,2015-01-10,8656936.0,итого
    средства на счетах организаций,2015-01-11,8278863.0,итого
    средства на счетах организаций,2015-01-12,8623892.0,итого
    средства на счетах организаций,2016-01-01,8826122.0,итого
    средства на счетах организаций,2016-01-02,9840997.0,итого
    средства на счетах организаций,2016-01-03,10350378.0,итого
    средства на счетах организаций,2016-01-04,10363590.0,итого
    средства на счетах организаций,2016-01-05,9434986.0,итого
    средства на счетах организаций,2016-01-06,9866161.0,итого
    средства на счетах организаций,2016-01-07,9538573.0,итого
    средства на счетах организаций,2016-01-08,9051954.0,итого
    средства на счетах организаций,2016-01-09,9031516.0,итого
    средства на счетах организаций,2016-01-10,8844874.0,итого
    средства на счетах организаций,2016-01-11,8846383.0,итого
    средства на счетах организаций,2016-01-12,9067227.0,итого
    средства на счетах организаций,2017-01-01,8624242.0,итого
    средства на счетах организаций,2017-01-02,9604827.0,итого
    средства на счетах организаций,2017-01-03,9230440.0,итого
    средства на счетах организаций,2017-01-04,8731338.0,итого
    средства на счетах организаций,2017-01-05,8330609.0,итого
    средства на счетах организаций,2017-01-06,8781606.0,итого
    средства на счетах организаций,2017-01-07,8708652.0,итого
    средства на счетах организаций,2017-01-08,8726706.0,итого
    средства на счетах организаций,2017-01-09,8597512.0,итого
    средства на счетах организаций,2017-01-10,8344416.0,итого
    средства на счетах организаций,2017-01-11,8499233.0,итого
    средства на счетах организаций,2017-01-12,8807656.0,итого
    средства на счетах организаций,2018-01-01,8925991.0,итого
    средства на счетах организаций,2018-01-02,9521670.0,итого
    средства на счетах организаций,2018-01-03,9085887.0,итого
    средства на счетах организаций,2018-01-04,9208589.0,итого
    средства на счетах организаций,2018-01-05,8988423.0,итого
    средства на счетах организаций,2018-01-06,9314643.0,итого
    средства на счетах организаций,2018-01-07,9281052.0,итого
    средства на счетах организаций,2018-01-08,9047243.0,итого
    средства на счетах организаций,2018-01-09,8996478.0,итого
    средства на счетах организаций,2018-01-10,9219071.0,итого
    средства на счетах организаций,2018-01-11,8921617.0,итого
    средства на счетах организаций,2018-01-12,9340558.0,итого
    средства на счетах организаций,2019-01-01,9512273.0,итого
    средства на счетах организаций,2019-01-02,9703181.0,итого
    средства на счетах организаций,2019-01-03,9895339.0,итого
    средства на счетах организаций,2019-01-04,9921280.0,итого
    средства на счетах организаций,2019-01-05,9595835.0,итого
    средства на счетах организаций,2019-01-06,9694539.0,итого
    средства на счетах организаций,2019-01-07,9626869.0,итого
    средства на счетах организаций,2019-01-08,9649012.0,итого
    средства на счетах организаций,2019-01-09,9878166.0,итого
    средства на счетах организаций,2019-01-10,9994108.0,итого
    средства на счетах организаций,2019-01-11,9810675.0,итого
    средства на счетах организаций,2019-01-12,9913625.0,итого
    средства на счетах организаций,2020-01-01,9733537.0,итого
    средства на счетах организаций,2020-01-02,10316928.0,итого
    средства на счетах организаций,2020-01-03,10621675.0,итого
    средства на счетах организаций,2020-01-04,11669290.0,итого
    средства на счетах организаций,2020-01-05,11124917.0,итого
    средства на счетах организаций,2020-01-06,11213862.0,итого
    средства на счетах организаций,2020-01-07,11374099.0,итого
    средства на счетах организаций,2020-01-08,11350774.0,итого
    средства на счетах организаций,2020-01-09,12248241.0,итого
    средства на счетах организаций,2020-01-10,12551341.0,итого
    средства на счетах организаций,2020-01-11,12377154.0,итого
    средства на счетах организаций,2020-01-12,13237910.0,итого
    средства на счетах организаций,2021-01-01,13041958.0,итого
    средства на счетах организаций,2021-01-02,14120772.0,итого
    средства на счетах организаций,2021-01-03,14362062.0,итого
    средства на счетах организаций,2021-01-04,14286717.0,итого
    средства на счетах организаций,2021-01-05,13880911.0,итого
    средства на счетах организаций,2021-01-06,14719055.0,итого
    средства на счетах организаций,2021-01-07,14680241.0,итого
    средства на счетах организаций,2021-01-08,14103006.0,итого
    средства на счетах организаций,2021-01-09,14824183.0,итого
    средства на счетах организаций,2021-01-10,14931551.0,итого
    средства на счетах организаций,2021-01-11,14667015.0,итого
    средства на счетах организаций,2021-01-12,15747924.0,итого
    средства на счетах организаций,2022-01-01,15512088.0,итого
    средства на счетах организаций,2022-01-02,17508916.0,итого
    средства на счетах организаций,2022-01-03,18229897.0,итого
    средства на счетах организаций,2022-01-04,17280783.0,итого
    средства на счетах организаций,2022-01-05,16919172.0,итого
    средства на счетах организаций,2022-01-06,17797098.0,итого
    средства на счетах организаций,2022-01-07,17320931.0,итого
    средства на счетах организаций,2022-01-08,17951401.0,итого
    средства на счетах организаций,2022-01-09,19355717.0,итого
    средства на счетах организаций,2022-01-10,19293488.0,итого
    средства на счетах организаций,2022-01-11,18919303.0,итого
    средства на счетах организаций,2022-01-12,18394681.0,итого
    средства на счетах организаций,2023-01-01,18495147.0,итого
    средства на счетах организаций,2023-01-02,20795188.0,итого
    средства на счетах организаций,2023-01-03,20842485.0,итого
    средства на счетах организаций,2023-01-04,19286175.0,итого
    средства на счетах организаций,2023-01-05,18739625.0,итого
    средства на счетах организаций,2023-01-06,19431241.0,итого
    средства на счетах организаций,2023-01-07,19222109.0,итого
    средства на счетах организаций,2023-01-08,19459513.0,итого
    средства на счетах организаций,2023-01-09,20225625.0,итого
    средства на счетах организаций,2023-01-10,20190068.0,итого
    средства на счетах организаций,2023-01-11,20073153.0,итого
    средства на счетах организаций,2023-01-12,20039289.0,итого
    средства на счетах организаций,2024-01-01,19689203.0,итого
    средства на счетах организаций,2024-01-02,20298496.0,итого
    средства на счетах организаций,2024-01-03,20662907.0,итого
    средства на счетах организаций,2024-01-04,20344429.0,итого
    средства на счетах организаций,2024-01-05,20795972.0,итого
    средства на счетах организаций,2024-01-06,20303994.0,итого
    средства на счетах организаций,2024-01-07,20188138.0,итого
    средства на счетах организаций,2024-01-08,20722164.0,итого
    средства на счетах организаций,2024-01-09,20419360.0,итого
    средства на счетах организаций,2024-01-10,20832283.0,итого
    средства на счетах организаций,2024-01-11,20465655.0,итого
    средства на счетах организаций,2024-01-12,20234055.0,итого
    средства на счетах организаций,2025-01-01,20072720.0,итого
    средства на счетах организаций,2025-01-02,21495073.0,итого
    средства на счетах организаций,2025-01-03,21710817.0,итого
    средства на счетах организаций,2025-01-04,21403090.0,итого
    средства на счетах организаций,2025-01-05,20604502.0,итого
    средства на счетах организаций,2025-01-06,20892328.0,итого
    средства на счетах организаций,2025-01-07,21035483.0,итого
    средства на счетах организаций,2025-01-08,20929000.0,итого
    средства на счетах организаций,2025-01-09,21194775.0,итого
    средства на счетах организаций,2025-01-10,22151816.0,итого
    средства на счетах организаций,2025-01-11,22308251.0,итого
    средства на счетах организаций,2025-01-12,22895314.0,итого
    средства на счетах организаций,2026-01-01,21314879.0,итого
    средства на счетах организаций,2026-01-02,22414205.0,итого
    средства на счетах организаций,2026-01-03,22660672.0,итого
    средства на счетах организаций,2026-01-04,22499886.0,итого
    средства на счетах организаций,2026-01-05,22320864.0,итого
"Средства клиентов, всего",2012-01-02,25865164.0,итого
"Средства клиентов, всего",2012-01-03,25709969.0,итого
"Средства клиентов, всего",2012-01-04,25983220.0,итого
"Средства клиентов, всего",2012-01-05,26328766.0,итого
"Средства клиентов, всего",2012-01-06,27253671.0,итого
"Средства клиентов, всего",2012-01-07,27502914.0,итого
"Средства клиентов, всего",2012-01-08,27669287.0,итого
"Средства клиентов, всего",2012-01-09,28114589.0,итого
"Средства клиентов, всего",2012-01-10,28425721.0,итого
"Средства клиентов, всего",2012-01-11,29023995.0,итого
"Средства клиентов, всего",2012-01-12,29082516.0,итого
"Средства клиентов, всего",2013-01-01,30507840.0,итого
"Средства клиентов, всего",2013-01-02,29886367.0,итого
"Средства клиентов, всего",2013-01-03,30660358.0,итого
"Средства клиентов, всего",2013-01-04,31293206.0,итого
"Средства клиентов, всего",2013-01-05,32035379.0,итого
"Средства клиентов, всего",2013-01-06,32470300.0,итого
"Средства клиентов, всего",2013-01-07,32900214.0,итого
"Средства клиентов, всего",2013-01-08,33658679.0,итого
"Средства клиентов, всего",2013-01-09,33907015.0,итого
"Средства клиентов, всего",2013-01-10,34019486.0,итого
"Средства клиентов, всего",2013-01-11,34022917.0,итого
"Средства клиентов, всего",2013-01-12,34523683.0,итого
"Средства клиентов, всего",2014-01-01,35277417.0,итого
"Средства клиентов, всего",2014-01-02,35752062.0,итого
"Средства клиентов, всего",2014-01-03,36629577.0,итого
"Средства клиентов, всего",2014-01-04,36341531.0,итого
"Средства клиентов, всего",2014-01-05,36604100.0,итого
"Средства клиентов, всего",2014-01-06,36846341.0,итого
"Средства клиентов, всего",2014-01-07,36571825.0,итого
"Средства клиентов, всего",2014-01-08,36930354.0,итого
"Средства клиентов, всего",2014-01-09,37373009.0,итого
"Средства клиентов, всего",2014-01-10,37937905.0,итого
"Средства клиентов, всего",2014-01-11,39400841.0,итого
"Средства клиентов, всего",2014-01-12,41167719.0,итого
"Средства клиентов, всего",2015-01-01,42658289.0,итого
"Средства клиентов, всего",2015-01-02,47174626.0,итого
"Средства клиентов, всего",2015-01-03,44878561.0,итого
"Средства клиентов, всего",2015-01-04,44005909.0,итого
"Средства клиентов, всего",2015-01-05,42771686.0,итого
"Средства клиентов, всего",2015-01-06,43169947.0,итого
"Средства клиентов, всего",2015-01-07,44123777.0,итого
"Средства клиентов, всего",2015-01-08,45076653.0,итого
"Средства клиентов, всего",2015-01-09,47852607.0,итого
"Средства клиентов, всего",2015-01-10,48782129.0,итого
"Средства клиентов, всего",2015-01-11,48505199.0,итого
"Средства клиентов, всего",2015-01-12,49389072.0,итого
"Средства клиентов, всего",2016-01-01,51590202.0,итого
"Средства клиентов, всего",2016-01-02,52340319.0,итого
"Средства клиентов, всего",2016-01-03,52566606.0,итого
"Средства клиентов, всего",2016-01-04,50846687.0,итого
"Средства клиентов, всего",2016-01-05,50500386.0,итого
"Средства клиентов, всего",2016-01-06,51236307.0,итого
"Средства клиентов, всего",2016-01-07,50713317.0,итого
"Средства клиентов, всего",2016-01-08,50883820.0,итого
"Средства клиентов, всего",2016-01-09,50635060.0,итого
"Средства клиентов, всего",2016-01-10,50779175.0,итого
"Средства клиентов, всего",2016-01-11,50699256.0,итого
"Средства клиентов, всего",2016-01-12,50975042.0,итого
"Средства клиентов, всего",2017-01-01,50113510.0,итого
"Средства клиентов, всего",2017-01-02,51004557.0,итого
"Средства клиентов, всего",2017-01-03,50841970.0,итого
"Средства клиентов, всего",2017-01-04,50366464.0,итого
"Средства клиентов, всего",2017-01-05,50468656.0,итого
"Средства клиентов, всего",2017-01-06,50844499.0,итого
"Средства клиентов, всего",2017-01-07,51678914.0,итого
"Средства клиентов, всего",2017-01-08,51381806.0,итого
"Средства клиентов, всего",2017-01-09,51665859.0,итого
"Средства клиентов, всего",2017-01-10,51871294.0,итого
"Средства клиентов, всего",2017-01-11,51846452.0,итого
"Средства клиентов, всего",2017-01-12,52478392.0,итого
"Средства клиентов, всего",2018-01-01,53117284.0,итого
"Средства клиентов, всего",2018-01-02,53220553.0,итого
"Средства клиентов, всего",2018-01-03,52931477.0,итого
"Средства клиентов, всего",2018-01-04,53905201.0,итого
"Средства клиентов, всего",2018-01-05,55058338.0,итого
"Средства клиентов, всего",2018-01-06,55282899.0,итого
"Средства клиентов, всего",2018-01-07,55804257.0,итого
"Средства клиентов, всего",2018-01-08,55602941.0,итого
"Средства клиентов, всего",2018-01-09,57031865.0,итого
"Средства клиентов, всего",2018-01-10,57096296.0,итого
"Средства клиентов, всего",2018-01-11,57504742.0,итого
"Средства клиентов, всего",2018-01-12,58481824.0,итого
"Средства клиентов, всего",2019-01-01,60207366.0,итого
"Средства клиентов, всего",2019-01-02,59604913.0,итого
"Средства клиентов, всего",2019-01-03,60364369.0,итого
"Средства клиентов, всего",2019-01-04,60514032.0,итого
"Средства клиентов, всего",2019-01-05,61077075.0,итого
"Средства клиентов, всего",2019-01-06,61628250.0,итого
"Средства клиентов, всего",2019-01-07,61237764.0,итого
"Средства клиентов, всего",2019-01-08,62099109.0,итого
"Средства клиентов, всего",2019-01-09,63436400.0,итого
"Средства клиентов, всего",2019-01-10,63499135.0,итого
"Средства клиентов, всего",2019-01-11,63639758.0,итого
"Средства клиентов, всего",2019-01-12,64034218.0,итого
"Средства клиентов, всего",2020-01-01,63624267.0,итого
"Средства клиентов, всего",2020-01-02,64035076.0,итого
"Средства клиентов, всего",2020-01-03,64858383.0,итого
"Средства клиентов, всего",2020-01-04,68434888.0,итого
"Средства клиентов, всего",2020-01-05,67601533.0,итого
"Средства клиентов, всего",2020-01-06,66860018.0,итого
"Средства клиентов, всего",2020-01-07,67667780.0,итого
"Средства клиентов, всего",2020-01-08,68676951.0,итого
"Средства клиентов, всего",2020-01-09,69709566.0,итого
"Средства клиентов, всего",2020-01-10,72012377.0,итого
"Средства клиентов, всего",2020-01-11,72666040.0,итого
"Средства клиентов, всего",2020-01-12,73517421.0,итого
"Средства клиентов, всего",2021-01-01,73771677.0,итого
"Средства клиентов, всего",2021-01-02,73838155.0,итого
"Средства клиентов, всего",2021-01-03,75804396.0,итого
"Средства клиентов, всего",2021-01-04,77400533.0,итого
"Средства клиентов, всего",2021-01-05,78952507.0,итого
"Средства клиентов, всего",2021-01-06,80182644.0,итого
"Средства клиентов, всего",2021-01-07,79677736.0,итого
"Средства клиентов, всего",2021-01-08,80881738.0,итого
"Средства клиентов, всего",2021-01-09,81784508.0,итого
"Средства клиентов, всего",2021-01-10,83231781.0,итого
"Средства клиентов, всего",2021-01-11,82940803.0,итого
"Средства клиентов, всего",2021-01-12,85410320.0,итого
"Средства клиентов, всего",2022-01-01,85926736.0,итого
"Средства клиентов, всего",2022-01-02,86889212.0,итого
"Средства клиентов, всего",2022-01-03,86072486.0,итого
"Средства клиентов, всего",2022-01-04,88808411.0,итого
"Средства клиентов, всего",2022-01-05,87584387.0,итого
"Средства клиентов, всего",2022-01-06,87584318.0,итого
"Средства клиентов, всего",2022-01-07,84942438.0,итого
"Средства клиентов, всего",2022-01-08,87294504.0,итого
"Средства клиентов, всего",2022-01-09,88371606.0,итого
"Средства клиентов, всего",2022-01-10,87792781.0,итого
"Средства клиентов, всего",2022-01-11,88734922.0,итого
"Средства клиентов, всего",2022-01-12,90354185.0,итого
"Средства клиентов, всего",2023-01-01,97131762.0,итого
"Средства клиентов, всего",2023-01-02,95966355.0,итого
"Средства клиентов, всего",2023-01-03,97025476.0,итого
"Средства клиентов, всего",2023-01-04,99065379.0,итого
"Средства клиентов, всего",2023-01-05,99445568.0,итого
"Средства клиентов, всего",2023-01-06,101637395.0,итого
"Средства клиентов, всего",2023-01-07,104208369.0,итого
"Средства клиентов, всего",2023-01-08,106817430.0,итого
"Средства клиентов, всего",2023-01-09,110256181.0,итого
"Средства клиентов, всего",2023-01-10,111411180.0,итого
"Средства клиентов, всего",2023-01-11,112941163.0,итого
"Средства клиентов, всего",2023-01-12,114399708.0,итого
"Средства клиентов, всего",2024-01-01,117280871.0,итого
"Средства клиентов, всего",2024-01-02,119104831.0,итого
"Средства клиентов, всего",2024-01-03,119320840.0,итого
"Средства клиентов, всего",2024-01-04,120995072.0,итого
"Средства клиентов, всего",2024-01-05,122814399.0,итого
"Средства клиентов, всего",2024-01-06,125091119.0,итого
"Средства клиентов, всего",2024-01-07,125358136.0,итого
"Средства клиентов, всего",2024-01-08,127292465.0,итого
"Средства клиентов, всего",2024-01-09,129880173.0,итого
"Средства клиентов, всего",2024-01-10,131851718.0,итого
"Средства клиентов, всего",2024-01-11,134420394.0,итого
"Средства клиентов, всего",2024-01-12,137526565.0,итого
"Средства клиентов, всего",2025-01-01,138348420.0,итого
"Средства клиентов, всего",2025-01-02,137912102.0,итого
"Средства клиентов, всего",2025-01-03,136738429.0,итого
"Средства клиентов, всего",2025-01-04,135933418.0,итого
"Средства клиентов, всего",2025-01-05,136842305.0,итого
"Средства клиентов, всего",2025-01-06,136576723.0,итого
"Средства клиентов, всего",2025-01-07,136971049.0,итого
"Средства клиентов, всего",2025-01-08,138935361.0,итого
"Средства клиентов, всего",2025-01-09,140792992.0,итого
"Средства клиентов, всего",2025-01-10,142483254.0,итого
"Средства клиентов, всего",2025-01-11,144946940.0,итого
"Средства клиентов, всего",2025-01-12,147321252.0,итого
"Средства клиентов, всего",2026-01-01,149109378.0,итого
"Средства клиентов, всего",2026-01-02,147893938.0,итого
"Средства клиентов, всего",2026-01-03,148277802.0,итого
"Средства клиентов, всего",2026-01-04,148235032.0,итого
"Средства клиентов, всего",2026-01-05,148888156.0,итого
